,2015,Temp. (°F),,,Dew Point (°F),,,Humidity (%),,,Sea Level Press. (in),,,Visibility (mi),,,Wind (mph),,,Precip. (in),Events
1/1/2015,1,32,23,14,15,10,3,68,59,49,30.16,30.08,29.99,10,10,10,24,15,30,0,
1/2/2015,2,34,25,15,21,18,13,84,66,47,30.34,30.25,30.16,10,10,10,12,5,13,0,
1/3/2015,3,34,32,29,34,30,21,100,85,69,30.15,29.91,29.77,10,3,1,13,6,14,0.57,"Rain , Snow"
1/4/2015,4,33,18,2,32,18,-8,96,77,58,30.53,30.01,29.71,10,4,0,26,16,31,0.13,"Fog , Snow"
1/5/2015,5,6,2,-3,2,-4,-11,87,73,59,30.68,30.51,30.37,10,6,1,22,10,26,0.15,Snow
1/6/2015,6,10,3,-5,2,-1,-6,95,81,66,30.42,30.34,30.29,10,8,2,24,14,30,0.01,Snow
1/7/2015,7,6,0,-6,-4,-12,-15,69,60,51,30.83,30.67,30.37,10,10,10,28,17,33,0,
1/8/2015,8,18,5,-8,13,1,-15,83,74,64,30.65,29.99,29.77,10,3,0,28,18,39,0.06,Snow
1/9/2015,9,11,6,0,5,-4,-10,76,65,54,30.46,30.25,29.93,10,8,2,30,17,38,T,Snow
1/10/2015,10,24,11,-2,12,2,-7,86,70,53,30.47,30.38,30.28,10,10,10,22,12,27,0,
1/11/2015,11,32,27,22,27,22,11,92,73,54,30.29,30.26,30.23,10,5,0,18,8,21,0.19,"Fog , Snow"
1/12/2015,12,28,22,15,27,12,4,92,72,51,30.7,30.47,30.23,10,9,2,21,13,25,T,Snow
1/13/2015,13,19,11,3,10,8,2,83,73,62,30.76,30.65,30.49,10,8,2,20,8,23,T,Snow
1/14/2015,14,19,10,1,11,7,0,91,79,67,30.45,30.34,30.22,10,9,6,14,6,18,T,Snow
1/15/2015,15,34,26,17,22,18,11,88,75,61,30.2,30.06,29.97,10,10,9,21,10,27,0,
1/16/2015,16,34,29,23,25,23,20,88,76,64,30.21,30.12,30,10,10,7,15,8,18,0,
1/17/2015,17,42,34,26,32,29,22,88,74,60,29.96,29.7,29.61,10,10,7,28,15,37,0,
1/18/2015,18,40,34,27,31,28,25,92,78,64,30.01,29.82,29.64,10,10,9,20,10,24,T,Snow
1/19/2015,19,41,33,25,30,27,23,100,82,64,30.04,29.98,29.88,10,10,9,12,5,13,T,Snow
1/20/2015,20,36,33,29,33,30,27,96,91,85,30.03,29.93,29.83,10,7,3,17,7,23,T,
1/21/2015,21,33,31,29,29,26,21,92,81,69,30.29,30.1,29.99,10,9,7,14,8,17,0.01,Snow
1/22/2015,22,31,30,28,24,23,21,78,75,72,30.45,30.38,30.26,10,10,8,15,7,19,0,
1/23/2015,23,31,30,29,24,23,22,85,77,69,30.35,30.11,29.82,10,10,9,17,12,24,0,
1/24/2015,24,43,36,29,31,28,24,89,77,65,29.79,29.7,29.62,10,10,9,18,8,24,0,
1/25/2015,25,34,29,24,32,24,15,96,80,63,30.01,29.83,29.66,10,6,1,26,15,35,0.08,Snow
1/26/2015,26,26,21,15,24,20,12,100,84,68,30.01,29.92,29.85,10,6,2,13,6,16,0.07,Snow
1/27/2015,27,32,26,20,25,21,15,92,73,53,30.29,30.14,29.93,10,9,5,13,6,15,T,Snow
1/28/2015,28,34,27,19,26,19,13,88,69,49,30.31,30.14,29.82,10,10,10,20,11,25,0.01,Rain
1/29/2015,29,35,32,28,29,26,19,82,69,56,30.34,29.96,29.69,10,8,1,26,14,35,0.01,Snow
1/30/2015,30,30,24,18,14,10,7,73,58,42,30.55,30.46,30.36,10,10,10,20,7,27,T,
1/31/2015,31,36,28,19,29,24,14,92,76,59,30.34,30.21,30.14,10,7,1,16,7,19,0.12,Snow
2/1/2015,1,31,25,19,30,23,16,100,92,84,30.14,29.88,29.75,1,0,0,30,18,39,0.87,"Fog , Snow"
2/2/2015,2,19,13,6,11,4,0,88,71,53,30.25,30.15,29.93,10,7,1,24,13,31,0.05,Snow
2/3/2015,3,26,14,2,22,15,1,88,78,68,30.2,30.09,29.99,10,6,0,15,5,18,0.09,"Fog , Snow"
2/4/2015,4,25,15,4,23,12,-4,96,79,61,30.42,30.15,29.97,10,6,2,20,11,24,0.02,Snow
2/5/2015,5,15,7,-2,4,-3,-8,86,69,51,30.53,30.42,30.26,10,10,10,20,9,25,0,
2/6/2015,6,31,22,13,23,14,5,88,73,57,30.25,30.14,29.96,10,10,10,18,9,26,0,
2/7/2015,7,41,30,18,36,29,19,100,85,70,29.95,29.77,29.61,10,9,5,16,8,21,0,
2/8/2015,8,39,32,25,35,30,24,100,93,85,30.01,29.79,29.57,10,4,2,23,10,29,0.01,"Rain , Snow"
2/9/2015,9,27,23,19,23,19,15,100,84,68,30.28,30.18,30.01,10,9,6,21,12,25,T,Snow
2/10/2015,10,33,24,14,20,17,14,81,69,56,30.28,30.2,30.05,10,10,10,20,8,24,0,
2/11/2015,11,35,27,18,29,22,7,85,73,60,30.13,30.03,29.95,10,9,4,23,13,28,T,
2/12/2015,12,18,13,8,7,-1,-5,67,57,47,30.5,30.41,30.15,10,10,5,28,13,34,T,Snow
2/13/2015,13,26,16,5,18,8,-2,83,72,61,30.44,30.17,29.9,10,10,10,21,11,26,T,Snow
2/14/2015,14,27,14,1,20,3,-13,77,61,45,30.51,30.07,29.77,10,8,1,38,19,48,T,Snow
2/15/2015,15,15,6,-3,7,0,-14,76,64,51,30.6,30.52,30.42,10,7,1,21,9,25,0.03,Snow
2/16/2015,16,18,12,5,6,-2,-8,67,52,36,30.42,30.18,30,10,10,9,12,5,14,0,
2/17/2015,17,19,14,8,13,7,-2,80,67,54,30,29.94,29.9,10,8,2,20,12,24,T,Snow
2/18/2015,18,8,3,-3,-2,-7,-16,79,64,49,30.29,30.08,29.88,10,9,4,26,15,32,T,Snow
2/19/2015,19,4,-2,-8,-11,-15,-18,65,55,44,30.43,30.39,30.3,10,10,10,23,11,27,0,
2/20/2015,20,18,6,-7,8,0,-12,76,63,49,30.41,30.16,29.98,10,8,2,24,13,29,0.01,Snow
2/21/2015,21,32,25,17,22,17,10,77,68,58,30.17,30.01,29.93,10,8,7,12,4,15,T,Snow
2/22/2015,22,28,15,2,20,4,-10,75,60,45,30.71,30.44,30.19,10,10,7,22,13,24,T,Snow
2/23/2015,23,12,4,-4,-7,-10,-15,62,50,38,30.76,30.61,30.3,10,10,10,21,10,25,0,
2/24/2015,24,29,17,4,21,8,-6,75,63,50,30.25,29.84,29.7,10,9,2,26,16,35,0.01,Snow
2/25/2015,25,26,18,10,17,11,-3,92,67,42,30.06,30,29.87,10,5,1,15,8,20,0.17,Snow
2/26/2015,26,19,10,0,14,7,-8,88,69,49,30.47,30.19,30.02,10,4,0,20,13,23,0.17,"Fog , Snow"
2/27/2015,27,14,6,-2,-4,-6,-10,72,59,46,30.71,30.62,30.47,10,10,10,14,8,17,0,
2/28/2015,28,21,6,-10,14,2,-13,91,65,39,30.77,30.63,30.48,10,8,2,13,5,15,0.02,Snow
3/1/2015,1,25,18,10,17,13,7,92,80,67,30.46,30.37,30.27,10,7,2,17,7,23,T,Snow
3/2/2015,2,33,23,13,19,12,7,80,60,39,30.55,30.43,30.25,10,10,10,15,7,18,0,
3/3/2015,3,34,29,24,31,25,16,92,78,63,30.23,29.84,29.62,10,5,1,23,13,29,0.13,"Rain , Snow"
3/4/2015,4,31,21,10,23,7,-3,81,60,39,30.38,30.15,29.87,10,10,10,23,13,31,0,
3/5/2015,5,16,10,3,-2,-4,-8,69,56,42,30.58,30.5,30.38,10,10,10,16,10,23,0,
3/6/2015,6,27,14,0,17,8,-4,83,69,54,30.55,30.33,30.14,10,10,9,24,13,30,0,
3/7/2015,7,44,34,24,29,25,17,82,68,53,30.15,30.07,29.99,10,9,7,20,10,24,0,
3/8/2015,8,40,34,28,31,26,24,85,70,54,30.24,30.17,30.13,10,10,10,16,7,20,0,
3/9/2015,9,50,38,25,36,28,21,92,69,45,30.21,30.15,30.08,10,9,4,14,6,17,0,
3/10/2015,10,51,43,35,41,37,33,100,83,66,30.09,30.02,29.95,8,3,0,14,7,18,0,Fog
3/11/2015,11,51,41,30,37,30,21,100,67,34,30.45,30.24,30.04,10,7,2,16,6,19,0,
3/12/2015,12,56,42,28,30,28,24,78,57,35,30.51,30.44,30.34,10,10,10,18,9,22,0,
3/13/2015,13,65,51,37,42,33,29,80,54,28,30.32,30.14,29.98,10,10,10,13,6,16,0,
3/14/2015,14,60,49,37,42,35,31,82,61,39,30.2,30.04,29.97,10,10,8,26,12,31,0,
3/15/2015,15,62,46,29,38,33,27,92,64,36,30.28,30.15,29.97,10,10,10,24,10,30,0,
3/16/2015,16,73,58,42,47,38,33,83,59,35,29.97,29.88,29.72,10,10,10,30,13,39,0,
3/17/2015,17,45,37,28,37,23,10,86,57,27,30.36,30.22,29.98,10,10,10,30,14,40,0,
3/18/2015,18,50,39,28,20,16,9,69,45,21,30.36,30.31,30.25,10,10,10,14,5,17,0,
3/19/2015,19,46,42,37,29,18,13,60,43,25,30.28,30.21,30.1,10,10,10,22,8,26,0,
3/20/2015,20,50,44,38,37,34,29,85,71,56,30.11,30.07,30.01,10,10,6,18,9,23,0,
3/21/2015,21,49,41,32,37,32,25,92,73,53,30.25,30.11,29.95,10,8,4,21,10,29,0,
3/22/2015,22,35,31,26,27,20,12,85,64,43,30.34,30.29,30.25,10,8,1,18,11,24,0.02,Snow
3/23/2015,23,31,30,28,27,25,21,92,85,78,30.31,30.26,30.22,10,4,0,17,11,27,0.61,"Fog , Snow"
3/24/2015,24,37,28,19,27,21,16,88,68,47,30.31,30.22,29.93,10,10,8,22,11,24,0.04,Rain
3/25/2015,25,41,38,35,36,34,29,100,87,73,30.06,29.91,29.76,10,6,1,22,11,28,0.25,Rain
3/26/2015,26,42,37,31,29,25,17,82,66,50,30.09,30,29.95,10,10,10,17,11,25,0,
3/27/2015,27,31,26,21,24,16,8,84,64,43,30.24,30.14,30.06,10,7,2,23,12,29,0.04,Snow
3/28/2015,28,36,28,20,15,11,6,74,52,29,30.37,30.31,30.24,10,10,10,15,7,19,0,
3/29/2015,29,47,36,24,37,25,14,79,63,47,30.28,29.99,29.75,10,9,4,30,15,36,0.01,"Rain , Snow"
3/30/2015,30,61,48,34,36,31,27,76,54,32,30.07,29.96,29.74,10,10,10,22,11,30,T,
3/31/2015,31,58,49,39,39,35,32,93,67,40,29.97,29.87,29.68,10,9,3,23,9,29,0,
4/1/2015,1,72,54,35,38,36,32,89,58,26,30.06,29.95,29.79,10,10,9,28,12,34,0,
4/2/2015,2,65,58,50,54,44,32,93,67,40,29.86,29.72,29.64,10,9,4,23,11,28,0.36,Rain
4/3/2015,3,53,42,30,33,29,27,92,65,38,30.19,29.97,29.81,10,10,10,22,10,26,T,Rain
4/4/2015,4,58,43,28,27,22,18,85,54,23,30.29,30.2,30.09,10,10,10,29,11,37,0,
4/5/2015,5,66,51,36,33,26,19,85,52,18,30.11,30.04,29.96,10,10,10,21,10,29,0,
4/6/2015,6,62,48,34,39,35,31,89,67,44,30.09,30.01,29.97,10,10,8,17,7,22,0.04,Rain
4/7/2015,7,46,42,38,44,38,34,96,88,79,30.12,30.06,30,10,6,2,21,14,28,T,Rain
4/8/2015,8,50,45,40,45,41,37,100,90,80,30,29.94,29.87,7,3,0,17,9,25,0.05,"Fog , Rain"
4/9/2015,9,71,56,41,64,52,40,93,80,66,29.86,29.67,29.44,10,4,0,33,14,46,1.41,"Fog , Rain , Thunderstorm"
4/10/2015,10,62,51,39,42,37,30,82,60,37,30.16,29.83,29.54,10,10,10,35,17,46,T,Rain
4/11/2015,11,62,50,38,36,32,27,82,56,29,30.27,30.2,30.15,10,10,10,16,8,23,0,
4/12/2015,12,68,55,41,39,35,31,70,50,29,30.16,30.07,29.93,10,10,10,23,11,28,T,Rain
4/13/2015,13,65,57,49,54,41,26,93,59,24,30.18,29.97,29.83,10,9,4,25,13,34,0.22,"Rain , Thunderstorm"
4/14/2015,14,66,53,39,31,22,14,60,37,13,30.28,30.23,30.19,10,10,10,12,5,16,0,
4/15/2015,15,64,54,43,32,28,22,53,40,26,30.28,30.23,30.17,10,10,10,18,11,24,0,
4/16/2015,16,66,56,45,44,39,24,92,61,30,30.15,30.11,30.04,10,9,4,16,7,23,T,Rain
4/17/2015,17,78,62,45,49,45,41,93,62,31,30.11,30.04,29.98,10,9,5,14,5,17,0,
4/18/2015,18,65,56,47,47,40,32,77,62,46,30.1,30.03,29.97,10,10,7,26,10,33,0,
4/19/2015,19,68,58,48,51,41,25,100,65,30,29.96,29.6,29.26,10,7,3,16,10,23,0.46,Rain
4/20/2015,20,52,47,41,50,42,30,100,77,53,29.62,29.37,29.23,10,8,2,29,16,37,0.01,Rain
4/21/2015,21,54,46,38,33,27,22,73,53,32,29.7,29.63,29.58,10,10,10,38,20,52,T,
4/22/2015,22,46,40,34,27,24,20,70,56,41,29.9,29.8,29.69,10,10,7,26,13,32,T,Snow
4/23/2015,23,55,44,32,27,22,15,69,46,22,30.07,30.01,29.91,10,10,10,22,9,27,0,
4/24/2015,24,57,43,29,36,25,14,79,49,19,30.1,30.01,29.89,10,10,6,20,7,26,0.16,Rain
4/25/2015,25,48,44,39,42,37,30,89,76,62,29.9,29.8,29.72,10,8,4,22,13,28,0.16,Rain
4/26/2015,26,56,46,35,30,27,23,76,54,32,30.06,29.99,29.88,10,10,10,23,11,30,0,
4/27/2015,27,55,47,38,35,32,30,76,60,43,30.14,30.11,30.05,10,10,10,20,10,25,0,
4/28/2015,28,58,47,35,36,34,32,85,66,46,30.18,30.1,29.99,10,10,10,16,5,20,0,
4/29/2015,29,61,50,38,37,35,33,79,59,39,29.98,29.94,29.9,10,10,10,17,7,22,T,
4/30/2015,30,51,45,38,38,34,31,85,71,56,30.11,30,29.9,10,10,10,21,12,27,0,
5/1/2015,1,67,53,38,41,38,34,92,65,37,30.19,30.13,30.08,10,10,10,14,6,16,0,
5/2/2015,2,76,63,50,42,37,34,68,46,23,30.09,30.02,29.94,10,10,9,16,7,22,0,
5/3/2015,3,78,67,55,59,48,39,90,62,33,29.97,29.94,29.88,10,9,5,22,10,28,0.42,"Rain , Thunderstorm"
5/4/2015,4,74,65,55,58,52,37,87,68,48,30.19,30.06,29.89,10,10,10,18,9,26,T,
5/5/2015,5,56,52,47,51,47,38,100,76,51,30.25,30.21,30.17,10,4,0,15,9,19,0.95,"Fog , Rain , Thunderstorm"
5/6/2015,6,77,62,46,60,51,46,100,79,57,30.22,30.16,30.06,9,3,0,13,6,15,0,Fog
5/7/2015,7,83,68,52,62,53,48,89,60,31,30.06,29.99,29.88,10,9,7,29,11,37,0.04,Rain
5/8/2015,8,81,72,63,65,63,61,93,72,51,29.97,29.94,29.9,10,8,1,31,9,42,0.75,"Rain , Thunderstorm"
5/9/2015,9,64,56,47,63,53,42,100,86,71,30.11,30.04,29.95,10,5,0,17,9,23,0.29,"Fog , Rain"
5/10/2015,10,54,50,45,49,46,44,100,92,83,30.06,30.03,29.97,10,4,0,17,9,22,0.14,"Fog , Rain"
5/11/2015,11,68,58,47,62,53,40,100,76,52,29.95,29.84,29.76,10,8,0,28,13,37,0.22,Rain
5/12/2015,12,56,50,44,41,38,33,68,60,51,30.31,30.08,29.89,10,10,10,28,17,38,T,
5/13/2015,13,52,46,40,36,34,31,79,65,50,30.52,30.42,30.32,10,10,10,16,10,22,0,
5/14/2015,14,66,55,43,52,43,32,82,63,44,30.38,30.25,30.04,10,9,5,21,11,25,0.24,Rain
5/15/2015,15,76,67,57,63,59,53,93,77,60,30.02,29.97,29.94,10,10,4,17,8,23,T,Rain
5/16/2015,16,79,71,62,66,64,60,93,80,67,30.02,29.99,29.96,10,9,6,16,8,20,0.03,Rain
5/17/2015,17,82,74,66,69,65,60,93,74,54,29.99,29.92,29.82,10,8,2,28,16,36,T,Rain
5/18/2015,18,77,63,49,64,53,37,87,64,40,30.14,30,29.93,10,10,10,26,15,35,0,
5/19/2015,19,53,47,40,38,35,30,71,63,54,30.27,30.21,30.14,10,10,10,18,10,24,0,
5/20/2015,20,48,44,39,40,32,25,86,64,42,30.27,30.21,30.14,10,10,8,17,8,20,0.04,Rain
5/21/2015,21,69,57,45,42,37,34,76,52,27,30.13,30.07,30.01,10,10,10,18,10,25,0,
5/22/2015,22,66,57,47,41,33,25,76,50,23,30.3,30.19,30.01,10,10,10,16,9,21,0,
5/23/2015,23,80,63,46,45,39,32,61,42,23,30.35,30.26,30.17,10,10,10,20,8,23,0,
5/24/2015,24,72,66,59,62,54,45,93,71,48,30.19,30.07,29.9,10,8,2,15,7,22,0.36,Rain
5/25/2015,25,78,72,65,66,62,58,78,66,54,29.95,29.87,29.83,10,9,4,26,15,36,0.07,Rain
5/26/2015,26,74,69,64,67,64,60,93,81,68,29.93,29.83,29.74,10,8,1,31,13,43,0.5,Rain
5/27/2015,27,74,67,59,61,58,53,87,68,49,30.13,29.96,29.82,10,10,10,23,11,28,T,
5/28/2015,28,82,68,54,57,54,52,93,65,36,30.2,30.14,30.04,10,10,10,16,6,23,0,
5/29/2015,29,81,72,63,67,63,55,87,71,54,30.04,29.97,29.88,10,9,1,25,10,39,0.2,Rain
5/30/2015,30,71,58,44,65,52,38,100,88,76,30.14,30.03,29.92,10,8,3,29,14,38,0.41,Rain
5/31/2015,31,55,49,42,42,39,37,89,72,54,30.23,30.17,30.1,10,7,2,26,16,33,T,Rain
6/1/2015,1,60,52,44,43,39,34,77,60,43,30.27,30.23,30.2,10,10,10,17,9,20,0,
6/2/2015,2,70,56,42,47,43,37,83,58,33,30.22,30.15,30.08,10,10,10,15,5,21,0,
6/3/2015,3,77,64,50,55,51,44,89,68,46,30.09,30.03,29.95,10,10,8,15,7,21,0,
6/4/2015,4,81,69,57,63,59,52,86,69,51,30.01,29.98,29.94,10,10,10,14,7,19,0,
6/5/2015,5,70,63,55,59,54,50,93,80,67,30.15,30.1,29.99,10,9,0,25,15,29,0,
6/6/2015,6,71,62,52,52,49,46,89,71,53,30.18,30.12,29.98,10,10,10,14,8,20,0,
6/7/2015,7,81,68,55,71,63,47,90,79,67,29.96,29.77,29.64,10,9,3,21,12,29,0.36,"Rain , Thunderstorm"
6/8/2015,8,84,73,61,67,62,54,93,67,40,29.77,29.69,29.64,10,9,5,28,12,34,0.04,"Rain , Hail , Thunderstorm"
6/9/2015,9,85,73,60,60,57,53,84,62,40,29.83,29.77,29.7,10,10,8,15,9,20,0,
6/10/2015,10,92,80,68,67,62,57,68,56,44,29.83,29.71,29.67,10,10,10,23,12,31,0,
6/11/2015,11,72,65,58,61,57,54,93,75,57,29.87,29.83,29.77,10,8,4,20,8,23,0.27,Rain
6/12/2015,12,67,62,56,64,58,54,100,93,86,29.96,29.82,29.71,10,4,2,16,8,20,0.13,"Rain , Thunderstorm"
6/13/2015,13,86,71,56,69,61,55,100,80,59,29.96,29.93,29.86,10,5,0,17,7,23,0.4,"Fog , Rain , Thunderstorm"
6/14/2015,14,83,76,68,70,68,66,100,82,63,29.94,29.9,29.88,10,7,2,17,7,23,0.6,Rain
6/15/2015,15,80,74,68,73,70,68,93,81,69,29.96,29.91,29.85,10,6,0,18,6,25,2.56,"Fog , Rain , Thunderstorm"
6/16/2015,16,72,64,56,65,54,44,93,69,44,30.16,30.09,29.98,10,9,5,14,10,-,0,
6/17/2015,17,72,64,56,65,58,45,90,76,62,30.06,30,29.94,10,7,3,9,5,11,0.14,Rain
6/18/2015,18,79,69,58,70,65,50,100,77,54,30.06,29.95,29.91,10,7,0,21,10,26,0.27,"Fog , Rain , Thunderstorm"
6/19/2015,19,67,61,54,53,49,46,77,68,58,30.11,30.06,29.97,10,10,10,16,10,24,0,
6/20/2015,20,78,66,53,68,58,45,78,70,62,29.95,29.86,29.7,10,9,2,25,7,31,0.31,"Rain , Thunderstorm"
6/21/2015,21,84,76,67,68,65,60,100,72,44,29.94,29.88,29.8,10,10,9,16,8,21,0,
6/22/2015,22,83,75,66,74,71,65,97,83,69,29.98,29.84,29.7,10,9,4,28,10,35,0.09,"Rain , Thunderstorm"
6/23/2015,23,82,73,63,70,55,48,87,60,33,30.09,29.99,29.77,10,10,10,22,10,29,0,
6/24/2015,24,79,70,60,62,58,53,84,67,50,30.15,30.1,30.03,10,10,10,15,5,18,T,
6/25/2015,25,79,70,61,67,64,55,93,78,62,30.02,29.96,29.93,10,8,2,15,7,21,1.01,"Rain , Thunderstorm"
6/26/2015,26,67,63,58,61,58,54,97,89,81,30.02,29.99,29.94,10,6,0,16,9,21,0.13,Rain
6/27/2015,27,76,66,56,56,50,45,87,60,33,30,29.97,29.94,10,10,10,20,9,24,0,
6/28/2015,28,79,67,54,62,54,47,93,64,35,29.94,29.88,29.81,10,10,7,14,4,19,0.02,Rain
6/29/2015,29,75,70,64,65,63,60,93,79,64,29.82,29.79,29.77,10,7,3,13,4,16,0.62,"Rain , Thunderstorm"
6/30/2015,30,77,67,57,64,60,53,93,76,58,29.91,29.81,29.75,10,9,2,17,9,23,0.17,Rain
7/1/2015,1,69,62,54,55,51,49,86,72,57,30,29.96,29.92,10,10,10,14,7,22,0,
7/2/2015,2,69,61,53,55,52,48,93,76,59,30.01,30,29.97,10,9,2,17,9,21,0,
7/3/2015,3,77,66,55,56,53,48,86,66,46,29.99,29.95,29.91,10,10,10,12,4,14,0,
7/4/2015,4,81,70,59,57,56,53,84,62,39,30.03,29.98,29.94,10,9,3,10,4,15,0,
7/5/2015,5,83,72,60,62,59,55,90,68,46,30.09,30.04,29.99,10,6,1,13,5,17,0,
7/6/2015,6,85,75,64,72,67,61,93,79,65,30.01,29.91,29.82,10,7,3,26,10,32,0.49,"Rain , Thunderstorm"
7/7/2015,7,71,63,55,69,55,45,93,71,48,30.11,29.96,29.81,10,7,1,25,14,32,0.27,Rain
7/8/2015,8,67,61,54,58,54,48,93,78,63,30.12,30.04,29.93,10,8,2,13,8,17,0.07,Rain
7/9/2015,9,77,68,58,59,56,50,97,69,41,30.06,29.98,29.87,10,7,1,14,7,16,T,Rain
7/10/2015,10,83,71,59,60,56,53,100,69,37,30.12,30.09,30.05,10,9,5,12,4,15,0,
7/11/2015,11,78,70,61,67,60,55,90,70,50,30.15,30.1,30.01,10,10,8,13,5,18,0.03,Rain
7/12/2015,12,83,76,69,68,66,65,90,74,58,30.02,29.97,29.88,10,8,3,14,6,18,T,
7/13/2015,13,86,77,68,77,69,61,90,78,65,29.88,29.72,29.54,10,9,1,32,10,40,0.42,"Rain , Thunderstorm"
7/14/2015,14,83,72,61,67,63,49,84,70,55,29.91,29.68,29.54,10,10,10,24,13,36,0,
7/15/2015,15,75,67,59,58,52,45,78,59,40,30.04,29.99,29.91,10,10,10,16,9,19,0,
7/16/2015,16,75,67,58,70,64,54,100,82,64,30.04,29.9,29.78,10,7,2,21,8,26,0.97,"Rain , Thunderstorm"
7/17/2015,17,92,82,71,75,71,68,100,76,52,29.82,29.76,29.73,10,9,4,23,8,33,0.06,"Rain , Thunderstorm"
7/18/2015,18,89,81,73,76,72,69,93,79,65,29.89,29.83,29.76,10,10,2,23,8,30,0.54,"Rain , Thunderstorm"
7/19/2015,19,85,75,65,72,67,57,87,67,47,29.9,29.86,29.83,10,10,10,21,8,27,0,
7/20/2015,20,85,74,63,69,64,61,87,68,48,29.89,29.8,29.73,10,10,10,17,9,22,T,
7/21/2015,21,82,74,65,62,55,50,78,57,35,29.94,29.86,29.77,10,10,10,18,9,22,0,
7/22/2015,22,83,74,64,60,55,52,81,59,37,29.98,29.95,29.93,10,10,9,12,5,14,0,
7/23/2015,23,85,74,63,60,57,55,78,58,37,30.01,29.99,29.96,10,10,10,12,4,16,0,
7/24/2015,24,84,74,64,64,61,59,87,67,46,30.04,29.98,29.92,10,10,9,18,7,26,0,
7/25/2015,25,91,80,69,73,68,62,84,61,38,29.94,29.91,29.87,10,10,10,16,8,20,0,
7/26/2015,26,80,72,64,69,65,61,87,73,58,29.96,29.94,29.92,10,10,10,12,5,17,T,Rain
7/27/2015,27,88,78,67,72,64,59,90,65,39,30.01,29.98,29.94,10,10,9,17,9,22,0,
7/28/2015,28,91,79,67,74,68,64,90,70,50,29.99,29.94,29.86,10,10,10,17,6,23,0,
7/29/2015,29,88,79,70,74,63,49,87,57,26,30.01,29.95,29.9,10,10,10,21,11,26,T,Rain
7/30/2015,30,88,77,65,60,56,51,78,54,29,30.05,30.02,29.98,10,10,10,23,12,28,0,
7/31/2015,31,87,77,67,63,54,48,78,53,27,30.01,29.97,29.92,10,10,10,26,12,34,0,
8/1/2015,1,87,76,64,65,57,52,69,52,35,29.98,29.94,29.87,10,10,10,22,11,30,0,
8/2/2015,2,91,79,67,73,67,60,84,63,41,29.87,29.75,29.63,10,9,1,37,14,52,0.53,"Rain , Thunderstorm"
8/3/2015,3,82,75,67,67,57,47,93,61,28,29.9,29.82,29.73,10,10,10,20,10,26,0,
8/4/2015,4,82,72,61,58,54,50,84,60,36,30.03,29.95,29.9,10,10,10,18,8,23,0,
8/5/2015,5,82,72,61,64,57,52,90,63,36,30.05,30.02,29.98,10,10,10,16,6,20,0,
8/6/2015,6,83,74,64,65,61,56,87,64,40,29.97,29.94,29.9,10,10,10,14,7,18,0,
8/7/2015,7,83,73,63,63,59,56,87,65,42,29.93,29.89,29.84,10,10,10,18,9,23,0,
8/8/2015,8,82,75,68,66,64,61,90,74,58,29.98,29.91,29.82,10,10,6,17,7,19,0,
8/9/2015,9,80,74,67,68,66,64,93,78,62,29.99,29.95,29.89,10,7,3,14,5,18,T,Rain
8/10/2015,10,84,76,68,70,67,65,93,74,55,29.91,29.86,29.83,10,8,4,23,6,28,0.02,Rain
8/11/2015,11,82,74,65,65,59,51,93,68,43,30.09,30.03,29.91,10,10,10,18,7,22,0,
8/12/2015,12,81,71,61,61,59,54,84,63,42,30.18,30.13,30.09,10,10,10,14,5,17,0,
8/13/2015,13,85,75,65,65,61,59,81,63,44,30.12,30.07,30.02,10,10,10,18,10,26,0,
8/14/2015,14,90,79,67,70,66,60,82,66,50,30.14,30.08,30.04,10,10,4,29,10,40,0.21,"Rain , Thunderstorm"
8/15/2015,15,92,80,67,73,68,60,87,70,52,30.13,30.09,30.04,10,10,10,18,5,22,0.14,"Rain , Thunderstorm"
8/16/2015,16,89,80,71,71,68,64,93,70,46,30.12,30.06,30.01,10,10,7,17,7,23,0,
8/17/2015,17,88,78,68,70,67,64,90,68,46,30.05,29.99,29.94,10,9,2,23,7,30,0.12,"Rain , Thunderstorm"
8/18/2015,18,83,75,67,72,67,65,97,78,58,29.94,29.8,29.68,10,9,4,26,9,32,0.4,"Rain , Thunderstorm"
8/19/2015,19,75,69,62,68,61,53,97,72,46,29.74,29.69,29.62,10,10,10,22,13,31,T,Rain
8/20/2015,20,74,67,59,56,52,48,84,63,41,30.01,29.82,29.7,10,10,10,26,14,35,0,
8/21/2015,21,82,69,55,60,55,52,86,64,42,30.09,30.06,30.03,10,10,10,17,8,23,0,
8/22/2015,22,81,71,60,58,56,53,84,62,39,30.11,30.05,29.96,10,10,10,22,10,30,0,
8/23/2015,23,77,69,61,68,58,51,84,65,46,29.95,29.87,29.83,10,10,7,24,12,34,T,Rain
8/24/2015,24,75,65,55,51,48,44,77,56,35,29.99,29.94,29.89,10,10,10,29,14,36,0,
8/25/2015,25,72,66,59,53,50,46,72,61,49,30.08,30.01,29.96,10,10,10,16,9,20,0,
8/26/2015,26,67,62,56,53,52,51,86,72,58,30.18,30.14,30.07,10,10,10,12,6,14,0,
8/27/2015,27,76,64,51,56,53,50,100,73,46,30.22,30.16,30.12,10,10,9,16,4,21,0,
8/28/2015,28,72,64,56,63,58,55,87,77,66,30.14,30.1,30.06,10,10,8,12,5,14,0,
8/29/2015,29,70,67,63,67,64,60,100,91,81,30.07,30.02,29.99,10,5,2,13,6,16,0.74,Rain
8/30/2015,30,77,70,62,65,63,61,100,80,60,30.08,30.04,30,10,6,3,9,4,15,0,
8/31/2015,31,85,73,60,68,65,61,100,78,55,30.07,30.04,30,10,5,0,13,3,18,0,Fog
9/1/2015,1,88,78,68,73,71,68,97,78,59,30.04,30.01,29.98,10,9,5,16,7,22,0,
9/2/2015,2,90,81,72,70,68,66,90,69,47,30.05,29.99,29.93,10,10,10,18,7,23,T,
9/3/2015,3,91,81,71,70,68,66,87,69,50,29.95,29.92,29.86,10,10,7,21,9,24,0,
9/4/2015,4,85,77,68,69,67,66,90,76,61,30.05,30,29.95,10,10,10,14,5,17,0,
9/5/2015,5,87,78,69,69,68,66,97,74,51,30.12,30.06,30.03,10,10,7,16,7,20,0,
9/6/2015,6,92,81,70,68,66,63,84,63,41,30.07,30.02,29.95,10,10,9,20,10,27,0,
9/7/2015,7,88,82,76,70,67,65,74,64,53,29.99,29.95,29.92,10,10,10,14,7,17,T,
9/8/2015,8,81,75,68,72,70,66,93,81,69,29.94,29.85,29.77,10,8,0,28,9,35,1.04,"Fog , Rain , Thunderstorm"
9/9/2015,9,77,68,58,66,57,47,93,65,36,30.02,29.97,29.89,10,10,10,14,6,22,0,
9/10/2015,10,74,64,54,60,58,54,97,73,49,29.99,29.94,29.89,10,10,4,22,6,27,0.21,"Rain , Thunderstorm"
9/11/2015,11,67,61,54,59,55,47,90,75,60,30.05,29.98,29.91,10,9,4,24,11,28,0.17,Rain
9/12/2015,12,65,58,50,48,45,40,83,62,40,30.07,30.04,30.01,10,10,10,20,11,24,T,
9/13/2015,13,70,59,48,46,45,42,93,65,37,30.06,30.02,29.97,10,10,10,17,7,23,0,
9/14/2015,14,82,67,52,54,51,45,77,57,37,30.09,30.03,30,10,10,10,24,13,31,0,
9/15/2015,15,82,72,62,56,53,49,68,51,33,30.22,30.17,30.1,10,10,10,21,12,26,0,
9/16/2015,16,83,70,56,57,54,50,80,60,39,30.23,30.16,30.08,10,10,10,21,11,26,0,
9/17/2015,17,85,73,61,68,62,55,90,71,51,30.08,29.96,29.81,10,9,1,37,12,48,0.36,"Rain , Thunderstorm"
9/18/2015,18,74,70,65,70,68,65,100,92,84,29.88,29.82,29.7,10,7,1,31,7,43,2.41,"Rain , Thunderstorm"
9/19/2015,19,71,62,53,68,56,43,93,65,37,30.12,29.88,29.67,10,9,0,28,10,33,0.05,"Fog , Rain , Thunderstorm"
9/20/2015,20,73,62,50,53,49,43,93,66,39,30.22,30.16,30.12,10,10,10,14,4,17,0,
9/21/2015,21,74,63,52,54,49,44,100,69,38,30.18,30.13,30.09,10,10,8,14,5,20,0,
9/22/2015,22,80,67,53,55,52,48,100,68,35,30.22,30.17,30.11,10,10,9,10,4,12,0,
9/23/2015,23,80,69,57,57,53,48,86,61,35,30.27,30.24,30.2,10,10,9,14,4,17,0,
9/24/2015,24,76,66,56,60,57,55,93,72,50,30.28,30.24,30.22,10,10,9,12,6,19,0,
9/25/2015,25,73,67,60,62,60,58,100,83,66,30.26,30.23,30.21,10,9,6,18,9,22,0,
9/26/2015,26,75,68,60,61,58,53,90,72,53,30.27,30.21,30.15,10,10,8,15,8,19,0,
9/27/2015,27,74,68,61,63,61,54,93,78,63,30.14,30.08,30.02,10,10,7,12,7,14,T,
9/28/2015,28,77,71,64,66,64,63,93,79,64,30.03,29.98,29.92,10,10,9,12,4,14,0,
9/29/2015,29,68,62,55,63,56,46,93,83,72,30.14,30.03,29.91,10,8,2,29,15,34,0.4,Rain
9/30/2015,30,61,57,52,46,43,41,72,61,49,30.25,30.2,30.13,10,10,10,25,16,33,0,
10/1/2015,1,59,56,52,44,42,41,68,61,53,30.35,30.3,30.26,10,10,10,28,18,36,0,
10/2/2015,2,60,56,51,47,41,39,71,60,49,30.36,30.33,30.28,10,10,10,25,19,38,0,
10/3/2015,3,54,51,48,47,42,37,93,76,59,30.25,30.21,30.19,10,8,3,25,17,37,0.01,Rain
10/4/2015,4,57,54,50,53,49,45,89,85,80,30.21,30.19,30.18,10,10,10,17,11,25,0,
10/5/2015,5,60,58,55,55,54,53,93,89,84,30.21,30.17,30.14,10,7,4,10,7,19,0,
10/6/2015,6,71,63,55,56,54,50,100,75,49,30.19,30.14,30.09,10,8,3,12,5,19,T,
10/7/2015,7,71,63,54,56,54,50,93,75,57,30.16,30.13,30.08,10,10,7,15,7,19,0,
10/8/2015,8,77,64,50,62,55,48,89,68,47,30.12,29.96,29.85,10,10,4,21,8,26,0.05,Rain
10/9/2015,9,64,56,47,59,49,44,93,78,62,30.25,30.1,29.9,10,10,7,20,10,25,0,
10/10/2015,10,65,54,42,46,44,41,96,70,44,30.25,30.13,29.95,10,10,7,15,6,20,0,
10/11/2015,11,79,65,51,53,48,44,77,58,39,29.93,29.78,29.64,10,10,10,23,13,29,0,
10/12/2015,12,75,64,53,56,47,39,78,53,27,29.61,29.52,29.45,10,10,10,31,16,41,0,
10/13/2015,13,63,55,47,45,41,38,80,64,48,29.86,29.71,29.57,10,10,10,23,12,30,0,
10/14/2015,14,63,53,42,42,38,35,86,61,36,30.04,29.97,29.86,10,10,10,17,8,21,0,
10/15/2015,15,69,58,46,41,34,21,71,46,20,30.15,30.01,29.92,10,10,10,33,11,44,T,Rain
10/16/2015,16,55,46,37,34,29,26,70,53,35,30.34,30.25,30.15,10,10,10,21,11,26,0,
10/17/2015,17,53,43,33,28,23,17,70,49,28,30.49,30.41,30.34,10,10,10,21,9,25,0,
10/18/2015,18,60,47,33,36,28,24,75,52,28,30.51,30.42,30.32,10,10,10,12,6,14,0,
10/19/2015,19,73,60,47,38,32,26,49,38,26,30.3,30.12,29.99,10,10,10,28,19,38,0,
10/20/2015,20,74,66,57,55,41,36,86,58,29,30.13,30.07,30.02,10,10,8,20,10,27,0.11,Rain
10/21/2015,21,75,64,52,58,54,48,89,70,50,30.12,30.08,30,10,10,10,22,11,28,0.01,Rain
10/22/2015,22,62,57,51,54,46,39,86,67,47,30.3,30.24,30.12,10,10,10,13,7,19,0,
10/23/2015,23,64,58,52,61,49,42,93,75,56,30.27,30.07,29.89,10,9,4,18,12,23,0.16,Rain
10/24/2015,24,66,56,46,63,56,42,100,86,71,30.13,29.87,29.77,10,9,2,26,14,37,0.3,Rain
10/25/2015,25,62,52,41,41,38,33,89,62,34,30.38,30.32,30.16,10,10,10,13,4,17,0,
10/26/2015,26,61,49,37,45,40,37,92,67,42,30.42,30.36,30.31,10,10,10,14,6,18,0,
10/27/2015,27,56,53,50,50,44,40,96,78,59,30.3,30.09,29.75,10,9,2,26,14,32,0.49,Rain
10/28/2015,28,56,47,37,55,47,28,100,82,64,29.74,29.48,29.39,10,6,2,31,15,42,0.33,Rain
10/29/2015,29,47,42,36,39,33,28,82,74,65,29.98,29.69,29.52,10,10,10,28,16,36,T,
10/30/2015,30,56,46,36,42,38,34,100,76,51,30.15,30.08,30,10,10,10,15,7,18,0,
10/31/2015,31,52,49,45,50,45,39,100,86,71,30.03,29.81,29.67,10,6,2,22,11,28,0.77,Rain
11/1/2015,1,63,54,44,45,42,36,93,65,36,29.98,29.88,29.75,10,10,9,20,10,23,0,
11/2/2015,2,72,60,47,46,44,39,93,62,31,30.01,29.97,29.92,10,10,10,22,11,29,0,
11/3/2015,3,70,57,44,55,50,42,100,79,57,30.13,30.09,30.02,10,8,2,17,6,22,0,
11/4/2015,4,71,60,48,59,56,48,100,83,66,30.15,30.1,30.04,10,4,0,18,8,23,0,Fog
11/5/2015,5,70,65,59,61,58,53,97,77,57,30.04,29.89,29.66,10,10,8,31,16,41,T,Rain
11/6/2015,6,65,53,41,62,43,36,90,77,63,30.19,29.93,29.62,10,9,2,30,15,39,0.16,Rain
11/7/2015,7,53,44,35,36,32,28,85,65,44,30.42,30.31,30.2,10,10,10,22,10,28,0,
11/8/2015,8,52,40,28,31,28,27,92,67,41,30.47,30.39,30.31,10,10,7,13,4,16,0,
11/9/2015,9,56,43,29,35,30,24,92,61,30,30.31,30.23,30.13,10,10,9,10,2,13,0,
11/10/2015,10,56,44,32,35,31,29,89,64,38,30.15,30.07,29.98,10,10,8,10,4,12,0,
11/11/2015,11,63,50,36,51,44,31,85,68,51,29.98,29.61,29.29,10,8,2,36,14,46,0.42,"Rain , Thunderstorm"
11/12/2015,12,56,49,42,51,37,29,96,77,57,29.88,29.59,29.24,10,9,4,36,24,50,T,Rain
11/13/2015,13,47,40,32,28,26,22,75,57,38,30.26,30.07,29.89,10,10,10,31,15,43,0,
11/14/2015,14,57,41,25,35,29,22,85,62,38,30.32,30.23,30.16,10,10,10,21,9,26,0,
11/15/2015,15,64,54,44,36,34,32,62,47,31,30.25,30.2,30.17,10,10,10,20,10,25,0,
11/16/2015,16,57,50,43,46,40,34,93,67,40,30.16,30.11,30.05,10,8,2,24,12,29,0.12,Rain
11/17/2015,17,61,54,47,55,50,46,93,83,72,30.04,29.88,29.68,10,8,2,28,18,35,0.63,Rain
11/18/2015,18,62,55,47,56,47,39,86,72,57,29.68,29.55,29.45,10,10,5,38,21,49,0.2,Rain
11/19/2015,19,47,41,35,40,27,17,83,60,36,30.13,29.89,29.66,10,10,10,33,19,46,T,
11/20/2015,20,40,36,31,31,23,13,92,63,33,30.3,30.25,30.14,10,6,0,17,9,23,0.28,"Fog , Snow"
11/21/2015,21,33,26,18,32,27,13,100,87,74,30.23,30.07,29.93,10,3,0,29,12,35,1.16,"Fog , Snow"
11/22/2015,22,27,17,7,21,14,8,92,77,62,30.24,30.16,30.04,10,10,8,18,9,22,0,
11/23/2015,23,37,31,25,28,24,20,85,78,70,30.21,30.07,29.97,10,10,10,14,9,17,0,
11/24/2015,24,41,31,21,32,28,22,92,81,70,30.35,30.29,30.22,10,9,7,14,7,16,0,
11/25/2015,25,52,41,29,41,34,28,92,75,58,30.26,30.21,30.17,10,10,9,26,15,35,T,
11/26/2015,26,60,54,48,55,51,43,93,81,68,30.25,30.19,30.13,10,8,3,24,16,33,0.42,Rain
11/27/2015,27,56,45,34,54,36,29,93,88,82,30.44,30.33,30.13,10,5,2,25,16,31,0.84,Rain
11/28/2015,28,38,34,30,29,27,24,85,75,64,30.42,30.39,30.35,10,10,10,17,10,22,T,
11/29/2015,29,41,33,25,32,27,19,85,70,55,30.4,30.35,30.27,10,10,10,14,8,20,0,
11/30/2015,30,44,41,38,41,35,27,89,74,59,30.26,30.06,29.86,10,8,2,23,11,27,0.26,Rain
12/1/2015,1,43,40,37,43,36,29,100,80,60,29.85,29.82,29.79,10,8,2,21,10,29,0.18,"Rain , Thunderstorm"
12/2/2015,2,38,35,31,33,30,25,100,85,69,30.08,29.8,29.72,10,5,0,17,9,22,0.21,"Fog , Rain , Snow"
12/3/2015,3,35,33,30,31,30,27,89,86,82,30.43,30.3,30.09,10,8,6,17,11,22,0,
12/4/2015,4,47,40,32,37,33,31,100,80,60,30.61,30.53,30.41,10,6,2,17,8,21,0,
12/5/2015,5,46,38,29,34,31,29,100,79,58,30.65,30.58,30.46,10,4,0,13,8,18,0,Fog
12/6/2015,6,47,37,27,35,32,27,100,80,60,30.45,30.31,30.2,10,7,3,12,5,14,0,
12/7/2015,7,39,33,27,37,33,27,100,93,85,30.26,30.17,30.01,5,2,0,18,7,23,T,"Fog , Snow"
12/8/2015,8,47,43,38,42,38,34,92,84,76,30.02,29.88,29.71,10,8,5,18,11,22,0,
12/9/2015,9,52,46,40,43,40,36,100,82,63,29.78,29.71,29.64,10,9,5,16,8,19,0,
12/10/2015,10,57,49,41,42,38,37,82,67,51,29.75,29.58,29.44,10,10,10,35,17,44,0,
12/11/2015,11,51,46,41,43,36,33,80,68,56,29.84,29.78,29.61,10,10,10,17,8,23,T,
12/12/2015,12,57,52,47,52,47,43,100,90,80,30,29.92,29.8,10,3,0,10,3,17,T,"Fog , Rain"
12/13/2015,13,61,55,48,59,56,48,100,92,84,29.94,29.75,29.42,10,6,0,28,14,35,0.85,"Fog , Rain"
12/14/2015,14,61,52,42,57,46,38,93,85,76,29.59,29.33,29.21,10,9,2,35,16,48,0.39,Rain
12/15/2015,15,43,41,39,40,35,32,86,80,73,29.95,29.83,29.58,10,10,10,18,10,23,T,Rain
12/16/2015,16,53,44,35,45,37,25,96,75,53,29.87,29.69,29.52,10,9,3,26,16,37,0.12,Rain
12/17/2015,17,35,32,28,27,22,20,78,67,56,29.96,29.87,29.72,10,10,10,24,14,33,0,
12/18/2015,18,32,28,24,23,17,12,88,69,50,30.14,30,29.94,10,10,3,29,13,36,T,Snow
12/19/2015,19,30,23,15,17,12,7,81,64,47,30.41,30.34,30.16,10,10,10,21,12,26,0,
12/20/2015,20,50,37,23,37,28,19,81,62,42,30.31,30.03,29.85,10,10,7,28,16,37,0.03,Rain
12/21/2015,21,52,47,41,49,44,38,100,91,82,29.83,29.74,29.67,10,5,0,23,12,30,0.67,Rain
12/22/2015,22,41,38,35,40,35,32,100,93,85,29.88,29.82,29.71,10,6,0,21,9,24,0.02,
12/23/2015,23,59,50,40,57,50,34,100,83,66,29.68,29.36,29.11,10,5,0,39,17,53,0.49,"Fog , Rain , Thunderstorm"
12/24/2015,24,42,38,34,35,31,27,85,78,70,30.07,29.87,29.46,10,10,10,31,12,41,0,
12/25/2015,25,44,38,32,35,32,30,92,77,62,30.38,30.28,30.07,10,10,7,17,8,23,0,
12/26/2015,26,42,40,37,42,38,33,100,87,73,30.31,30.1,30,10,4,0,23,10,27,0.21,"Fog , Rain"
12/27/2015,27,40,38,35,39,32,25,100,82,64,30.38,30.24,30.05,10,9,3,25,17,34,0.14,"Rain , Snow"
12/28/2015,28,39,35,31,38,30,25,100,85,69,30.34,29.88,29.46,10,4,1,31,19,42,1.47,"Rain , Snow"
12/29/2015,29,39,34,29,37,29,24,100,89,78,30.18,29.87,29.48,10,8,2,21,11,27,T,Snow
12/30/2015,30,29,28,27,25,23,21,92,84,75,30.25,30.19,30.16,10,7,0,15,9,18,0.09,"Fog , Snow"
12/31/2015,31,28,25,22,22,18,15,81,72,63,30.32,30.27,30.21,10,10,9,20,13,26,T,Snow
1/1/2016,1,31,25,19,22,18,12,77,73,68,30.23,30.17,30.12,10,10,9,22,14,28,T,Snow
1/2/2016,2,32,26,20,23,19,16,84,74,63,30.14,30.06,29.95,10,10,10,23,12,32,0,
1/3/2016,3,29,26,22,21,19,16,81,75,68,30.3,30.17,29.96,10,10,10,21,12,25,T,Snow
1/4/2016,4,31,27,22,24,19,16,78,68,58,30.56,30.45,30.3,10,9,3,20,10,23,T,Snow
1/5/2016,5,33,25,17,22,18,12,84,70,56,30.57,30.48,30.37,10,10,10,21,10,25,0,
1/6/2016,6,36,29,21,28,23,17,84,70,56,30.36,30.27,30.19,10,10,10,16,9,19,0,
1/7/2016,7,41,38,34,30,27,25,76,68,59,30.17,30.07,29.95,10,10,10,13,7,18,0.01,
1/8/2016,8,42,39,36,41,38,30,100,88,76,29.93,29.77,29.7,10,4,1,10,6,12,0.19,Rain
1/9/2016,9,40,32,23,40,33,19,100,92,84,29.86,29.79,29.74,8,3,0,26,10,32,0.27,"Fog , Rain , Snow"
1/10/2016,10,23,13,2,19,6,-6,84,78,72,30.12,29.97,29.75,10,10,7,28,18,37,T,Snow
1/11/2016,11,24,12,-1,21,11,-7,96,84,72,30.14,29.86,29.65,10,4,1,26,10,35,0.11,Snow
1/12/2016,12,20,12,3,13,2,-6,76,70,63,30.22,29.95,29.67,10,8,1,26,16,34,0.01,Snow
1/13/2016,13,25,12,-2,19,6,-6,87,78,68,30.24,30.01,29.8,10,10,8,18,9,23,T,Snow
1/14/2016,14,44,34,24,37,30,19,85,74,62,29.78,29.65,29.51,10,10,10,21,10,29,0,
1/15/2016,15,43,37,30,38,32,24,92,84,76,29.67,29.47,29.37,10,8,2,23,13,28,0.01,Rain
1/16/2016,16,30,20,9,24,16,0,81,69,57,30.01,29.86,29.66,10,10,10,25,14,32,0,
1/17/2016,17,8,4,-1,-2,-8,-11,69,62,54,30.27,30.13,30.01,10,10,9,24,16,30,0,
1/18/2016,18,7,2,-4,-5,-8,-12,72,64,55,30.4,30.34,30.27,10,10,10,20,14,26,0,
1/19/2016,19,17,9,0,4,-2,-9,75,61,47,30.57,30.48,30.41,10,10,10,15,6,18,0,
1/20/2016,20,23,18,12,14,12,8,92,76,59,30.38,30.29,30.2,10,7,1,9,4,11,0.05,Snow
1/21/2016,21,29,19,9,17,14,9,92,75,58,30.41,30.35,30.31,10,9,6,8,3,12,0,
1/22/2016,22,30,25,19,23,20,15,88,76,63,30.3,30.25,30.2,10,6,2,17,11,21,0.02,Snow
1/23/2016,23,33,27,20,24,20,18,88,72,56,30.26,30.18,30.06,10,10,9,14,6,18,T,Snow
1/24/2016,24,34,29,24,25,21,16,92,77,61,30.06,29.98,29.92,10,8,6,20,8,24,0,
1/25/2016,25,41,33,24,39,31,21,93,79,64,29.93,29.74,29.61,10,7,2,25,10,32,0.13,Rain
1/26/2016,26,36,30,24,34,24,17,85,74,63,30.23,29.97,29.65,10,9,4,28,17,35,0.02,"Rain , Snow"
1/27/2016,27,34,29,23,25,19,14,81,67,53,30.27,30.1,29.79,10,10,9,29,13,38,T,Snow
1/28/2016,28,39,34,29,30,25,16,82,68,53,29.86,29.72,29.64,10,10,10,22,15,29,T,
1/29/2016,29,35,28,20,26,16,10,69,55,41,30.04,29.9,29.68,10,10,10,23,11,30,T,Snow
1/30/2016,30,46,41,35,38,33,28,89,75,60,29.71,29.67,29.62,10,10,10,20,9,25,T,Rain
1/31/2016,31,48,41,33,45,38,31,100,93,85,29.86,29.62,29.46,10,7,4,18,8,24,0.02,Rain
2/1/2016,1,45,38,30,32,30,28,92,75,58,30.13,30.03,29.87,10,9,6,10,5,16,0,
2/2/2016,2,38,35,32,37,34,30,100,91,82,30.15,29.73,29.46,7,3,0,33,11,40,0.79,"Fog , Rain , Thunderstorm"
2/3/2016,3,37,33,28,36,31,22,100,88,75,30.08,29.67,29.46,10,8,0,23,13,30,0.02,"Fog , Rain , Snow"
2/4/2016,4,32,26,19,21,17,13,81,64,47,30.28,30.2,30.06,10,10,10,16,9,21,0,
2/5/2016,5,34,30,25,25,21,16,85,66,47,30.39,30.34,30.27,10,10,8,17,7,19,T,
2/6/2016,6,41,32,24,29,25,21,85,75,60,30.32,30.21,30.06,10,9,7,17,8,22,0,
2/7/2016,7,43,38,32,33,29,27,82,71,60,30.04,29.81,29.7,10,10,9,22,13,29,0,
2/8/2016,8,32,26,20,29,22,15,92,83,74,29.77,29.69,29.6,10,7,1,20,11,25,0.02,Snow
2/9/2016,9,21,17,13,15,10,5,84,73,61,29.98,29.84,29.72,10,6,1,20,15,26,0.02,Snow
2/10/2016,10,18,14,9,5,2,0,69,59,49,30.21,30.08,29.98,10,10,10,21,11,26,0,
2/11/2016,11,21,14,7,7,2,-3,69,55,41,30.36,30.3,30.21,10,10,10,15,7,18,0,
2/12/2016,12,23,15,7,11,3,-8,67,53,39,30.51,30.26,30.15,10,10,7,30,17,37,T,Snow
2/13/2016,13,17,10,2,-3,-7,-11,62,50,37,30.63,30.57,30.49,10,10,10,21,9,26,0,
2/14/2016,14,18,14,9,14,9,-2,84,67,49,30.48,30.2,30,10,5,0,22,12,25,0.1,"Fog , Snow"
2/15/2016,15,27,23,18,24,20,15,100,91,81,30.01,29.9,29.81,9,4,2,12,7,14,0.01,Snow
2/16/2016,16,33,29,24,28,25,18,92,78,63,30.01,29.87,29.79,10,6,1,14,5,18,0.04,Snow
2/17/2016,17,34,28,21,25,18,8,88,62,35,30.39,30.26,30.03,10,9,6,13,6,15,0,
2/18/2016,18,42,33,23,31,26,18,81,71,60,30.41,30.22,29.9,10,10,9,26,15,35,0,
2/19/2016,19,62,52,41,45,37,32,67,57,47,29.86,29.66,29.46,10,10,10,45,27,62,0,
2/20/2016,20,57,48,38,35,32,27,79,61,43,30.02,29.89,29.78,10,10,10,22,12,29,0,
2/21/2016,21,41,35,29,33,30,26,89,77,64,30.22,30.13,30.02,10,10,10,17,9,22,0,
2/22/2016,22,44,35,26,30,27,25,92,73,53,30.21,30.17,30.12,10,10,10,13,4,15,0,
2/23/2016,23,45,36,26,29,26,21,100,70,40,30.17,30.08,29.95,10,9,6,17,7,24,0,
2/24/2016,24,36,34,32,30,28,24,92,78,64,29.91,29.65,29.57,10,4,0,32,23,44,0.15,"Fog , Snow"
2/25/2016,25,37,34,31,26,21,16,75,62,49,30.18,29.97,29.72,10,10,3,28,17,34,T,Snow
2/26/2016,26,33,29,24,23,18,14,72,59,45,30.29,30.21,30.12,10,10,10,15,9,18,T,
2/27/2016,27,54,41,28,37,27,22,78,57,35,30.09,29.9,29.74,10,10,8,24,15,32,0,
2/28/2016,28,62,49,36,45,37,28,82,66,50,29.78,29.58,29.43,10,10,7,31,20,41,0.08,Rain
2/29/2016,29,52,40,28,33,26,21,82,66,50,30.06,29.94,29.79,10,10,9,24,15,31,T,Rain
3/1/2016,1,30,24,18,27,21,10,92,80,67,30.09,29.88,29.75,10,6,0,26,17,34,0.1,"Fog , Rain , Snow"
3/2/2016,2,32,22,11,24,9,2,74,55,36,30.22,30.15,30.11,10,9,2,15,7,18,T,Snow
3/3/2016,3,33,30,27,29,26,18,92,78,63,30.14,30.08,30.04,10,5,1,15,9,19,0.07,Snow
3/4/2016,4,39,30,20,27,21,15,92,68,44,30.24,30.15,30.06,10,8,1,18,7,21,0.07,Snow
3/5/2016,5,39,34,29,34,29,26,92,81,70,30.28,30.1,29.98,10,7,3,15,8,21,T,
3/6/2016,6,52,43,33,37,32,26,82,68,54,30.29,30.1,29.91,10,9,7,26,14,31,0,
3/7/2016,7,63,54,44,49,43,35,77,66,55,29.91,29.87,29.83,10,10,10,23,13,27,0.03,Rain
3/8/2016,8,70,64,58,55,52,47,78,66,53,29.91,29.86,29.8,10,10,10,26,17,34,T,Rain
3/9/2016,9,63,56,48,57,53,42,100,86,71,30.01,29.88,29.78,10,9,4,22,10,27,0.18,Rain
3/10/2016,10,51,44,37,41,38,34,85,72,59,30.28,30.11,30.01,10,10,9,13,7,18,0,
3/11/2016,11,55,45,34,35,33,31,92,69,46,30.4,30.33,30.27,10,10,10,12,5,16,0,
3/12/2016,12,59,46,33,44,40,31,100,77,53,30.24,30.12,29.97,10,7,2,12,5,14,T,Rain
3/13/2016,13,48,46,43,45,43,39,100,88,76,29.96,29.79,29.66,10,5,1,20,9,27,0.66,Rain
3/14/2016,14,55,49,43,46,44,41,100,87,74,29.79,29.7,29.65,10,6,1,14,5,16,0.01,Rain
3/15/2016,15,58,52,46,54,48,42,93,83,72,29.79,29.66,29.36,10,7,2,28,13,33,0.14,"Rain , Thunderstorm"
3/16/2016,16,56,51,45,54,40,30,93,66,38,29.79,29.53,29.34,10,10,5,41,23,53,0.04,"Rain , Thunderstorm"
3/17/2016,17,56,48,40,31,28,24,70,51,32,29.93,29.84,29.78,10,10,10,30,15,41,0,
3/18/2016,18,49,41,32,33,29,23,82,64,45,30.16,30.07,29.95,10,10,10,16,9,23,0,
3/19/2016,19,46,41,35,32,30,27,82,68,53,30.23,30.17,30.11,10,10,10,17,9,24,0,
3/20/2016,20,44,37,30,29,25,21,82,63,43,30.23,30.18,30.14,10,10,10,18,8,25,0,
3/21/2016,21,49,39,28,29,24,20,78,57,36,30.2,30.12,29.98,10,10,10,14,7,18,0,
3/22/2016,22,63,52,40,38,33,30,76,56,36,29.96,29.76,29.63,10,10,10,23,12,28,0,
3/23/2016,23,42,39,36,38,36,34,100,88,76,29.88,29.82,29.76,10,6,2,21,15,28,0.11,Rain
3/24/2016,24,39,35,30,38,33,23,100,86,72,29.89,29.63,29.49,10,5,1,24,15,33,1.09,"Rain , Snow"
3/25/2016,25,48,38,28,32,27,23,89,69,49,30.15,30.05,29.91,10,10,10,13,7,18,0,
3/26/2016,26,54,43,31,37,33,29,96,71,46,30.2,30.13,30.07,10,10,8,15,8,19,0,
3/27/2016,27,63,50,36,43,39,34,92,70,48,30.07,29.91,29.83,10,9,4,21,10,25,0.32,Rain
3/28/2016,28,53,44,35,39,36,30,89,67,44,30.23,30.05,29.88,10,10,10,21,10,26,0,
3/29/2016,29,58,45,31,36,30,26,92,62,32,30.34,30.26,30.13,10,10,6,17,7,21,0,
3/30/2016,30,62,52,42,56,44,31,93,72,51,30.11,29.77,29.5,10,10,5,28,16,36,0.13,"Rain , Thunderstorm"
3/31/2016,31,67,56,44,58,52,40,92,79,66,29.59,29.4,29.25,10,9,2,36,17,44,0.39,"Rain , Thunderstorm"
4/1/2016,1,49,42,35,40,35,23,89,72,54,29.83,29.72,29.61,10,9,2,26,9,33,0.08,Rain
4/2/2016,2,40,34,27,30,24,11,75,57,39,30.04,29.68,29.49,10,6,0,43,18,54,0.02,"Fog , Snow"
4/3/2016,3,71,49,26,42,28,15,70,50,29,30.05,29.81,29.52,10,10,10,35,17,46,T,
4/4/2016,4,38,34,29,29,24,19,75,69,63,30.42,30.15,29.81,10,10,5,24,13,30,T,Snow
4/5/2016,5,45,35,24,33,21,11,81,54,27,30.49,30.33,30,10,10,6,23,11,28,0.02,Rain
4/6/2016,6,50,45,40,46,41,31,93,82,70,29.91,29.6,29.5,10,7,2,23,10,27,0.31,"Rain , Thunderstorm"
4/7/2016,7,41,37,33,38,31,23,85,70,54,29.88,29.67,29.53,10,9,2,23,14,30,0.06,"Rain , Snow"
4/8/2016,8,41,34,26,35,27,16,82,68,54,30.02,29.86,29.77,10,6,0,32,14,40,0.1,"Fog , Rain , Snow"
4/9/2016,9,38,30,22,18,14,8,74,52,29,30.29,30.2,30.06,10,10,10,22,12,27,T,
4/10/2016,10,50,42,33,49,36,19,100,78,56,30.12,29.84,29.73,10,7,2,25,15,37,0.1,"Rain , Snow"
4/11/2016,11,51,44,36,49,34,20,100,66,31,30.16,29.9,29.74,10,8,4,24,12,35,0,
4/12/2016,12,47,39,30,26,22,18,69,52,34,30.39,30.33,30.19,10,10,10,15,8,19,0,
4/13/2016,13,56,45,34,33,29,25,70,53,35,30.36,30.31,30.25,10,10,10,17,7,21,0,
4/14/2016,14,61,49,37,33,28,25,79,53,27,30.32,30.25,30.18,10,10,10,16,8,19,0,
4/15/2016,15,68,55,42,37,33,27,65,48,31,30.25,30.22,30.19,10,10,10,14,8,16,0,
4/16/2016,16,76,59,41,44,40,35,76,54,31,30.32,30.28,30.23,10,10,7,15,7,19,0,
4/17/2016,17,79,62,45,43,39,36,76,50,24,30.41,30.35,30.31,10,10,10,18,5,21,0,
4/18/2016,18,83,66,49,44,40,37,74,48,21,30.32,30.26,30.18,10,10,10,15,5,18,0,
4/19/2016,19,57,52,46,45,42,39,76,71,66,30.25,30.21,30.17,10,10,10,21,12,24,0,
4/20/2016,20,71,61,51,56,46,36,93,66,38,30.17,30.03,29.93,10,9,4,18,10,23,0.48,Rain
4/21/2016,21,70,60,50,58,53,43,100,69,37,29.89,29.83,29.76,10,7,2,30,7,36,0.01,Rain
4/22/2016,22,54,48,41,49,41,34,93,77,61,30.17,30.01,29.84,10,8,2,25,12,30,T,
4/23/2016,23,60,49,38,43,38,34,86,69,51,30.22,30.14,30.06,10,10,10,13,7,21,0,
4/24/2016,24,78,60,41,53,46,36,86,63,40,30.05,29.93,29.8,10,10,10,18,9,24,0,
4/25/2016,25,83,71,58,61,54,50,77,58,39,29.81,29.67,29.56,10,10,8,25,13,35,0.08,"Rain , Hail , Thunderstorm"
4/26/2016,26,68,55,42,55,42,38,100,84,68,29.94,29.84,29.66,10,6,1,23,14,29,0,
4/27/2016,27,49,45,41,43,39,34,89,80,70,29.98,29.89,29.81,10,8,3,23,14,28,0.47,Rain
4/28/2016,28,50,46,42,42,41,39,100,87,74,30.02,29.89,29.8,10,7,2,22,11,28,0.45,"Rain , Thunderstorm"
4/29/2016,29,51,46,41,42,39,37,100,83,66,30.15,30.09,30.01,10,8,3,17,9,22,0.01,Rain
4/30/2016,30,48,46,43,45,42,37,100,86,71,30.11,29.99,29.91,10,5,2,23,13,30,0.61,Rain
5/1/2016,1,49,46,42,45,44,42,100,93,86,30.02,29.98,29.9,10,4,0,17,12,30,0.51,"Rain , Thunderstorm"
5/2/2016,2,59,51,42,42,37,31,92,65,38,30.08,30.04,30,10,10,10,18,10,24,0,
5/3/2016,3,67,54,40,41,37,34,76,57,37,30,29.88,29.65,10,10,10,18,9,25,T,Rain
5/4/2016,4,57,50,42,47,41,34,86,71,56,29.89,29.73,29.61,10,9,2,29,14,39,0.4,Rain
5/5/2016,5,61,51,41,43,37,33,73,60,47,30.02,29.96,29.88,10,10,10,22,9,29,0,
5/6/2016,6,82,62,42,49,44,38,83,56,28,30,29.89,29.72,10,10,10,16,8,21,T,
5/7/2016,7,70,57,44,55,39,17,78,51,23,29.89,29.78,29.65,10,10,8,32,13,41,0.02,"Rain , Thunderstorm"
5/8/2016,8,71,56,41,41,35,28,70,46,22,29.96,29.92,29.89,10,10,10,14,6,18,0,
5/9/2016,9,58,54,50,51,47,41,100,81,61,29.98,29.94,29.91,10,7,1,25,13,30,0.59,Rain
5/10/2016,10,63,57,51,59,54,51,100,95,90,29.97,29.9,29.87,7,3,1,21,9,25,0.8,Rain
5/11/2016,11,69,60,51,60,55,52,100,87,73,30.06,30.01,29.96,9,3,0,13,7,16,0.19,"Fog , Rain , Thunderstorm"
5/12/2016,12,70,62,53,63,56,44,100,76,52,29.97,29.92,29.89,10,6,1,23,11,30,0.48,"Rain , Thunderstorm"
5/13/2016,13,66,55,43,53,47,41,100,71,42,30.02,29.91,29.8,10,8,2,29,10,37,0.68,Rain
5/14/2016,14,47,44,41,41,33,28,83,66,49,30.06,29.96,29.85,10,10,8,24,14,30,0,Rain
5/15/2016,15,55,45,35,32,28,23,82,57,32,30.15,30.11,30.06,10,10,10,22,10,31,0,
5/16/2016,16,70,58,46,45,38,31,62,47,31,30.15,30.1,30.06,10,10,10,23,14,29,T,Rain
5/17/2016,17,57,51,44,45,39,29,71,56,41,30.27,30.21,30.14,10,10,10,20,10,23,T,Rain
5/18/2016,18,65,53,41,46,38,29,71,60,48,30.26,30.23,30.2,10,10,10,15,7,19,0,
5/19/2016,19,69,54,39,40,33,26,85,54,22,30.23,30.19,30.15,10,10,9,14,5,16,0,
5/20/2016,20,68,56,44,43,39,34,83,59,35,30.19,30.14,30.09,10,10,10,15,7,20,0,
5/21/2016,21,75,64,53,43,36,28,57,38,19,30.13,30.09,30.07,10,10,10,21,8,25,0,
5/22/2016,22,77,65,53,44,43,40,66,49,31,30.09,30.05,30,10,10,10,14,8,20,0,
5/23/2016,23,81,65,48,47,43,37,86,56,25,30.05,29.98,29.9,10,10,10,18,7,21,0,
5/24/2016,24,86,73,60,58,50,43,64,46,27,30,29.95,29.9,10,10,10,22,11,28,0,
5/25/2016,25,86,75,64,65,63,58,100,72,44,30,29.94,29.86,10,8,2,32,10,39,0.95,"Rain , Thunderstorm"
5/26/2016,26,83,73,62,67,64,61,93,72,51,29.94,29.88,29.8,10,9,5,16,8,22,0,
5/27/2016,27,81,74,66,70,66,63,93,74,54,29.91,29.86,29.8,10,9,2,28,12,38,0.13,"Rain , Thunderstorm"
5/28/2016,28,81,73,64,66,64,59,93,77,60,29.96,29.89,29.84,10,10,3,24,15,33,0.13,Thunderstorm
5/29/2016,29,79,71,63,62,60,56,93,69,45,30,29.97,29.94,10,10,10,22,11,27,0,
5/30/2016,30,87,75,63,60,57,51,78,54,29,30.02,29.98,29.94,10,10,10,16,7,22,0,
5/31/2016,31,83,73,63,63,59,53,87,65,42,30.04,29.98,29.94,10,8,1,29,8,38,0.56,"Rain , Thunderstorm"
6/1/2016,1,79,71,62,66,62,57,93,72,50,29.97,29.94,29.88,10,8,3,14,7,18,0.42,Rain
6/2/2016,2,79,68,57,56,53,50,87,62,37,30.04,30,29.96,10,10,10,17,7,23,0,
6/3/2016,3,84,70,55,57,54,49,93,64,35,30.07,30.02,29.95,10,10,10,12,4,15,0,
6/4/2016,4,72,67,62,65,61,54,93,75,57,29.94,29.8,29.67,10,8,3,15,7,19,0.41,Rain
6/5/2016,5,79,70,61,63,57,50,93,65,37,29.71,29.66,29.63,10,10,10,23,12,33,0.05,Rain
6/6/2016,6,82,71,59,61,52,43,97,63,28,29.73,29.66,29.61,10,10,10,26,13,35,0,
6/7/2016,7,67,59,51,51,48,45,80,64,48,29.91,29.84,29.73,10,10,10,17,10,22,0,
6/8/2016,8,70,61,52,52,47,43,83,65,47,30.02,29.99,29.9,10,10,10,15,7,18,0,
6/9/2016,9,72,63,53,63,55,47,93,75,56,30.03,29.99,29.92,10,10,4,15,7,18,0.21,Rain
6/10/2016,10,90,77,63,68,63,60,100,69,38,30,29.93,29.85,10,9,5,22,10,31,0.1,"Fog , Rain , Thunderstorm"
6/11/2016,11,91,81,71,70,65,61,73,57,41,29.98,29.92,29.87,10,10,10,17,8,23,0,
6/12/2016,12,79,69,59,70,43,31,74,49,23,30.19,30.11,29.98,10,10,10,26,13,31,0,
6/13/2016,13,86,70,54,61,51,46,86,59,32,30.1,29.98,29.87,10,10,10,15,5,20,0.02,
6/14/2016,14,87,76,64,70,63,54,82,67,51,29.88,29.83,29.75,10,10,10,18,9,23,T,
6/15/2016,15,90,79,68,71,68,63,97,71,44,29.77,29.73,29.68,10,9,2,24,10,32,0.3,"Rain , Thunderstorm"
6/16/2016,16,77,70,63,64,60,55,84,71,58,29.96,29.84,29.71,10,10,10,22,12,29,T,
6/17/2016,17,85,73,61,57,53,49,90,60,29,30.13,30.05,29.96,10,10,10,15,9,19,0,
6/18/2016,18,87,73,58,55,52,48,72,50,27,30.23,30.19,30.12,10,10,10,16,5,20,0,
6/19/2016,19,89,76,62,63,58,55,73,54,34,30.22,30.16,30.07,10,10,10,17,7,25,0,
6/20/2016,20,93,82,70,71,64,49,71,53,34,30.07,30.02,29.95,10,10,10,24,14,31,T,Rain
6/21/2016,21,84,74,64,53,50,46,67,48,28,30.02,29.97,29.88,10,10,2,21,9,28,0,
6/22/2016,22,76,72,67,68,64,54,100,77,53,29.98,29.83,29.72,10,8,0,36,8,41,1.31,"Fog , Rain , Thunderstorm"
6/23/2016,23,78,71,64,68,64,54,100,84,67,29.98,29.86,29.77,10,7,0,16,8,25,0,Fog
6/24/2016,24,82,72,62,62,57,53,84,63,42,30.09,30.05,29.99,10,10,10,15,7,18,0,
6/25/2016,25,89,77,65,71,65,55,87,69,50,30.09,30.03,29.96,10,10,10,18,10,25,0,
6/26/2016,26,90,81,72,72,66,56,87,61,34,30.02,29.98,29.93,10,10,4,17,9,23,0.03,Rain
6/27/2016,27,90,80,69,64,60,54,84,57,29,30.06,30.01,29.97,10,10,10,24,11,32,0,
6/28/2016,28,71,64,57,61,53,36,81,55,28,30.18,30.13,30.07,10,10,10,21,11,24,0,
6/29/2016,29,81,68,55,53,49,46,86,60,33,30.16,30.1,30.04,10,10,8,14,6,19,0,
6/30/2016,30,78,68,57,60,53,48,78,59,40,30.05,29.98,29.89,10,10,10,17,7,21,T,
7/1/2016,1,72,66,59,60,54,46,93,71,48,30.15,30.04,29.89,10,10,10,20,10,24,0,
7/2/2016,2,76,65,54,52,48,44,83,58,33,30.19,30.14,30.11,10,10,10,17,4,21,0,
7/3/2016,3,77,66,55,59,54,49,86,62,38,30.1,30.04,29.97,10,10,10,18,9,22,0,
7/4/2016,4,79,73,66,65,62,56,84,73,61,29.95,29.87,29.81,10,9,7,13,7,23,0,
7/5/2016,5,87,77,66,68,65,63,93,72,51,29.9,29.86,29.83,10,10,7,14,8,19,0,
7/6/2016,6,88,78,67,70,67,64,93,72,50,29.9,29.83,29.74,10,8,1,43,9,51,0.87,"Rain , Thunderstorm"
7/7/2016,7,84,77,70,71,69,67,93,78,62,29.86,29.81,29.75,10,8,1,18,6,23,1.05,Rain
7/8/2016,8,86,77,68,71,66,56,100,69,37,29.89,29.81,29.78,10,5,0,25,11,34,0,Fog
7/9/2016,9,79,72,65,61,58,54,81,66,50,30.06,30,29.88,10,10,10,18,9,23,0,
7/10/2016,10,82,71,60,62,58,54,84,62,40,30.09,30.03,29.94,10,10,10,16,5,22,0,
7/11/2016,11,90,80,69,71,68,62,78,67,55,29.96,29.92,29.87,10,10,10,22,12,26,0,
7/12/2016,12,88,81,74,71,68,64,87,67,46,29.89,29.83,29.78,10,10,9,21,12,27,0,
7/13/2016,13,84,76,68,74,69,65,97,81,65,29.92,29.85,29.71,10,10,9,26,10,34,0.06,"Rain , Thunderstorm"
7/14/2016,14,88,78,67,67,62,55,93,64,35,29.91,29.85,29.82,10,10,9,30,14,40,0,
7/15/2016,15,75,68,60,63,59,56,90,74,57,30.09,30.01,29.9,10,8,2,15,8,21,0.14,Rain
7/16/2016,16,77,67,57,57,55,51,93,67,40,30.17,30.11,30.07,10,10,10,15,6,18,0,
7/17/2016,17,83,72,61,75,64,53,85,72,58,30.08,30,29.94,10,9,1,25,11,32,0.25,"Rain , Thunderstorm"
7/18/2016,18,88,80,71,71,65,57,93,65,36,30.17,30.11,30.01,10,10,10,13,5,15,0,
7/19/2016,19,91,80,68,66,63,60,87,64,40,30.24,30.19,30.15,10,10,10,14,5,16,0,
7/20/2016,20,88,79,69,71,67,62,90,71,51,30.19,30.15,30.08,10,10,8,13,6,17,0,
7/21/2016,21,91,82,72,77,72,66,94,77,59,30.07,30.03,29.93,10,8,1,28,9,35,1.03,"Rain , Thunderstorm"
7/22/2016,22,90,81,72,76,71,67,93,76,59,30.02,29.98,29.95,10,10,10,28,7,34,0.01,Rain
7/23/2016,23,91,81,70,76,72,68,93,76,59,30.05,29.96,29.89,10,8,1,32,7,41,1.11,"Rain , Thunderstorm"
7/24/2016,24,93,82,71,78,71,62,93,79,64,29.96,29.88,29.83,10,9,1,29,12,37,0.94,"Rain , Thunderstorm"
7/25/2016,25,89,81,72,69,65,60,87,63,38,30,29.97,29.94,10,10,10,14,7,20,0,
7/26/2016,26,88,79,69,66,63,61,84,64,43,30.05,30.02,29.98,10,10,10,12,4,16,0,
7/27/2016,27,89,79,68,66,63,61,84,62,40,30.01,29.96,29.89,10,10,10,14,4,18,0,
7/28/2016,28,84,77,70,72,69,64,93,79,65,29.92,29.89,29.86,10,8,2,17,6,22,0.66,"Rain , Thunderstorm"
7/29/2016,29,81,76,70,70,68,66,97,83,69,29.94,29.92,29.88,10,9,4,17,8,20,0.11,"Rain , Thunderstorm"
7/30/2016,30,78,73,68,67,65,63,90,77,64,30,29.97,29.91,10,10,10,16,9,22,0,
7/31/2016,31,81,73,65,66,64,63,93,74,54,30.06,30.02,29.98,10,10,7,13,7,16,0,
8/1/2016,1,84,75,65,67,65,63,93,74,54,30.09,30.06,30.02,10,10,10,15,6,18,0,
8/2/2016,2,87,77,67,68,66,64,90,68,46,30.09,30.06,30.02,10,10,9,14,5,17,0,
8/3/2016,3,90,80,69,68,66,64,84,65,46,30.06,30.03,29.98,10,10,10,14,4,16,0,
8/4/2016,4,91,81,70,70,66,63,90,66,41,29.99,29.93,29.85,10,10,7,26,6,34,0.02,Rain
8/5/2016,5,86,79,72,70,67,60,87,66,44,29.93,29.88,29.78,10,10,10,16,8,22,T,Rain
8/6/2016,6,84,75,66,62,59,56,81,61,40,30,29.96,29.94,10,10,10,14,7,18,0,
8/7/2016,7,83,73,62,63,60,55,90,63,36,30.07,30.03,30,10,10,10,15,6,21,0,
8/8/2016,8,84,78,72,64,61,58,73,58,43,30.06,30.02,29.98,10,10,10,16,10,22,0,
8/9/2016,9,88,78,67,64,61,56,79,59,39,30.02,29.99,29.95,10,10,10,12,5,15,0,
8/10/2016,10,89,79,69,68,66,65,84,66,48,30.09,30.04,29.99,10,10,10,15,5,20,0,
8/11/2016,11,92,83,73,74,70,66,87,69,51,30.02,29.92,29.84,10,10,9,26,9,33,0,
8/12/2016,12,83,79,74,75,73,70,100,85,70,29.86,29.82,29.77,10,7,1,17,6,24,0.96,"Rain , Thunderstorm"
8/13/2016,13,84,78,72,74,70,65,100,78,55,29.93,29.79,29.72,10,9,3,20,9,24,T,
8/14/2016,14,87,76,65,66,64,60,93,68,42,30.07,30,29.94,10,10,10,13,4,16,0,
8/15/2016,15,78,73,67,69,67,64,93,80,67,30.09,30.01,29.93,10,10,10,20,8,24,T,
8/16/2016,16,88,80,71,70,67,59,93,66,39,30.08,30,29.91,10,10,8,13,7,17,0.02,Rain
8/17/2016,17,88,79,70,69,66,64,90,68,46,30.09,30.05,30,10,10,10,17,6,24,0.05,
8/18/2016,18,85,78,70,72,70,67,93,77,61,30.08,30.01,29.91,10,8,1,22,7,31,0.75,"Rain , Thunderstorm"
8/19/2016,19,84,75,66,70,66,64,87,71,55,29.99,29.89,29.8,10,10,7,29,9,37,0.07,"Rain , Thunderstorm"
8/20/2016,20,80,72,63,72,67,57,93,78,62,29.81,29.67,29.59,10,9,2,29,12,34,0.47,"Rain , Thunderstorm"
8/21/2016,21,76,67,58,56,54,49,93,67,41,30.08,29.91,29.75,10,10,10,20,10,25,0,
8/22/2016,22,78,67,56,58,53,50,86,63,40,30.19,30.14,30.09,10,10,10,14,5,26,0,
8/23/2016,23,81,71,60,62,60,57,90,71,51,30.21,30.15,30.06,10,10,10,20,12,24,0,
8/24/2016,24,84,77,70,73,69,62,93,79,65,30.06,29.97,29.89,10,8,2,25,11,32,0.23,Rain
8/25/2016,25,85,76,67,72,68,63,93,72,51,30.07,30,29.94,10,10,6,13,6,16,0.09,"Rain , Thunderstorm"
8/26/2016,26,81,74,66,65,61,58,87,68,48,30.18,30.12,30.08,10,10,6,14,7,23,0.14,"Rain , Thunderstorm"
8/27/2016,27,84,76,67,71,69,64,100,83,65,30.1,30.05,29.99,10,8,2,15,7,19,0.84,Rain
8/28/2016,28,83,77,71,71,69,68,93,78,63,30.21,30.16,30.08,10,10,9,15,6,19,0,Thunderstorm
8/29/2016,29,86,78,70,73,70,68,97,77,57,30.24,30.2,30.15,10,8,1,17,5,21,0.43,"Rain , Thunderstorm"
8/30/2016,30,84,77,70,72,70,66,100,80,59,30.17,30.11,30.01,10,8,2,25,4,28,0.19,"Rain , Thunderstorm"
8/31/2016,31,76,70,63,67,60,51,90,67,43,30.1,30.06,30.02,10,10,10,22,11,29,0,
9/1/2016,1,73,68,62,61,57,53,84,69,53,30.22,30.17,30.1,10,10,10,24,12,30,T,
9/2/2016,2,74,68,62,59,55,51,84,65,46,30.29,30.23,30.2,10,10,10,16,8,20,0,
9/3/2016,3,76,66,56,59,56,53,93,70,46,30.25,30.19,30.15,10,10,10,13,6,17,0,
9/4/2016,4,80,70,59,59,57,55,90,68,45,30.2,30.15,30.11,10,10,10,17,8,21,0,
9/5/2016,5,87,75,62,71,65,58,90,70,50,30.12,30.07,30.01,10,10,10,23,9,29,0,
9/6/2016,6,91,83,75,74,72,70,87,70,52,30.06,30.02,29.96,10,10,10,21,10,28,T,
9/7/2016,7,89,82,74,76,72,69,85,70,55,30.01,29.95,29.87,10,9,2,29,10,38,0.39,"Rain , Thunderstorm"
9/8/2016,8,82,76,70,72,70,65,93,78,62,29.93,29.87,29.82,10,10,10,18,8,24,0.05,Rain
9/9/2016,9,81,72,63,71,65,58,93,75,57,29.94,29.91,29.84,10,10,10,18,5,22,T,
9/10/2016,10,73,66,59,66,60,52,93,71,49,30.09,29.88,29.79,10,9,4,26,11,33,0.01,Rain
9/11/2016,11,76,64,51,54,51,47,93,65,36,30.22,30.15,30.1,10,10,10,13,6,17,0,
9/12/2016,12,79,67,54,56,53,50,86,63,39,30.13,30.08,30.01,10,10,10,20,9,25,0,
9/13/2016,13,85,75,65,66,61,55,87,67,47,30.13,30.04,30.01,10,10,10,16,9,21,T,Rain
9/14/2016,14,74,69,64,63,58,52,93,70,46,30.25,30.21,30.14,10,10,5,14,8,18,0.09,Rain
9/15/2016,15,78,69,60,60,58,56,90,69,47,30.25,30.18,30.09,10,10,10,16,8,25,0,
9/16/2016,16,83,74,65,68,62,56,79,69,58,30.07,29.96,29.88,10,10,10,24,12,35,0.01,
9/17/2016,17,82,74,64,67,61,50,93,70,31,29.94,29.9,29.86,10,9,5,18,8,26,0.04,Rain
9/18/2016,18,81,69,57,59,55,51,90,65,39,30.01,29.96,29.94,10,10,10,9,4,11,0,
9/19/2016,19,88,72,56,63,53,47,80,53,25,30.07,30,29.94,10,10,10,20,8,27,0,
9/20/2016,20,83,75,66,64,55,43,93,60,26,30.17,30.13,30.07,10,10,10,16,8,22,T,Rain
9/21/2016,21,74,70,65,66,63,61,93,83,73,30.24,30.16,30.02,10,9,2,30,7,34,0.55,"Rain , Thunderstorm"
9/22/2016,22,81,73,64,67,64,62,93,76,58,30.1,30.04,29.97,10,10,7,13,5,16,T,
9/23/2016,23,73,70,67,67,65,63,90,82,73,30.14,30.08,29.99,10,9,3,17,10,24,T,
9/24/2016,24,74,70,66,64,62,61,87,78,68,30.19,30.15,30.11,10,10,10,14,9,19,0,
9/25/2016,25,85,74,63,69,63,52,93,74,55,30.11,30,29.86,10,10,10,23,10,29,0.01,Rain
9/26/2016,26,69,63,56,54,41,32,72,49,25,29.99,29.95,29.9,10,10,10,29,15,36,T,Rain
9/27/2016,27,70,61,51,46,37,30,72,49,26,29.89,29.8,29.74,10,10,10,28,14,37,0,
9/28/2016,28,60,55,50,55,49,44,86,72,57,30.08,29.94,29.77,10,9,3,28,12,33,0.31,"Rain , Thunderstorm"
9/29/2016,29,65,62,59,60,57,55,90,84,78,30.23,30.16,30.07,10,9,2,24,16,31,0.2,Rain
9/30/2016,30,64,62,60,60,59,57,90,87,84,30.17,30.12,30.04,10,8,2,20,11,24,0.1,Rain
10/1/2016,1,64,61,57,60,58,55,100,92,84,30.04,30,29.97,10,7,2,14,7,16,0.94,"Rain , Thunderstorm"
10/2/2016,2,65,61,56,59,57,55,100,87,73,30.09,30.05,30,10,7,0,12,6,14,0.03,"Fog , Rain"
10/3/2016,3,67,62,57,58,56,53,93,78,63,30.12,30.09,30.06,10,10,10,9,5,11,0,
10/4/2016,4,75,68,60,58,56,54,90,70,49,30.08,30.03,29.96,10,10,10,16,9,20,0,
10/5/2016,5,80,70,59,61,57,53,84,63,42,30.07,29.95,29.91,10,10,10,20,10,26,T,
10/6/2016,6,74,66,58,68,63,54,100,87,73,30.11,30.06,29.99,10,9,3,15,6,19,0.25,"Rain , Thunderstorm"
10/7/2016,7,70,59,47,62,52,37,90,71,52,30.21,30.07,29.96,10,10,10,22,11,29,T,
10/8/2016,8,65,53,40,47,39,36,83,62,40,30.31,30.26,30.21,10,10,10,18,6,25,0,
10/9/2016,9,63,55,47,49,46,43,89,70,51,30.37,30.32,30.26,10,10,7,16,8,19,0,
10/10/2016,10,71,58,45,51,46,40,100,72,44,30.36,30.3,30.21,10,10,10,12,6,14,0,
10/11/2016,11,73,64,54,52,50,48,86,64,41,30.22,30.13,30.03,10,10,10,23,10,28,T,Rain
10/12/2016,12,69,57,45,61,53,41,87,72,56,30.19,30,29.9,10,8,3,24,14,29,0.14,"Rain , Thunderstorm"
10/13/2016,13,57,48,38,40,35,32,86,64,41,30.35,30.28,30.19,10,10,10,15,4,19,0,
10/14/2016,14,66,52,38,44,41,37,92,68,44,30.31,30.22,30.09,10,10,7,18,8,23,0,
10/15/2016,15,70,62,53,62,56,47,93,83,73,30.08,29.99,29.91,10,8,2,26,14,33,T,Rain
10/16/2016,16,72,69,65,65,63,60,93,85,76,29.91,29.87,29.81,10,9,3,18,9,27,0.29,"Rain , Thunderstorm"
10/17/2016,17,82,75,67,66,64,60,93,72,51,29.8,29.61,29.45,10,10,10,31,19,44,0,
10/18/2016,18,76,66,55,63,56,46,78,60,41,29.96,29.68,29.48,10,10,10,26,11,36,0,
10/19/2016,19,71,60,49,52,46,42,83,61,38,30.13,30.07,29.97,10,10,9,14,4,15,0.02,Rain
10/20/2016,20,56,51,45,51,44,34,89,75,60,30.19,30.13,30.07,10,10,10,22,14,28,0,
10/21/2016,21,54,46,37,35,32,28,76,60,44,30.2,30.16,30.14,10,10,10,20,12,26,0,
10/22/2016,22,60,49,37,42,35,30,80,62,43,30.14,30.07,29.98,10,10,10,15,7,21,0,
10/23/2016,23,73,57,41,50,43,31,100,63,26,30.12,29.96,29.83,10,10,7,25,11,32,0,
10/24/2016,24,59,49,39,48,40,36,83,65,47,30.42,30.32,30.14,10,10,10,18,7,24,0,
10/25/2016,25,54,45,36,43,38,35,86,68,50,30.47,30.41,30.34,10,10,9,17,7,23,T,Rain
10/26/2016,26,51,48,45,49,44,37,100,81,61,30.35,30.08,29.96,10,5,1,30,13,36,1.6,"Rain , Thunderstorm"
10/27/2016,27,51,47,42,48,41,37,100,83,66,30.27,30.17,29.98,10,9,2,18,7,23,T,
10/28/2016,28,65,52,38,57,47,37,100,86,71,30.27,30.11,29.9,10,10,6,24,12,33,0,
10/29/2016,29,71,64,56,61,57,50,93,82,70,30.01,29.92,29.87,10,10,7,21,11,28,0,
10/30/2016,30,56,49,41,52,48,39,93,82,71,30.25,30.11,29.98,10,9,2,21,10,24,0.5,"Rain , Thunderstorm"
10/31/2016,31,58,48,38,54,43,37,93,77,61,30.22,30.07,29.86,10,10,10,16,7,23,0,
11/1/2016,1,75,68,61,58,57,55,84,69,53,30.02,29.9,29.82,10,10,10,21,9,27,T,
11/2/2016,2,65,60,55,59,57,54,97,88,78,30.14,30.09,30.04,10,6,2,18,7,24,0.18,"Rain , Thunderstorm"
11/3/2016,3,67,58,48,53,50,45,100,73,45,30.35,30.2,30.13,10,6,1,13,5,24,0,
11/4/2016,4,63,52,40,45,43,41,96,72,48,30.46,30.39,30.34,10,10,10,12,4,14,0,
11/5/2016,5,68,56,43,49,45,41,89,71,52,30.36,30.32,30.27,10,10,10,14,7,17,0,
11/6/2016,6,69,56,42,48,46,42,100,72,44,30.38,30.33,30.3,10,10,5,9,3,12,0,
11/7/2016,7,66,54,42,46,42,40,96,70,43,30.34,30.28,30.2,10,10,9,13,6,16,0,
11/8/2016,8,63,56,49,51,44,37,83,65,46,30.3,30.2,30.14,10,10,7,21,10,25,0.03,Rain
11/9/2016,9,58,50,41,37,34,30,79,58,36,30.35,30.29,30.22,10,10,10,16,8,20,0,
11/10/2016,10,63,52,41,39,36,31,70,55,39,30.21,30.05,29.93,10,10,10,24,13,34,0,
11/11/2016,11,52,45,37,39,34,31,79,63,46,30.46,30.32,30.04,10,10,10,26,13,35,T,
11/12/2016,12,52,42,31,33,31,29,89,69,48,30.48,30.38,30.25,10,10,10,15,7,20,0,
11/13/2016,13,56,46,35,33,31,29,75,55,35,30.24,30.12,29.99,10,10,10,20,10,30,0,
11/14/2016,14,60,51,41,44,38,32,92,73,53,30.01,29.9,29.85,10,10,9,15,6,18,0,
11/15/2016,15,54,46,38,46,43,37,100,86,71,29.93,29.88,29.86,9,5,0,9,4,11,0,Fog
11/16/2016,16,60,50,39,46,42,38,100,78,55,29.96,29.92,29.87,10,8,5,12,5,13,0,
11/17/2016,17,72,58,44,51,47,42,92,70,47,29.9,29.79,29.7,10,9,5,23,15,29,0,
11/18/2016,18,66,53,39,59,46,27,84,68,52,29.89,29.78,29.69,10,9,2,30,18,43,0.2,"Rain , Thunderstorm"
11/19/2016,19,39,34,28,28,21,16,75,61,47,30.32,30.15,29.9,10,10,9,31,18,41,0.01,Snow
11/20/2016,20,35,29,23,17,15,14,68,58,47,30.39,30.33,30.3,10,10,10,22,9,26,0,
11/21/2016,21,41,32,22,25,19,14,81,58,34,30.36,30.32,30.3,10,10,10,10,4,11,0,
11/22/2016,22,41,33,25,30,27,23,88,74,59,30.35,30.28,30.18,10,10,10,17,9,21,0.02,Rain
11/23/2016,23,44,41,37,43,39,29,100,85,70,30.16,29.99,29.89,10,4,1,17,10,21,0.21,Rain
11/24/2016,24,43,39,35,39,34,31,92,84,76,30.27,30.17,29.99,10,10,6,17,9,22,T,Rain
11/25/2016,25,42,37,31,35,33,29,92,81,70,30.35,30.3,30.25,10,9,6,16,8,21,T,Rain
11/26/2016,26,47,40,32,37,33,29,85,75,65,30.37,30.28,30.14,10,10,9,15,7,21,0,
11/27/2016,27,44,38,32,38,35,31,100,88,76,30.13,29.96,29.71,10,5,2,23,10,29,0.05,Rain
11/28/2016,28,51,46,41,49,44,37,100,92,83,29.69,29.41,29.16,10,7,2,25,17,34,0.99,Rain
11/29/2016,29,57,51,44,46,41,39,86,69,51,29.59,29.49,29.26,10,10,9,22,13,31,0,
11/30/2016,30,45,40,34,39,30,29,92,81,70,29.68,29.63,29.57,10,10,9,21,11,28,T,Rain
12/1/2016,1,41,38,35,34,32,30,85,79,73,30.01,29.85,29.66,10,10,9,23,13,28,T,Rain
12/2/2016,2,40,37,34,32,28,23,82,71,59,30.34,30.18,30.02,10,10,9,17,9,20,T,
12/3/2016,3,34,32,29,26,23,21,85,74,63,30.37,30.34,30.3,10,10,10,14,6,17,0,
12/4/2016,4,33,30,27,32,29,25,100,86,72,30.27,30.02,29.88,10,4,0,15,4,20,0.5,"Fog , Snow"
12/5/2016,5,34,33,31,32,30,29,96,91,85,30.05,30,29.93,9,5,3,21,9,25,0,
12/6/2016,6,41,33,25,34,28,19,100,85,69,29.99,29.83,29.73,10,4,0,22,10,29,0,Fog
12/7/2016,7,27,25,22,18,16,13,75,72,68,30.17,30.11,30.01,10,10,10,29,16,36,T,Snow
12/8/2016,8,24,21,17,16,13,8,77,70,62,30.44,30.31,30.17,10,10,9,26,17,34,0.01,Snow
12/9/2016,9,25,22,18,17,14,12,84,72,60,30.56,30.52,30.45,10,10,7,14,10,19,T,Snow
12/10/2016,10,23,21,18,20,16,11,92,79,65,30.56,30.43,30.26,10,6,1,14,9,18,0.12,Snow
12/11/2016,11,33,28,23,32,27,19,100,91,81,30.27,29.94,29.74,9,3,0,18,10,24,0.44,"Fog , Snow"
12/12/2016,12,32,20,7,27,14,5,92,83,73,30.13,30.04,29.82,8,7,6,23,11,29,0,
12/13/2016,13,22,12,2,18,5,-5,92,72,51,30.29,30.18,30.06,10,9,2,17,10,20,T,Snow
12/14/2016,14,19,11,3,8,-1,-8,76,65,54,30.31,30.22,30.12,10,10,7,26,16,35,T,Snow
12/15/2016,15,9,4,-2,-2,-6,-10,79,71,62,30.49,30.43,30.32,10,10,10,21,11,28,0,
12/16/2016,16,20,14,7,18,11,-2,92,74,56,30.38,29.94,29.68,10,5,0,17,9,21,0.13,"Fog , Snow"
12/17/2016,17,22,20,18,19,16,13,92,83,73,29.94,29.77,29.65,10,5,1,28,10,32,0.12,Snow
12/18/2016,18,18,6,-7,13,-1,-15,88,72,56,30.75,30.36,29.89,10,7,1,28,13,34,0.03,Snow
12/19/2016,19,15,1,-13,4,-5,-16,83,63,42,30.77,30.65,30.47,10,10,10,20,12,25,0,
12/20/2016,20,28,21,14,17,12,3,74,63,52,30.44,30.23,30.15,10,10,10,29,16,38,0,
12/21/2016,21,36,28,19,27,21,15,84,74,63,30.18,30.06,29.94,10,10,9,17,8,21,0,
12/22/2016,22,37,31,24,29,25,20,81,70,59,30.37,30.27,29.99,10,10,9,15,9,19,0,
12/23/2016,23,35,31,27,32,29,23,96,86,75,30.34,30.08,29.92,10,6,2,14,8,17,0.1,"Rain , Snow"
12/24/2016,24,38,36,33,33,31,30,100,88,76,30.4,30.19,29.94,10,6,1,14,5,17,T,
12/25/2016,25,39,36,32,38,32,30,100,95,89,30.43,30.24,29.97,7,3,0,22,14,27,0.09,"Fog , Rain"
12/26/2016,26,54,41,28,53,38,17,100,71,42,30.06,29.92,29.83,10,7,0,33,19,44,0.23,"Fog , Rain"
12/27/2016,27,28,24,19,21,19,16,88,76,63,30.19,30.14,30.06,10,10,10,22,11,32,0,
12/28/2016,28,45,32,19,31,25,18,100,71,41,30.18,29.93,29.77,10,10,10,30,12,39,0,
12/29/2016,29,35,33,30,27,23,17,78,69,59,29.97,29.86,29.75,10,10,6,26,18,35,T,Snow
12/30/2016,30,38,31,24,22,18,15,74,62,49,30.1,29.96,29.63,10,10,10,29,14,39,0,
12/31/2016,31,40,32,23,24,21,19,81,65,48,29.99,29.73,29.55,10,10,10,25,13,36,0,
1/1/2017,1,39,28,18,24,19,16,92,69,39,30.19,30.12,30.01,10,9,7,13,5,18,0,
1/2/2017,2,39,34,28,38,33,24,97,87,68,30.16,30.03,29.87,9,4,0,9,6,-,0.12,"Fog , Rain"
1/3/2017,3,39,29,19,38,34,12,100,93,64,29.93,29.81,29.75,10,4,0,21,6,28,0,"Fog , Rain"
1/4/2017,4,19,13,7,9,2,-2,73,60,47,30.09,30.04,29.94,10,10,10,25,17,34,0,
1/5/2017,5,13,8,3,0,-3,-8,69,61,53,30.15,30.09,30.03,10,10,7,20,13,24,T,Snow
1/6/2017,6,9,5,0,-4,-7,-9,75,62,49,30.47,30.29,30.14,10,10,10,16,10,19,T,
1/7/2017,7,18,9,0,1,-3,-8,79,61,43,30.68,30.55,30.47,10,10,10,22,11,27,0,
1/8/2017,8,19,11,2,3,-3,-6,75,56,37,30.76,30.63,30.42,10,10,10,21,10,25,0,
1/9/2017,9,33,26,18,24,19,6,84,67,49,30.37,30.18,29.93,10,8,2,22,13,27,0.02,Snow
1/10/2017,10,51,38,25,48,33,18,89,79,68,29.96,29.58,29.2,10,8,2,40,23,56,0.2,Rain
1/11/2017,11,43,34,25,42,30,18,100,85,70,30.01,29.78,29.64,10,6,0,22,12,29,0.33,"Fog , Rain , Thunderstorm"
1/12/2017,12,28,24,19,25,18,7,96,77,57,30.55,30.12,29.87,10,7,1,17,11,21,0.05,"Rain , Snow"
1/13/2017,13,27,22,16,21,13,5,88,72,56,30.82,30.71,30.56,10,10,10,15,9,19,0,
1/14/2017,14,35,28,21,20,19,17,75,64,52,30.61,30.5,30.45,10,10,9,9,5,11,0,
1/15/2017,15,36,28,20,24,19,13,84,61,38,30.48,30.4,30.31,10,10,7,7,2,8,0,
1/16/2017,16,37,34,30,37,33,26,100,89,78,30.3,30.1,29.82,9,3,0,12,6,14,0.9,Rain
1/17/2017,17,39,37,35,38,36,33,100,96,92,30.02,29.85,29.72,9,5,1,16,10,20,0.48,"Rain , Thunderstorm"
1/18/2017,18,36,33,30,34,32,29,100,91,82,30.15,30.09,30,10,5,1,16,10,22,T,Rain
1/19/2017,19,42,36,30,37,35,30,100,90,79,30.06,29.93,29.69,5,3,1,12,7,14,0.46,Rain
1/20/2017,20,43,41,38,42,39,37,100,96,92,29.69,29.64,29.61,4,2,0,13,6,17,0.18,"Fog , Rain"
1/21/2017,21,59,50,40,48,44,39,100,81,62,29.61,29.55,29.45,10,5,0,20,9,27,T,Fog
1/22/2017,22,46,42,38,42,39,37,100,88,76,29.71,29.62,29.57,10,6,0,14,5,18,0.01,"Fog , Rain"
1/23/2017,23,42,39,36,37,35,33,100,88,76,29.83,29.75,29.69,10,8,0,16,9,21,0,
1/24/2017,24,38,36,34,34,32,31,92,87,82,29.91,29.84,29.75,10,9,5,15,7,18,T,
1/25/2017,25,42,38,34,38,35,32,100,93,85,29.74,29.52,29.42,10,5,1,22,11,27,0.09,"Rain , Snow"
1/26/2017,26,34,32,30,32,27,22,96,83,69,29.94,29.8,29.57,10,9,2,22,13,28,T,"Rain , Snow"
1/27/2017,27,31,28,24,23,20,16,81,72,63,29.94,29.88,29.77,10,10,8,22,15,30,T,Snow
1/28/2017,28,29,27,24,23,20,17,81,72,63,29.84,29.79,29.73,10,9,7,20,12,23,T,
1/29/2017,29,28,25,21,18,15,9,68,61,53,29.97,29.86,29.79,10,9,2,22,11,28,T,Snow
1/30/2017,30,37,26,15,31,15,6,75,59,42,30.03,29.8,29.47,10,9,2,23,10,29,0.01,Snow
1/31/2017,31,39,37,35,34,31,27,92,76,59,29.94,29.72,29.49,10,10,6,25,16,33,0.03,Rain
2/1/2017,1,38,30,21,29,22,8,92,65,38,30.27,30.07,29.94,10,10,2,23,12,29,T,Snow
2/2/2017,2,24,19,14,6,5,2,67,56,44,30.43,30.39,30.3,10,10,10,22,14,27,0,
2/3/2017,3,28,21,14,6,3,-2,67,49,31,30.5,30.46,30.39,10,10,10,20,11,27,0,
2/4/2017,4,33,22,10,14,8,4,80,57,33,30.47,30.2,29.9,10,10,10,23,13,30,0,
2/5/2017,5,38,31,24,23,20,14,81,63,45,30.14,30.01,29.86,10,10,9,18,9,29,0,
2/6/2017,6,55,38,21,43,36,19,100,78,55,30.08,29.82,29.64,10,5,0,15,7,19,T,"Fog , Rain"
2/7/2017,7,50,41,32,50,41,26,100,91,82,29.73,29.46,29.29,10,4,0,25,10,34,0.47,"Fog , Rain , Thunderstorm"
2/8/2017,8,32,26,19,23,17,8,78,68,58,30.12,29.95,29.75,10,10,10,20,11,24,0,
2/9/2017,9,25,19,13,10,3,-2,67,53,39,30.35,30.29,30.14,10,10,10,21,12,26,0,
2/10/2017,10,41,30,18,33,21,6,76,66,56,30.28,29.9,29.71,10,10,10,26,14,35,0,
2/11/2017,11,49,42,34,35,34,32,96,79,61,29.96,29.88,29.77,10,9,7,16,7,19,0,
2/12/2017,12,47,39,31,35,25,11,89,58,27,30.35,30.12,29.94,10,10,7,36,16,46,T,
2/13/2017,13,44,35,25,25,21,17,81,60,38,30.35,30.2,29.93,10,10,10,20,10,25,0,
2/14/2017,14,50,41,31,30,27,20,78,60,42,29.9,29.8,29.71,10,10,10,25,14,34,0,
2/15/2017,15,35,31,26,16,13,10,61,50,39,29.94,29.91,29.81,10,10,10,21,11,26,0,
2/16/2017,16,41,36,30,24,16,8,69,52,34,29.97,29.86,29.7,10,10,10,16,9,23,0,
2/17/2017,17,67,47,27,40,33,24,85,60,34,29.71,29.66,29.62,10,10,10,20,8,23,0,
2/18/2017,18,70,55,40,37,35,33,70,48,26,29.85,29.73,29.63,10,10,10,15,7,23,0,
2/19/2017,19,69,52,35,36,32,27,85,55,24,30.11,30.03,29.87,10,10,7,13,4,16,0,
2/20/2017,20,70,56,41,48,44,32,92,68,44,30.14,30.04,29.91,10,8,3,23,12,28,0,
2/21/2017,21,66,58,49,55,52,46,93,77,60,29.94,29.91,29.85,10,8,4,18,7,23,0.04,Rain
2/22/2017,22,68,59,50,54,53,49,96,77,58,29.84,29.74,29.6,10,5,0,22,12,29,0,Fog
2/23/2017,23,59,49,38,50,39,34,92,79,66,29.85,29.76,29.63,10,10,6,23,13,33,0.21,Rain
2/24/2017,24,40,37,33,38,36,28,92,87,82,29.64,29.52,29.44,10,6,2,24,13,35,0.15,"Rain , Thunderstorm"
2/25/2017,25,33,28,23,28,17,13,82,69,55,30.07,29.81,29.6,10,9,3,24,14,30,T,Snow
2/26/2017,26,49,35,21,29,21,16,81,56,31,30.07,30.01,29.94,10,10,10,30,14,38,T,Rain
2/27/2017,27,54,41,27,40,31,22,81,63,45,30.17,30.1,30.01,10,10,10,16,7,24,0,
2/28/2017,28,60,54,47,56,51,41,93,82,71,29.99,29.63,29.45,10,7,2,25,14,30,0.65,"Rain , Thunderstorm"
3/1/2017,1,54,43,32,52,33,24,100,85,69,30.08,29.7,29.41,10,5,0,29,14,36,0.12,"Fog , Rain , Snow"
3/2/2017,2,35,31,27,23,18,14,72,58,43,30.4,30.26,30.08,10,9,5,18,11,24,T,Snow
3/3/2017,3,33,27,21,17,7,-1,58,45,31,30.63,30.57,30.43,10,10,10,23,10,29,0,
3/4/2017,4,42,35,28,27,25,19,85,69,53,30.58,30.49,30.37,10,8,2,24,15,29,0.01,Snow
3/5/2017,5,60,46,32,47,36,24,72,56,40,30.35,30.14,30.04,10,10,10,23,15,32,0,
3/6/2017,6,65,59,52,57,50,43,84,75,66,30.04,29.82,29.55,10,10,10,35,21,46,T,
3/7/2017,7,65,55,44,57,37,21,77,54,30,29.96,29.76,29.53,10,9,4,36,19,49,0.24,"Rain , Thunderstorm"
3/8/2017,8,53,47,40,24,17,12,49,35,21,30.17,30.01,29.92,10,10,10,41,22,57,0,
3/9/2017,9,42,36,29,27,20,11,69,53,37,30.19,30.17,30.15,10,10,10,20,7,24,0,
3/10/2017,10,36,30,23,10,0,-7,42,32,21,30.46,30.4,30.21,10,10,10,24,15,29,0,
3/11/2017,11,32,25,18,5,-3,-8,39,29,19,30.54,30.5,30.46,10,10,10,17,9,22,0,
3/12/2017,12,36,27,18,24,9,-2,85,54,23,30.51,30.4,30.29,10,8,1,16,7,21,0.05,Snow
3/13/2017,13,30,28,27,25,23,21,89,80,62,30.29,30.21,30.16,10,3,0,17,11,23,0.12,"Fog , Snow"
3/14/2017,14,28,24,19,24,16,3,92,65,37,30.38,30.3,30.21,10,4,0,23,14,29,0.19,"Fog , Snow , Thunderstorm"
3/15/2017,15,33,25,16,11,8,6,61,49,36,30.41,30.37,30.34,10,10,10,21,12,24,0,
3/16/2017,16,42,30,18,25,13,9,64,47,30,30.38,30.3,30.19,10,10,10,12,6,16,0,
3/17/2017,17,50,43,36,43,33,24,92,76,59,30.17,30.02,29.92,10,6,1,28,10,34,0.03,"Rain , Snow"
3/18/2017,18,45,39,32,33,30,28,70,64,58,30.32,30.14,29.98,10,10,10,24,13,29,0,
3/19/2017,19,53,41,29,34,30,25,85,66,46,30.39,30.28,30.05,10,10,10,24,9,31,0,
3/20/2017,20,54,46,37,43,39,33,89,70,50,30.12,30.02,29.96,10,9,5,21,8,23,0.13,"Rain , Thunderstorm"
3/21/2017,21,54,44,33,33,26,17,82,61,39,30.43,30.23,30.12,10,10,10,25,12,32,0,
3/22/2017,22,37,33,28,22,18,15,63,54,44,30.6,30.53,30.42,10,10,10,23,12,30,0,
3/23/2017,23,50,40,29,33,24,18,75,55,34,30.48,30.26,30.03,10,10,10,26,13,33,0.02,"Rain , Thunderstorm"
3/24/2017,24,82,62,42,49,40,33,76,51,25,30.08,29.96,29.87,10,10,7,30,16,39,T,"Rain , Thunderstorm"
3/25/2017,25,47,44,41,44,40,36,96,86,76,30.07,30.02,29.94,10,5,2,20,12,26,0.71,Rain
3/26/2017,26,62,55,47,55,50,43,93,79,65,29.93,29.85,29.79,10,6,1,16,8,20,0.3,Rain
3/27/2017,27,52,47,42,50,44,36,93,84,74,29.99,29.92,29.87,10,4,0,14,7,19,T,"Fog , Rain"
3/28/2017,28,50,43,36,38,36,34,92,77,61,30.24,30.12,29.99,10,9,2,18,11,32,0,
3/29/2017,29,49,42,35,38,35,33,100,80,60,30.27,30.2,30.02,10,6,0,21,12,26,0.11,"Fog , Rain"
3/30/2017,30,45,42,39,42,39,37,92,87,82,29.98,29.75,29.59,10,5,2,28,15,34,1.84,"Rain , Thunderstorm"
3/31/2017,31,44,40,36,37,34,31,92,80,67,30.06,29.82,29.65,10,7,2,23,15,31,0.02,Rain
4/1/2017,1,59,47,34,31,23,16,82,51,20,30.24,30.19,30.09,10,10,10,13,6,17,0,
4/2/2017,2,61,52,42,40,31,18,66,50,33,30.21,30.08,29.86,10,10,10,17,6,22,T,Rain
4/3/2017,3,54,50,46,47,43,38,93,76,59,29.84,29.51,29.34,10,6,2,16,8,20,0.19,Rain
4/4/2017,4,56,50,43,45,43,39,86,74,61,29.93,29.67,29.39,10,9,2,16,9,22,0.02,Rain
4/5/2017,5,47,44,40,41,39,37,89,80,71,29.94,29.77,29.67,10,5,1,31,18,39,1.04,Rain
4/6/2017,6,51,45,38,37,32,28,92,71,50,30.04,29.84,29.68,10,9,6,30,17,40,0.29,Rain
4/7/2017,7,54,46,37,29,20,13,70,45,19,30.12,30.08,30.03,10,10,10,22,11,26,0,
4/8/2017,8,68,53,37,41,32,20,59,46,33,30.06,29.96,29.83,10,10,10,25,14,32,0,
4/9/2017,9,77,67,57,55,47,38,55,49,43,29.82,29.73,29.62,10,10,10,33,19,47,0,
4/10/2017,10,78,60,41,58,50,40,89,64,38,29.99,29.82,29.66,10,9,1,36,14,44,0.32,"Rain , Thunderstorm"
4/11/2017,11,54,48,41,44,39,36,100,77,54,30.3,30.13,29.97,10,7,0,20,9,24,T,Fog
4/12/2017,12,59,49,38,37,32,14,85,55,24,30.4,30.36,30.3,10,10,10,16,7,27,0,
4/13/2017,13,60,52,44,45,38,18,83,56,29,30.38,30.31,30.24,10,9,4,17,9,26,0.19,Rain
4/14/2017,14,66,57,47,59,44,35,84,66,48,30.26,30.17,30.03,10,10,5,16,9,20,0.06,Rain
4/15/2017,15,82,72,61,57,54,50,84,59,34,30,29.91,29.79,10,10,10,32,16,41,0.09,
4/16/2017,16,73,63,52,60,51,31,90,58,26,30.1,29.91,29.76,10,9,3,23,12,29,0.59,"Rain , Thunderstorm"
4/17/2017,17,69,57,44,40,37,28,76,49,22,30.2,30.15,30.11,10,10,10,17,7,19,0,
4/18/2017,18,76,59,41,54,43,37,89,57,25,30.2,30.08,29.94,10,10,10,26,12,33,0,
4/19/2017,19,70,58,45,58,49,37,78,70,61,30.11,30.03,29.93,10,10,5,20,10,24,0.01,"Rain , Thunderstorm"
4/20/2017,20,73,61,48,60,47,39,83,69,55,29.96,29.87,29.79,10,10,10,29,15,36,T,
4/21/2017,21,53,49,44,38,33,31,65,56,46,30.16,30.07,29.95,10,10,10,22,13,29,0,
4/22/2017,22,60,49,38,34,27,19,70,46,21,30.22,30.18,30.13,10,10,10,16,9,20,0,
4/23/2017,23,72,55,37,38,30,24,76,47,17,30.16,30.1,30.03,10,10,10,15,6,19,0,
4/24/2017,24,73,57,40,39,34,26,86,53,20,30.05,29.92,29.75,10,10,10,20,8,23,0,
4/25/2017,25,79,66,52,52,47,38,72,54,35,29.73,29.63,29.52,10,10,10,23,12,30,0,
4/26/2017,26,74,67,60,58,56,53,90,74,57,29.52,29.45,29.39,10,9,3,23,12,31,0.22,Rain
4/27/2017,27,62,52,41,59,46,34,97,81,65,29.87,29.51,29.26,10,8,2,28,16,35,0.14,Rain
4/28/2017,28,60,50,40,47,40,32,82,69,56,30.03,29.92,29.86,10,9,5,18,8,31,T,Rain
4/29/2017,29,46,43,40,42,37,30,93,76,58,30.22,30.1,29.97,10,6,2,32,19,41,1.95,"Rain , Thunderstorm"
4/30/2017,30,47,45,42,45,42,40,96,91,86,29.99,29.81,29.54,10,3,0,21,13,25,1.32,"Rain , Thunderstorm"
5/1/2017,1,57,51,45,50,44,38,100,80,59,29.55,29.45,29.4,10,8,2,26,15,34,0.09,Rain
5/2/2017,2,51,46,41,39,37,35,86,71,56,30.05,29.71,29.49,10,10,10,25,15,33,0.01,Rain
5/3/2017,3,56,46,35,39,32,26,92,62,32,30.19,30.14,30.06,10,10,10,14,6,17,0,
5/4/2017,4,54,49,43,40,36,31,71,62,53,30.08,29.98,29.89,10,10,10,21,11,26,0,
5/5/2017,5,61,51,41,40,38,35,83,61,39,29.88,29.83,29.78,10,10,10,28,13,36,T,Rain
5/6/2017,6,58,51,44,41,33,22,83,58,33,29.95,29.83,29.74,10,10,8,24,13,32,0.11,Rain
5/7/2017,7,59,48,36,30,25,19,59,42,24,30.07,30.02,29.95,10,10,10,17,9,22,0,
5/8/2017,8,57,46,34,31,26,20,76,52,28,30.19,30.1,30.02,10,10,9,15,7,17,0.02,Rain
5/9/2017,9,61,52,42,43,36,30,76,60,43,30.01,29.95,29.91,10,10,8,15,7,18,0.13,Rain
5/10/2017,10,67,56,44,52,45,28,96,71,46,29.99,29.91,29.84,10,6,1,20,8,24,0.87,"Rain , Thunderstorm"
5/11/2017,11,65,57,49,49,45,38,93,67,40,29.99,29.94,29.87,10,8,4,15,9,20,T,
5/12/2017,12,73,59,45,45,41,38,82,57,31,29.98,29.96,29.93,10,10,10,15,6,18,0,
5/13/2017,13,82,65,47,50,45,39,80,56,32,29.93,29.86,29.77,10,10,10,24,9,32,0,
5/14/2017,14,71,61,51,47,41,30,83,61,39,29.99,29.91,29.83,10,10,10,18,8,22,0,
5/15/2017,15,82,66,50,57,48,34,71,55,39,29.99,29.92,29.77,10,10,10,22,9,27,0.02,Thunderstorm
5/16/2017,16,87,74,61,63,58,51,84,57,29,29.91,29.76,29.66,10,10,10,29,15,37,0,
5/17/2017,17,84,73,62,62,59,53,84,61,37,29.72,29.65,29.56,10,10,5,39,20,50,0.37,"Rain , Thunderstorm"
5/18/2017,18,78,63,48,62,55,40,81,64,46,30.08,29.77,29.6,10,9,2,35,19,47,0,"Rain , Thunderstorm"
5/19/2017,19,50,47,43,44,40,36,92,79,65,30.17,30.12,30.04,10,8,2,28,16,35,0.23,Rain
5/20/2017,20,64,56,48,59,49,35,93,77,61,30.16,30,29.89,10,7,2,22,11,26,0.34,"Rain , Thunderstorm"
5/21/2017,21,65,58,51,62,52,40,97,75,52,30.03,29.91,29.83,10,7,1,23,13,29,0.05,"Rain , Thunderstorm"
5/22/2017,22,73,61,48,53,46,40,80,56,31,30.04,29.96,29.88,10,10,10,23,13,31,0.01,
5/23/2017,23,62,59,55,56,54,52,93,80,67,29.86,29.77,29.67,10,8,4,17,7,22,0.33,Rain
5/24/2017,24,62,58,53,52,50,48,93,81,69,29.66,29.58,29.55,10,9,4,23,14,30,0.17,Rain
5/25/2017,25,69,61,52,54,51,49,89,72,55,29.78,29.62,29.53,10,10,9,18,9,23,0,
5/26/2017,26,71,62,52,55,53,49,93,75,57,29.86,29.82,29.78,10,8,2,16,8,19,0.53,Rain
5/27/2017,27,78,65,52,58,53,50,96,71,46,29.92,29.87,29.81,10,10,8,14,5,17,0,
5/28/2017,28,77,67,56,61,55,46,84,61,38,29.81,29.74,29.71,10,10,6,20,7,24,T,Thunderstorm
5/29/2017,29,77,66,55,50,46,40,72,50,27,29.88,29.81,29.74,10,10,10,30,12,37,0,
5/30/2017,30,74,64,54,48,44,38,77,54,31,29.96,29.92,29.89,10,10,10,24,12,36,T,Rain
5/31/2017,31,74,63,52,45,42,39,71,50,29,30,29.97,29.93,10,10,10,22,11,29,0,
6/1/2017,1,81,66,51,45,40,31,71,45,18,30.09,30.04,30.01,10,10,10,14,5,18,0,
6/2/2017,2,86,70,53,44,42,39,61,41,20,30.1,30.04,29.99,10,10,10,16,5,24,0,
6/3/2017,3,84,71,57,60,52,44,55,45,34,30.04,29.98,29.88,10,10,10,22,6,30,T,
6/4/2017,4,92,79,66,63,58,50,73,49,25,29.87,29.79,29.71,10,10,10,21,8,28,0,
6/5/2017,5,75,67,59,59,53,38,84,63,42,29.97,29.84,29.73,10,10,10,25,14,32,0,
6/6/2017,6,76,65,54,46,43,37,77,53,29,30.07,30.03,29.98,10,10,10,22,14,32,0,
6/7/2017,7,77,67,56,49,44,37,77,51,25,30.14,30.1,30.06,10,10,10,18,8,25,0,
6/8/2017,8,83,68,53,52,44,39,72,47,22,30.06,29.95,29.82,10,10,9,13,4,19,0.06,Rain
6/9/2017,9,87,76,65,58,55,51,68,52,35,29.84,29.78,29.75,10,10,6,17,9,23,T,"Rain , Thunderstorm"
6/10/2017,10,90,77,64,57,52,45,78,50,22,29.87,29.81,29.75,10,10,10,31,14,39,0,
6/11/2017,11,93,83,73,63,58,54,58,43,28,29.94,29.88,29.83,10,10,10,24,15,34,0,
6/12/2017,12,95,84,73,65,61,57,60,46,31,29.96,29.91,29.83,10,10,10,26,12,33,0,
6/13/2017,13,88,78,68,66,63,61,78,62,45,29.98,29.93,29.89,10,10,9,20,7,24,0,Thunderstorm
6/14/2017,14,92,80,68,70,66,60,90,70,49,29.92,29.87,29.78,10,8,1,25,10,33,0.59,"Rain , Thunderstorm"
6/15/2017,15,91,80,68,68,63,54,90,60,29,29.86,29.81,29.78,10,10,7,30,8,39,0.07,"Rain , Thunderstorm"
6/16/2017,16,86,77,67,67,61,56,81,63,44,29.86,29.78,29.66,10,10,6,31,10,39,0.22,"Rain , Thunderstorm"
6/17/2017,17,87,78,69,72,68,64,93,76,59,29.68,29.63,29.56,10,10,3,20,9,25,0.42,"Rain , Thunderstorm"
6/18/2017,18,79,74,69,70,62,54,87,66,45,29.74,29.62,29.52,10,10,10,28,14,35,T,Rain
6/19/2017,19,80,71,62,57,54,51,78,59,39,29.92,29.83,29.75,10,10,7,29,10,36,0.03,"Rain , Hail , Thunderstorm"
6/20/2017,20,80,69,58,56,53,49,86,61,35,29.96,29.93,29.9,10,10,10,28,10,32,T,Rain
6/21/2017,21,80,68,55,58,53,48,86,61,35,29.98,29.94,29.87,10,10,10,20,7,23,0,
6/22/2017,22,88,78,68,70,67,60,74,62,50,29.86,29.76,29.68,10,10,10,25,15,31,T,
6/23/2017,23,83,75,66,71,61,45,82,54,26,29.83,29.68,29.62,10,9,1,25,12,32,0.71,"Rain , Thunderstorm"
6/24/2017,24,75,67,59,55,50,40,78,55,31,30.05,29.95,29.85,10,10,8,28,12,36,0.02,Rain
6/25/2017,25,72,63,54,51,48,45,83,62,40,30.1,30.08,30.04,10,10,10,22,13,32,0,
6/26/2017,26,75,65,54,49,45,39,83,57,31,30.11,30.07,30.02,10,10,10,25,12,34,0,
6/27/2017,27,78,64,50,47,45,42,83,57,31,30.13,30.07,30,10,10,10,15,7,21,0,
6/28/2017,28,80,69,58,65,57,46,87,68,49,30.03,29.88,29.74,10,9,0,30,15,39,1.3,"Fog , Rain , Thunderstorm"
6/29/2017,29,81,74,66,68,64,61,93,76,58,29.85,29.79,29.7,10,10,6,22,11,31,0.02,"Rain , Thunderstorm"
6/30/2017,30,84,74,64,67,66,63,93,74,55,29.87,29.82,29.77,10,8,2,13,6,22,0,
7/1/2017,1,82,74,66,64,57,51,87,61,34,30,29.9,29.81,10,10,10,22,10,28,0,
7/2/2017,2,89,76,62,63,59,55,78,59,40,30.05,30,29.96,10,10,10,23,10,30,0,
7/3/2017,3,80,73,66,64,61,56,81,69,57,30.07,30.04,29.99,10,10,10,17,9,20,0.04,
7/4/2017,4,83,74,64,67,62,56,87,73,58,30.09,30.07,30.04,10,10,9,14,7,17,0,
7/5/2017,5,89,77,65,64,62,53,93,68,42,30.12,30.07,30.01,10,10,7,16,6,19,0,Thunderstorm
7/6/2017,6,93,81,69,68,65,62,79,59,38,30.01,29.95,29.87,10,10,10,17,7,22,0,
7/7/2017,7,89,76,63,70,64,56,82,65,48,29.93,29.86,29.82,10,10,9,21,9,28,T,"Rain , Thunderstorm"
7/8/2017,8,80,71,62,57,53,49,84,61,38,30.05,30.01,29.91,10,10,10,14,7,17,0,
7/9/2017,9,86,75,63,66,55,47,69,52,34,30.05,29.98,29.86,10,10,10,16,8,21,0,
7/10/2017,10,84,76,67,71,67,64,84,71,58,29.89,29.82,29.77,10,9,3,30,7,38,0.73,"Rain , Thunderstorm"
7/11/2017,11,85,78,70,73,69,67,94,78,61,29.91,29.86,29.82,10,9,3,17,6,22,0.56,"Rain , Thunderstorm"
7/12/2017,12,81,75,68,75,69,64,88,81,74,29.99,29.91,29.85,10,8,1,31,11,39,1.77,"Rain , Thunderstorm"
7/13/2017,13,83,79,75,75,67,63,82,69,55,30.02,29.96,29.86,10,10,7,21,11,28,T,"Rain , Thunderstorm"
7/14/2017,14,73,68,63,65,58,54,81,71,61,30.14,30.1,30.02,10,10,10,17,9,21,0,
7/15/2017,15,81,71,60,63,59,56,90,70,50,30.17,30.09,29.99,10,10,10,14,6,19,0,
7/16/2017,16,78,69,60,64,60,56,84,73,61,30.05,30.01,29.88,10,10,10,29,12,37,T,Rain
7/17/2017,17,79,68,56,61,57,52,93,68,42,30.07,30.04,30.01,10,10,8,14,6,16,0,
7/18/2017,18,89,75,60,69,61,52,90,62,34,30.08,30.04,30,10,9,5,13,4,17,0,
7/19/2017,19,88,79,70,71,68,65,90,74,57,30.16,30.07,30.03,10,9,1,35,8,43,0.48,"Rain , Thunderstorm"
7/20/2017,20,88,79,69,74,69,66,90,77,63,30.13,30,29.93,10,8,1,24,8,32,1.77,"Rain , Thunderstorm"
7/21/2017,21,89,81,72,74,71,68,93,74,55,30,29.92,29.83,10,7,0,23,7,34,1.43,"Rain , Thunderstorm"
7/22/2017,22,88,80,72,70,69,68,93,75,57,29.85,29.8,29.72,10,9,2,24,9,32,0.66,"Rain , Thunderstorm"
7/23/2017,23,90,80,70,72,66,61,93,66,38,29.88,29.79,29.74,10,9,0,28,6,36,0.21,"Rain , Thunderstorm"
7/24/2017,24,74,70,66,63,59,56,81,67,53,30.12,30.01,29.89,10,10,10,20,11,26,0,
7/25/2017,25,82,72,61,62,57,54,90,65,39,30.2,30.15,30.09,10,10,10,18,8,23,0,
7/26/2017,26,85,75,65,71,65,58,78,69,59,30.13,30.03,29.94,10,10,8,13,7,16,0.03,Rain
7/27/2017,27,82,76,70,72,65,54,87,65,43,29.95,29.92,29.88,10,9,5,24,11,31,T,Rain
7/28/2017,28,79,73,67,64,60,54,79,64,48,30.02,29.98,29.92,10,10,10,21,14,26,0,
7/29/2017,29,79,72,64,60,53,50,81,60,39,30.14,30.11,30.03,10,10,10,20,10,26,0,
7/30/2017,30,84,73,62,61,58,55,78,59,40,30.2,30.18,30.15,10,10,10,13,5,16,0,
7/31/2017,31,86,76,65,60,58,54,81,58,34,30.2,30.15,30.1,10,10,10,12,3,15,0,
8/1/2017,1,86,77,67,65,62,60,78,63,47,30.11,30.05,29.99,10,10,9,33,5,41,0.92,"Rain , Thunderstorm"
8/2/2017,2,87,77,66,69,65,58,90,69,36,30.04,30,29.96,10,10,6,21,7,31,T,"Rain , Thunderstorm"
8/3/2017,3,84,73,61,69,66,55,90,72,54,30.03,29.9,29.78,10,9,2,32,9,45,0.88,"Rain , Thunderstorm"
8/4/2017,4,68,62,56,54,51,48,78,65,52,29.99,29.89,29.82,10,10,10,24,14,31,T,
8/5/2017,5,80,70,60,57,54,52,78,59,40,30.06,30.02,29.99,10,10,10,16,7,21,0,
8/6/2017,6,77,70,63,60,57,54,84,64,43,30.04,30.01,29.98,10,10,9,13,4,19,0,
8/7/2017,7,76,69,61,61,55,42,93,63,33,30.13,30.05,30,10,10,10,17,8,22,T,
8/8/2017,8,84,71,58,56,52,48,69,52,34,30.18,30.15,30.12,10,10,10,14,6,19,0,
8/9/2017,9,83,72,61,58,56,53,78,59,39,30.19,30.15,30.1,10,10,7,14,5,29,0,
8/10/2017,10,84,73,62,67,61,55,87,66,45,30.1,30.02,29.95,10,10,7,20,8,25,0.03,"Rain , Thunderstorm"
8/11/2017,11,78,72,65,62,60,57,87,69,50,30.01,29.98,29.94,10,10,10,18,9,22,0,
8/12/2017,12,77,69,60,58,56,54,84,67,50,30.08,30.05,30.01,10,10,10,15,7,19,0,
8/13/2017,13,80,69,57,57,53,47,86,61,36,30.08,30.04,29.96,10,10,10,13,4,16,T,
8/14/2017,14,83,73,62,65,59,56,84,65,45,29.95,29.87,29.8,10,10,10,14,4,18,0,
8/15/2017,15,84,76,68,66,64,61,87,71,54,29.99,29.9,29.81,10,10,8,16,8,21,0,
8/16/2017,16,88,78,67,73,68,62,88,70,51,30.01,29.92,29.8,10,9,3,16,8,30,0.17,"Rain , Thunderstorm"
8/17/2017,17,82,77,72,72,67,62,87,71,54,29.78,29.74,29.7,10,10,7,28,14,37,0.02,Rain
8/18/2017,18,82,75,67,63,61,57,87,65,43,29.88,29.83,29.75,10,10,10,20,11,25,0,
8/19/2017,19,86,75,63,61,57,51,90,61,32,29.98,29.93,29.88,10,10,9,13,5,17,0,
8/20/2017,20,90,77,63,70,63,56,78,61,43,30.04,30.01,29.99,10,10,7,14,6,18,0.03,"Rain , Thunderstorm"
8/21/2017,21,87,79,71,71,68,65,90,71,51,30.06,30,29.88,10,10,7,18,9,26,0.03,"Rain , Thunderstorm"
8/22/2017,22,82,73,64,70,61,48,84,60,35,30,29.88,29.82,10,10,9,22,13,30,0.02,Rain
8/23/2017,23,79,70,60,55,51,48,73,54,35,30.04,30.01,29.99,10,10,10,20,9,27,0,
8/24/2017,24,75,66,56,56,52,48,84,63,41,30.17,30.09,30.02,10,10,10,22,8,28,0,
8/25/2017,25,74,63,52,50,47,46,77,58,38,30.26,30.23,30.17,10,10,10,15,5,19,0,
8/26/2017,26,78,67,56,59,52,48,80,58,36,30.29,30.24,30.18,10,10,10,17,7,21,T,Rain
8/27/2017,27,78,70,62,63,56,51,87,69,50,30.17,30.09,30.02,10,10,10,14,8,20,0.01,Thunderstorm
8/28/2017,28,80,72,64,64,61,58,87,70,52,30.04,30.01,29.97,10,8,2,15,6,21,0.36,"Rain , Thunderstorm"
8/29/2017,29,76,69,61,64,62,59,93,81,68,30.06,30.04,30.01,10,8,3,21,5,23,0.07,Rain
8/30/2017,30,82,71,60,60,58,56,90,66,42,30.09,30.05,30.02,10,10,6,20,6,25,0,
8/31/2017,31,73,69,64,62,56,51,84,67,49,30.17,30.13,30.07,10,10,7,22,14,28,0,
9/1/2017,1,69,60,50,52,47,43,69,56,42,30.2,30.15,30.11,10,10,10,22,12,27,0,
9/2/2017,2,75,63,50,58,49,44,90,63,35,30.1,30.02,29.93,10,9,2,20,5,23,0.25,Rain
9/3/2017,3,84,71,57,58,54,49,93,62,31,30.01,29.97,29.9,10,10,8,17,7,23,0,
9/4/2017,4,82,72,62,68,57,51,79,64,49,29.88,29.76,29.68,10,10,4,24,13,31,T,Rain
9/5/2017,5,70,62,54,52,46,42,77,59,40,29.95,29.88,29.79,10,10,10,26,13,31,T,Rain
9/6/2017,6,67,58,49,46,45,41,86,63,40,30.03,30,29.95,10,10,10,21,10,24,T,
9/7/2017,7,71,62,52,48,45,36,83,57,30,30.06,30.03,30.01,10,10,10,21,8,28,0,
9/8/2017,8,69,64,58,56,50,46,75,66,56,30.31,30.2,30.07,10,10,10,16,7,20,T,Rain
9/9/2017,9,72,63,54,53,48,42,78,57,35,30.43,30.38,30.31,10,10,9,17,8,25,0,
9/10/2017,10,70,60,50,51,46,42,83,60,37,30.47,30.4,30.34,10,10,10,15,6,20,0,
9/11/2017,11,75,64,52,52,48,43,83,58,33,30.33,30.23,30.1,10,10,8,13,5,16,0,
9/12/2017,12,77,66,54,58,53,47,93,65,36,30.09,29.97,29.83,10,10,10,16,7,22,0,
9/13/2017,13,77,68,58,62,59,56,90,70,50,29.83,29.77,29.73,10,9,6,13,6,15,T,
9/14/2017,14,81,70,59,62,61,57,97,71,45,29.94,29.87,29.79,10,7,0,12,5,14,0,Fog
9/15/2017,15,87,75,62,62,59,55,90,63,35,30.03,29.99,29.94,10,10,10,16,9,20,0,
9/16/2017,16,88,77,65,63,61,59,87,64,40,30.1,30.04,30,10,10,10,18,8,36,0,
9/17/2017,17,86,75,63,65,62,55,78,61,44,30.11,30.04,29.99,10,10,9,17,8,21,0,
9/18/2017,18,77,68,58,59,54,51,80,62,43,30.11,30.06,29.97,10,10,10,14,8,17,0,
9/19/2017,19,79,72,64,66,63,61,93,75,56,29.96,29.93,29.9,10,9,5,15,6,17,0.07,Rain
9/20/2017,20,92,77,62,67,65,61,93,69,44,29.91,29.88,29.83,10,8,4,24,11,30,0,
9/21/2017,21,94,83,72,70,66,61,79,56,33,30.01,29.97,29.92,10,10,9,14,6,17,0,
9/22/2017,22,94,83,71,68,65,62,79,58,36,30.06,30.02,29.99,10,10,10,15,7,22,0,
9/23/2017,23,95,84,72,67,65,61,74,55,36,30.08,30.04,30.01,10,10,10,15,6,18,0,
9/24/2017,24,93,82,70,65,62,56,79,55,30,30.08,30.03,29.98,10,10,7,15,6,20,0,
9/25/2017,25,92,80,67,62,57,51,68,49,30,30,29.95,29.9,10,10,10,18,6,22,0,
9/26/2017,26,92,81,70,66,61,57,69,52,34,29.96,29.92,29.87,10,10,10,20,10,27,0,
9/27/2017,27,72,64,56,62,50,45,73,57,40,30.16,30.08,29.97,10,10,10,18,12,23,0,
9/28/2017,28,74,64,53,46,43,40,71,51,31,30.22,30.16,30.11,10,10,10,13,7,15,0,
9/29/2017,29,70,63,56,49,46,40,67,51,35,30.33,30.2,30.08,10,10,10,20,10,26,0,
9/30/2017,30,68,61,53,47,43,38,71,53,34,30.45,30.37,30.32,10,10,10,14,8,17,0,
10/1/2017,1,72,60,48,46,40,35,71,49,27,30.31,30.21,30.09,10,10,10,18,10,22,0,
10/2/2017,2,83,71,58,52,48,40,65,50,34,30.18,30.14,30.1,10,10,10,22,13,28,0,
10/3/2017,3,78,73,67,65,61,50,79,65,51,30.28,30.22,30.16,10,10,9,23,15,28,T,
10/4/2017,4,76,67,58,67,59,47,93,67,41,30.31,30.26,30.22,10,9,2,20,8,26,0.03,Rain
10/5/2017,5,77,66,54,58,49,43,84,58,31,30.22,30.15,30.06,10,10,7,14,6,16,0.01,Rain
10/6/2017,6,69,65,60,65,61,57,93,86,78,30.05,29.97,29.76,10,5,2,17,9,22,0.3,Rain
10/7/2017,7,79,70,60,64,59,54,84,70,56,29.74,29.6,29.49,10,8,2,31,18,39,0.43,Rain
10/8/2017,8,78,66,54,55,52,49,93,65,36,29.83,29.77,29.71,10,10,10,17,7,22,0,
10/9/2017,9,81,67,52,59,53,49,84,62,39,30.05,29.9,29.75,10,10,10,16,6,20,0,
10/10/2017,10,63,61,58,58,54,51,93,80,67,30.16,30.08,29.97,10,9,3,23,14,30,0.78,Rain
10/11/2017,11,62,59,56,59,55,53,93,90,86,30.17,30.05,29.91,10,6,2,23,13,33,0.79,Rain
10/12/2017,12,60,58,56,55,53,52,87,80,72,30.19,30.15,30.1,10,9,5,12,7,14,T,Rain
10/13/2017,13,73,64,55,59,55,51,93,75,57,30.16,30.11,30.05,10,10,7,16,8,20,0,
10/14/2017,14,66,64,62,63,61,58,93,86,78,30.09,29.96,29.76,10,4,1,38,9,45,4.19,"Rain , Thunderstorm"
10/15/2017,15,68,58,47,65,51,39,93,76,59,30.26,29.91,29.67,10,9,4,30,16,38,0.2,Rain
10/16/2017,16,63,53,43,40,38,34,83,59,34,30.32,30.26,30.21,10,10,10,15,7,20,0,
10/17/2017,17,70,60,49,42,40,37,66,49,31,30.2,30.16,30.11,10,10,10,23,12,29,0,
10/18/2017,18,71,59,47,44,42,39,77,57,36,30.16,30.09,30.01,10,10,10,23,13,29,0,
10/19/2017,19,70,61,51,46,35,23,77,47,17,30.19,30.13,30.02,10,10,10,15,7,21,0,
10/20/2017,20,78,65,51,52,48,39,83,59,35,30.17,30.11,30.04,10,10,10,20,9,25,0,
10/21/2017,21,77,69,60,58,53,48,68,59,50,30.06,30.02,29.96,10,10,10,24,15,31,0,
10/22/2017,22,70,61,51,63,54,48,96,78,59,30.04,29.97,29.89,10,7,2,30,13,36,0.37,Rain
10/23/2017,23,54,52,50,50,48,44,96,84,71,29.99,29.81,29.59,10,8,4,18,9,24,0.73,Rain
10/24/2017,24,50,46,42,46,42,36,93,82,70,29.79,29.63,29.5,10,9,5,21,13,27,0.87,Rain
10/25/2017,25,53,46,38,36,32,29,85,62,38,29.85,29.79,29.75,10,10,10,14,6,18,0,
10/26/2017,26,60,48,36,42,38,33,85,66,46,29.87,29.76,29.57,10,10,10,21,10,26,0,
10/27/2017,27,52,45,38,43,30,26,71,63,55,29.85,29.77,29.58,10,10,10,24,16,33,T,
10/28/2017,28,40,38,36,34,30,27,85,72,59,29.94,29.86,29.78,10,10,4,18,10,24,T,Rain
10/29/2017,29,46,40,33,28,26,25,75,59,42,29.94,29.85,29.71,10,10,10,15,8,19,0,
10/30/2017,30,50,44,37,37,30,23,76,57,38,29.93,29.72,29.63,10,10,10,29,16,39,0,
10/31/2017,31,40,37,34,26,21,17,70,59,47,30.18,30.1,29.95,10,10,10,26,11,33,0,
11/1/2017,1,44,40,36,42,33,26,100,82,64,30.09,29.95,29.81,10,8,2,20,10,23,0.23,Rain
11/2/2017,2,51,48,44,47,45,42,100,90,80,30.1,29.92,29.82,10,5,2,15,5,19,0.02,Rain
11/3/2017,3,48,43,38,43,36,30,86,76,65,30.38,30.27,30.1,10,10,7,15,10,24,0,
11/4/2017,4,50,46,42,49,43,37,100,86,71,30.24,29.99,29.83,10,4,0,20,8,24,0.48,"Fog , Rain , Thunderstorm"
11/5/2017,5,52,47,42,48,45,37,100,81,61,29.99,29.82,29.71,10,5,0,22,8,26,0.02,"Fog , Rain"
11/6/2017,6,43,38,32,32,28,24,76,65,53,30.3,30.23,30.06,10,10,10,17,9,21,0,
11/7/2017,7,45,39,32,32,28,26,75,66,57,30.36,30.33,30.28,10,10,10,20,9,24,0,
11/8/2017,8,46,38,29,28,26,24,85,64,42,30.39,30.29,30.17,10,10,10,12,5,14,0,
11/9/2017,9,46,34,21,30,19,3,75,56,37,30.47,30.22,30.07,10,10,10,23,14,29,0,
11/10/2017,10,30,24,18,20,14,2,75,60,45,30.63,30.57,30.48,10,8,1,18,8,22,T,Snow
11/11/2017,11,38,32,26,26,19,13,64,58,52,30.5,30.36,30.26,10,10,9,16,9,20,0,
11/12/2017,12,40,38,36,36,33,26,92,78,64,30.44,30.34,30.26,10,6,3,12,5,13,0.13,Rain
11/13/2017,13,40,36,31,33,31,28,100,90,79,30.52,30.46,30.38,7,4,1,13,6,16,0,
11/14/2017,14,49,40,30,37,34,28,92,77,61,30.36,30.22,30.02,10,8,3,20,11,23,0,
11/15/2017,15,52,44,35,46,39,25,93,77,61,30.01,29.84,29.74,10,7,2,30,16,40,0.17,Rain
11/16/2017,16,38,36,33,30,26,24,76,70,64,30.28,30.18,30.01,10,10,10,21,10,26,0,
11/17/2017,17,48,42,35,45,35,29,93,76,58,30.21,29.86,29.56,10,8,3,22,14,27,0.14,"Rain , Thunderstorm"
11/18/2017,18,48,42,35,45,36,26,93,79,64,29.86,29.57,29.45,10,6,1,29,15,36,0.54,"Rain , Snow"
11/19/2017,19,37,34,30,25,20,16,69,57,44,30.09,30.03,29.87,10,10,10,22,13,26,0,
11/20/2017,20,52,41,30,34,28,21,69,58,46,30.04,29.86,29.68,10,10,10,29,18,39,0,
11/21/2017,21,44,36,27,32,23,14,67,54,40,30.24,29.9,29.66,10,10,10,25,15,34,0.02,Rain
11/22/2017,22,35,29,22,18,15,13,74,59,43,30.4,30.3,30.19,10,10,10,15,7,18,0,
11/23/2017,23,46,39,32,26,23,18,75,57,38,30.17,29.99,29.89,10,10,10,16,8,21,0,
11/24/2017,24,63,48,32,41,34,26,75,57,39,29.86,29.63,29.45,10,10,10,26,13,36,0,
11/25/2017,25,55,44,32,42,31,23,79,61,42,30.19,29.95,29.64,10,10,10,23,12,30,0,
11/26/2017,26,49,38,27,33,27,20,81,65,48,30.24,30.14,30.05,10,10,10,16,7,21,0,
11/27/2017,27,57,44,31,38,34,28,92,69,46,30.07,29.98,29.85,10,10,10,23,7,30,0,
11/28/2017,28,61,52,43,40,33,21,59,48,37,30.2,29.96,29.86,10,10,10,28,15,37,0,
11/29/2017,29,47,41,34,35,27,18,76,58,40,30.37,30.25,30.08,10,10,10,14,7,17,0,
11/30/2017,30,54,47,39,29,27,25,59,46,32,30.19,30.07,29.98,10,10,10,21,11,27,0,
12/1/2017,1,53,41,28,28,26,24,78,58,38,30.27,30.21,30.16,10,10,10,13,5,15,0,
12/2/2017,2,54,44,33,32,30,27,76,59,41,30.16,30.12,30.07,10,10,8,10,4,13,0,
12/3/2017,3,58,44,29,35,31,26,85,61,36,30.22,30.12,29.98,10,10,10,18,6,24,0,
12/4/2017,4,65,55,44,54,45,35,78,64,50,29.96,29.67,29.49,10,10,6,35,22,47,0.16,"Rain , Thunderstorm"
12/5/2017,5,44,36,27,34,17,7,70,53,35,30.01,29.86,29.61,10,10,10,38,22,50,0,
12/6/2017,6,35,31,26,19,14,9,63,51,38,30.08,30.01,29.95,10,10,10,24,14,30,0,
12/7/2017,7,29,24,19,16,11,6,74,58,42,30.21,30.14,30.05,10,10,5,18,12,24,T,Snow
12/8/2017,8,37,28,18,21,13,6,69,55,40,30.09,29.91,29.75,10,9,4,20,12,26,T,Snow
12/9/2017,9,32,26,20,26,20,12,85,71,57,30.09,29.8,29.64,10,7,2,26,14,33,0.03,Snow
12/10/2017,10,35,28,20,20,17,12,73,65,56,30.1,30,29.87,10,10,10,18,10,24,0,
12/11/2017,11,39,31,23,31,25,17,89,74,59,30.08,29.85,29.69,10,8,1,28,10,35,0.08,Snow
12/12/2017,12,31,24,17,15,8,6,67,60,52,30.12,30.05,29.94,10,10,10,30,13,36,T,Snow
12/13/2017,13,38,30,22,31,21,9,69,61,53,29.9,29.51,29.27,10,9,2,31,16,39,T,Snow
12/14/2017,14,27,22,16,20,11,7,74,58,42,30.11,30.03,29.81,10,10,9,20,8,26,T,Snow
12/15/2017,15,37,29,21,23,18,12,74,62,49,30.02,29.93,29.88,10,10,8,25,12,33,T,Snow
12/16/2017,16,46,37,27,30,25,21,92,69,45,30.08,29.94,29.84,10,10,7,18,8,24,0,
12/17/2017,17,42,36,29,34,32,28,100,81,62,30.09,30.04,29.98,10,6,4,10,5,12,0,
12/18/2017,18,46,43,39,40,37,33,89,77,65,29.96,29.91,29.85,10,8,3,22,12,28,0.01,Rain
12/19/2017,19,50,43,35,35,27,17,79,55,31,30.11,29.96,29.84,10,10,10,21,12,29,0,
12/20/2017,20,37,32,27,25,20,13,78,61,43,30.18,30.13,30.06,10,10,10,17,8,22,0,
12/21/2017,21,40,36,32,29,25,21,75,62,48,30.1,30,29.92,10,10,10,14,9,17,0,
12/22/2017,22,39,36,33,31,30,24,82,76,70,30.06,30,29.91,10,8,5,16,7,22,T,
12/23/2017,23,33,26,19,25,17,10,78,66,53,30.29,30.13,30,10,10,10,18,9,22,0,
12/24/2017,24,22,20,18,18,14,7,84,68,52,30.3,30.12,30.01,10,4,0,18,9,25,0.18,"Fog , Snow"
12/25/2017,25,21,12,2,10,3,-9,80,66,51,30.48,30.26,30.13,10,9,1,22,13,30,0.01,Snow
12/26/2017,26,5,1,-3,-8,-10,-12,69,63,56,30.69,30.61,30.49,10,10,10,15,10,19,0,
12/27/2017,27,7,2,-4,-5,-9,-12,75,65,55,30.81,30.76,30.69,10,10,10,15,8,18,0,
12/28/2017,28,15,8,0,6,3,-6,79,67,55,30.75,30.51,30.35,10,6,2,17,8,22,0.03,Snow
12/29/2017,29,15,12,9,10,7,3,88,76,64,30.4,30.31,30.2,10,5,1,13,6,17,0.08,Snow
12/30/2017,30,15,7,-1,8,-5,-11,80,67,54,30.51,30.36,30.19,10,10,6,24,13,31,T,Snow
12/31/2017,31,13,6,-1,-1,-6,-14,69,61,52,30.68,30.58,30.48,10,10,10,18,11,22,0,
