Date,Consensual,Disturbance,Other,Property,Violent,White-Collar,Total,Temp (F) avg,Event
2015-01-01,67,11.0,90,334,445,177,1124.0,23,Clear
2015-01-02,101,13.0,42,306,159,50,671.0,25,Clear
2015-01-03,92,11.0,39,304,175,27,648.0,32,"Rain , Snow"
2015-01-04,77,11.0,37,215,154,19,513.0,18,"Fog , Snow"
2015-01-05,51,8.0,33,252,137,40,521.0,2,Snow
2015-01-06,62,4.0,43,240,112,41,502.0,3,Snow
2015-01-07,68,4.0,40,216,106,38,472.0,0,Clear
2015-01-08,56,5.0,33,227,99,25,445.0,5,Snow
2015-01-09,79,15.0,61,264,134,33,586.0,6,Snow
2015-01-10,98,12.0,56,286,164,28,644.0,11,Clear
2015-01-11,84,12.0,48,305,177,22,648.0,27,"Fog , Snow"
2015-01-12,69,9.0,47,313,132,36,606.0,22,Snow
2015-01-13,88,6.0,42,290,146,37,609.0,11,Snow
2015-01-14,110,8.0,51,325,145,35,674.0,10,Snow
2015-01-15,147,10.0,44,366,147,44,758.0,26,Clear
2015-01-16,95,10.0,49,339,172,43,708.0,29,Clear
2015-01-17,108,12.0,46,342,206,27,741.0,34,Clear
2015-01-18,68,10.0,48,352,197,19,694.0,34,Snow
2015-01-19,109,5.0,47,345,166,35,707.0,33,Snow
2015-01-20,75,9.0,60,403,196,48,791.0,33,Clear
2015-01-21,84,11.0,46,366,183,51,741.0,31,Snow
2015-01-22,105,13.0,50,354,179,47,748.0,30,Clear
2015-01-23,110,17.0,47,379,208,38,799.0,30,Clear
2015-01-24,115,12.0,50,364,182,33,756.0,36,Clear
2015-01-25,69,7.0,45,303,187,33,644.0,29,Snow
2015-01-26,67,12.0,45,328,164,40,656.0,21,Snow
2015-01-27,103,21.0,58,283,163,45,673.0,26,Snow
2015-01-28,97,7.0,48,304,147,42,645.0,27,Rain
2015-01-29,116,13.0,42,309,180,42,702.0,32,Snow
2015-01-30,117,11.0,53,311,174,48,714.0,24,Clear
2015-01-31,98,7.0,40,284,179,27,635.0,28,Snow
2015-02-01,30,,46,214,153,97,540.0,25,"Fog , Snow"
2015-02-02,47,5.0,37,181,133,65,468.0,13,Snow
2015-02-03,55,11.0,30,212,143,56,507.0,14,"Fog , Snow"
2015-02-04,84,9.0,35,241,160,47,576.0,15,Snow
2015-02-05,76,11.0,50,235,155,41,568.0,7,Clear
2015-02-06,116,15.0,49,295,171,46,692.0,22,Clear
2015-02-07,115,15.0,52,279,172,43,676.0,30,Clear
2015-02-08,102,8.0,42,262,173,27,614.0,32,"Rain , Snow"
2015-02-09,90,16.0,49,263,140,48,606.0,23,Snow
2015-02-10,91,16.0,49,267,159,44,626.0,24,Clear
2015-02-11,88,8.0,46,275,148,39,604.0,27,Clear
2015-02-12,90,9.0,41,260,159,49,608.0,13,Snow
2015-02-13,111,10.0,55,245,146,62,629.0,16,Snow
2015-02-14,73,6.0,47,271,175,25,597.0,14,Snow
2015-02-15,80,8.0,53,216,160,33,550.0,6,Snow
2015-02-16,89,9.0,53,226,123,36,536.0,12,Clear
2015-02-17,91,4.0,37,250,169,43,594.0,14,Snow
2015-02-18,62,10.0,44,224,122,46,508.0,3,Snow
2015-02-19,56,7.0,34,216,113,37,463.0,-2,Clear
2015-02-20,98,8.0,38,292,153,60,649.0,6,Snow
2015-02-21,105,9.0,40,290,175,32,651.0,25,Snow
2015-02-22,84,10.0,40,226,198,33,591.0,15,Snow
2015-02-23,53,12.0,42,270,149,45,571.0,4,Clear
2015-02-24,91,10.0,48,282,161,35,627.0,17,Snow
2015-02-25,74,12.0,49,219,172,44,570.0,18,Snow
2015-02-26,84,4.0,31,216,130,49,514.0,10,"Fog , Snow"
2015-02-27,88,9.0,51,269,161,59,637.0,6,Clear
2015-02-28,72,6.0,37,239,163,28,545.0,6,Snow
2015-03-01,95,8.0,69,291,202,81,746.0,18,Snow
2015-03-02,106,4.0,37,296,167,48,658.0,23,Clear
2015-03-03,84,13.0,59,256,168,52,632.0,29,"Rain , Snow"
2015-03-04,77,7.0,35,223,172,44,558.0,21,Clear
2015-03-05,93,11.0,64,237,166,41,612.0,10,Clear
2015-03-06,112,13.0,50,299,169,67,710.0,14,Clear
2015-03-07,93,14.0,49,283,211,45,695.0,34,Clear
2015-03-08,101,9.0,32,272,196,15,625.0,34,Clear
2015-03-09,84,16.0,57,292,215,61,725.0,38,Clear
2015-03-10,107,15.0,57,310,198,66,753.0,43,Fog
2015-03-11,92,18.0,54,329,187,60,740.0,41,Clear
2015-03-12,94,22.0,58,314,215,45,748.0,42,Clear
2015-03-13,114,21.0,42,365,217,52,811.0,51,Clear
2015-03-14,103,12.0,51,359,240,31,796.0,49,Clear
2015-03-15,75,18.0,44,346,255,37,775.0,46,Clear
2015-03-16,100,15.0,55,334,226,48,778.0,58,Clear
2015-03-17,105,10.0,43,305,196,33,692.0,37,Clear
2015-03-18,102,10.0,49,285,193,48,687.0,39,Clear
2015-03-19,86,11.0,30,349,212,28,716.0,42,Clear
2015-03-20,107,17.0,41,350,207,52,774.0,44,Clear
2015-03-21,107,9.0,46,312,185,30,689.0,41,Clear
2015-03-22,76,9.0,35,312,194,29,655.0,31,Snow
2015-03-23,61,12.0,49,258,170,41,591.0,30,"Fog , Snow"
2015-03-24,106,10.0,47,278,150,47,638.0,28,Rain
2015-03-25,109,18.0,48,304,189,54,722.0,38,Rain
2015-03-26,103,9.0,40,308,188,34,682.0,37,Clear
2015-03-27,106,7.0,47,333,176,54,723.0,26,Snow
2015-03-28,90,12.0,36,293,193,33,657.0,28,Clear
2015-03-29,90,5.0,40,274,178,32,619.0,36,"Rain , Snow"
2015-03-30,94,11.0,56,324,176,56,717.0,48,Clear
2015-03-31,76,17.0,64,292,204,37,690.0,49,Clear
2015-04-01,93,16.0,65,378,253,104,909.0,54,Clear
2015-04-02,114,16.0,47,347,214,53,791.0,58,Rain
2015-04-03,102,9.0,41,326,187,42,707.0,42,Rain
2015-04-04,91,10.0,56,299,196,39,691.0,43,Clear
2015-04-05,65,10.0,40,296,234,26,671.0,51,Clear
2015-04-06,92,8.0,51,311,169,43,674.0,48,Rain
2015-04-07,84,12.0,48,295,115,49,603.0,42,Rain
2015-04-08,87,7.0,58,329,151,47,679.0,45,"Fog , Rain"
2015-04-09,76,11.0,58,299,158,43,645.0,56,"Fog , Rain , Thunderstorm"
2015-04-10,90,12.0,45,341,157,66,711.0,51,Rain
2015-04-11,89,19.0,47,322,207,35,719.0,50,Clear
2015-04-12,90,12.0,54,340,243,34,773.0,55,Rain
2015-04-13,71,13.0,55,326,201,66,732.0,57,"Rain , Thunderstorm"
2015-04-14,93,14.0,49,341,217,50,764.0,53,Clear
2015-04-15,80,6.0,67,353,199,92,797.0,54,Clear
2015-04-16,90,10.0,45,309,191,38,683.0,56,Rain
2015-04-17,102,11.0,45,364,209,53,784.0,62,Clear
2015-04-18,94,12.0,41,366,217,36,766.0,56,Clear
2015-04-19,81,10.0,43,330,218,20,702.0,58,Rain
2015-04-20,94,8.0,51,336,195,58,742.0,47,Rain
2015-04-21,92,8.0,53,306,162,40,661.0,46,Clear
2015-04-22,79,12.0,42,313,192,44,682.0,40,Snow
2015-04-23,83,13.0,65,330,192,47,730.0,44,Clear
2015-04-24,76,10.0,44,368,216,46,760.0,43,Rain
2015-04-25,77,13.0,43,323,185,54,695.0,44,Rain
2015-04-26,68,12.0,43,327,237,29,716.0,46,Clear
2015-04-27,53,10.0,39,350,216,51,719.0,47,Clear
2015-04-28,70,13.0,47,334,210,44,718.0,47,Clear
2015-04-29,83,14.0,52,360,204,51,764.0,50,Clear
2015-04-30,80,8.0,47,314,168,46,663.0,45,Clear
2015-05-01,83,15.0,66,398,256,106,924.0,53,Clear
2015-05-02,58,3.0,39,312,233,39,684.0,63,Clear
2015-05-03,40,10.0,46,354,273,22,745.0,67,"Rain , Thunderstorm"
2015-05-04,76,8.0,59,333,254,46,776.0,65,Clear
2015-05-05,73,10.0,66,315,184,47,695.0,52,"Fog , Rain , Thunderstorm"
2015-05-06,81,17.0,71,338,191,39,737.0,62,Fog
2015-05-07,107,19.0,44,346,262,41,819.0,68,Rain
2015-05-08,77,10.0,65,374,238,41,805.0,72,"Rain , Thunderstorm"
2015-05-09,85,13.0,34,311,207,35,685.0,56,"Fog , Rain"
2015-05-10,70,7.0,52,357,224,30,740.0,50,"Fog , Rain"
2015-05-11,82,15.0,52,331,218,44,742.0,58,Rain
2015-05-12,88,11.0,56,344,204,53,756.0,50,Clear
2015-05-13,81,17.0,54,361,206,48,767.0,46,Clear
2015-05-14,93,4.0,65,358,195,41,756.0,55,Rain
2015-05-15,107,18.0,56,344,250,43,818.0,67,Rain
2015-05-16,75,6.0,57,403,295,45,881.0,71,Rain
2015-05-17,91,22.0,48,372,274,28,835.0,74,Rain
2015-05-18,80,15.0,64,327,227,42,755.0,63,Clear
2015-05-19,77,8.0,76,321,193,31,706.0,47,Clear
2015-05-20,78,11.0,57,339,203,38,726.0,44,Rain
2015-05-21,86,11.0,71,326,203,46,743.0,57,Clear
2015-05-22,100,8.0,55,396,221,42,822.0,57,Clear
2015-05-23,81,15.0,47,400,218,36,797.0,63,Clear
2015-05-24,64,8.0,34,321,239,21,687.0,66,Rain
2015-05-25,69,11.0,45,314,243,26,708.0,72,Rain
2015-05-26,85,13.0,53,343,234,39,767.0,69,Rain
2015-05-27,88,13.0,59,336,205,34,735.0,67,Clear
2015-05-28,80,13.0,45,376,241,43,798.0,68,Clear
2015-05-29,108,12.0,57,377,224,47,825.0,72,Rain
2015-05-30,60,7.0,40,366,210,35,718.0,58,Rain
2015-05-31,67,14.0,46,305,196,35,663.0,49,Rain
2015-06-01,77,14.0,79,388,257,115,930.0,52,Clear
2015-06-02,92,11.0,53,335,234,45,770.0,56,Clear
2015-06-03,92,11.0,65,349,205,53,775.0,64,Clear
2015-06-04,84,19.0,46,353,179,39,720.0,69,Clear
2015-06-05,97,11.0,61,358,203,54,784.0,63,Clear
2015-06-06,92,11.0,40,365,206,42,756.0,62,Clear
2015-06-07,70,11.0,54,340,237,26,738.0,68,"Rain , Thunderstorm"
2015-06-08,79,10.0,46,312,193,42,682.0,73,"Rain , Hail , Thunderstorm"
2015-06-09,86,11.0,58,336,195,43,729.0,73,Clear
2015-06-10,98,7.0,54,365,223,40,787.0,80,Clear
2015-06-11,152,10.0,46,356,199,36,799.0,65,Rain
2015-06-12,85,17.0,46,390,239,49,826.0,62,"Rain , Thunderstorm"
2015-06-13,85,11.0,50,376,258,31,811.0,71,"Fog , Rain , Thunderstorm"
2015-06-14,67,11.0,47,386,251,32,794.0,76,Rain
2015-06-15,21,9.0,62,376,200,70,738.0,74,"Fog , Rain , Thunderstorm"
2015-06-16,74,14.0,61,408,247,43,847.0,64,Clear
2015-06-17,72,11.0,44,360,205,28,720.0,64,Rain
2015-06-18,63,13.0,47,389,214,40,766.0,69,"Fog , Rain , Thunderstorm"
2015-06-19,88,20.0,44,387,203,33,775.0,61,Clear
2015-06-20,43,11.0,43,375,253,40,765.0,66,"Rain , Thunderstorm"
2015-06-21,47,16.0,33,335,331,21,783.0,76,Clear
2015-06-22,61,7.0,50,393,230,39,780.0,75,"Rain , Thunderstorm"
2015-06-23,88,15.0,54,332,205,35,729.0,73,Clear
2015-06-24,77,16.0,39,368,194,34,728.0,70,Clear
2015-06-25,101,11.0,49,382,207,33,783.0,70,"Rain , Thunderstorm"
2015-06-26,71,13.0,46,384,211,56,781.0,63,Rain
2015-06-27,60,13.0,42,357,210,38,720.0,66,Clear
2015-06-28,57,18.0,51,368,278,24,796.0,67,Rain
2015-06-29,84,16.0,46,350,208,46,750.0,70,"Rain , Thunderstorm"
2015-06-30,91,15.0,40,357,204,40,747.0,67,Rain
2015-07-01,96,11.0,64,399,196,101,867.0,62,Clear
2015-07-02,94,10.0,55,349,190,58,756.0,61,Clear
2015-07-03,79,15.0,47,377,205,45,768.0,66,Clear
2015-07-04,63,13.0,43,430,272,24,845.0,70,Clear
2015-07-05,88,12.0,47,405,322,23,897.0,72,Clear
2015-07-06,65,12.0,58,350,217,53,755.0,75,"Rain , Thunderstorm"
2015-07-07,78,11.0,41,357,171,41,699.0,63,Rain
2015-07-08,87,6.0,56,358,163,42,712.0,61,Rain
2015-07-09,87,10.0,44,337,161,32,671.0,68,Rain
2015-07-10,89,10.0,55,377,158,49,738.0,71,Clear
2015-07-11,81,23.0,37,375,251,30,797.0,70,Rain
2015-07-12,86,13.0,46,360,255,41,801.0,76,Clear
2015-07-13,74,14.0,61,382,190,58,779.0,77,"Rain , Thunderstorm"
2015-07-14,87,19.0,51,344,179,31,711.0,72,Clear
2015-07-15,85,10.0,52,396,191,57,791.0,67,Clear
2015-07-16,58,8.0,53,347,160,43,669.0,67,"Rain , Thunderstorm"
2015-07-17,94,11.0,58,411,202,48,824.0,82,"Rain , Thunderstorm"
2015-07-18,62,5.0,46,360,262,40,775.0,81,"Rain , Thunderstorm"
2015-07-19,61,14.0,40,360,258,29,762.0,75,Clear
2015-07-20,68,6.0,61,393,207,42,777.0,74,Clear
2015-07-21,83,11.0,51,374,216,40,775.0,74,Clear
2015-07-22,94,8.0,56,359,213,41,771.0,74,Clear
2015-07-23,95,11.0,55,404,206,37,808.0,74,Clear
2015-07-24,92,12.0,51,451,217,42,865.0,74,Clear
2015-07-25,64,11.0,54,412,255,35,831.0,80,Clear
2015-07-26,74,6.0,47,375,276,24,802.0,72,Rain
2015-07-27,71,11.0,46,431,221,52,832.0,78,Clear
2015-07-28,73,6.0,44,382,215,45,765.0,79,Clear
2015-07-29,78,11.0,44,371,211,47,762.0,79,Rain
2015-07-30,85,16.0,65,369,205,32,772.0,77,Clear
2015-07-31,74,9.0,41,380,214,58,776.0,77,Clear
2015-08-01,80,12.0,63,503,273,89,1020.0,76,Clear
2015-08-02,78,18.0,40,383,272,30,821.0,79,"Rain , Thunderstorm"
2015-08-03,65,7.0,62,359,191,45,729.0,75,Clear
2015-08-04,95,16.0,38,361,208,43,761.0,72,Clear
2015-08-05,103,8.0,51,368,193,46,769.0,72,Clear
2015-08-06,94,8.0,61,399,205,40,807.0,74,Clear
2015-08-07,87,10.0,57,403,239,43,839.0,73,Clear
2015-08-08,71,17.0,51,415,248,46,848.0,75,Clear
2015-08-09,83,10.0,50,347,235,19,744.0,74,Rain
2015-08-10,66,10.0,62,400,224,46,808.0,76,Rain
2015-08-11,96,13.0,65,361,216,38,789.0,74,Clear
2015-08-12,108,7.0,51,356,200,36,758.0,71,Clear
2015-08-13,80,13.0,46,354,237,53,783.0,75,Clear
2015-08-14,82,10.0,53,415,206,37,803.0,79,"Rain , Thunderstorm"
2015-08-15,58,9.0,47,414,255,37,820.0,80,"Rain , Thunderstorm"
2015-08-16,74,11.0,31,419,304,25,864.0,80,Clear
2015-08-17,63,8.0,51,364,200,53,739.0,78,"Rain , Thunderstorm"
2015-08-18,84,13.0,47,376,193,47,760.0,75,"Rain , Thunderstorm"
2015-08-19,101,12.0,58,382,195,43,791.0,69,Rain
2015-08-20,138,13.0,58,406,179,41,835.0,67,Clear
2015-08-21,110,9.0,50,429,209,50,857.0,69,Clear
2015-08-22,78,10.0,56,407,253,41,845.0,71,Clear
2015-08-23,84,14.0,49,367,260,30,804.0,69,Rain
2015-08-24,78,14.0,53,363,178,38,724.0,65,Clear
2015-08-25,79,7.0,58,391,182,49,766.0,66,Clear
2015-08-26,90,12.0,58,400,165,63,788.0,62,Clear
2015-08-27,94,17.0,56,393,159,44,763.0,64,Clear
2015-08-28,84,8.0,49,423,182,57,803.0,64,Clear
2015-08-29,78,10.0,47,359,230,34,758.0,67,Rain
2015-08-30,79,13.0,57,393,227,30,799.0,70,Clear
2015-08-31,80,14.0,45,367,191,47,744.0,73,Fog
2015-09-01,95,11.0,57,410,257,105,935.0,78,Clear
2015-09-02,96,13.0,57,393,198,41,798.0,81,Clear
2015-09-03,97,15.0,59,437,225,40,873.0,81,Clear
2015-09-04,84,16.0,54,395,197,66,812.0,77,Clear
2015-09-05,74,12.0,31,379,233,32,761.0,78,Clear
2015-09-06,88,14.0,39,381,271,22,815.0,81,Clear
2015-09-07,95,13.0,49,371,252,27,807.0,82,Clear
2015-09-08,71,6.0,52,360,175,51,715.0,75,"Fog , Rain , Thunderstorm"
2015-09-09,82,11.0,45,355,176,42,711.0,68,Clear
2015-09-10,68,11.0,46,342,158,33,658.0,64,"Rain , Thunderstorm"
2015-09-11,83,14.0,46,336,162,47,688.0,61,Rain
2015-09-12,61,15.0,47,337,217,47,724.0,58,Clear
2015-09-13,69,17.0,27,359,232,31,735.0,59,Clear
2015-09-14,65,7.0,50,409,218,37,786.0,67,Clear
2015-09-15,81,18.0,56,396,191,64,806.0,72,Clear
2015-09-16,100,14.0,37,368,200,47,766.0,70,Clear
2015-09-17,83,5.0,41,344,204,40,717.0,73,"Rain , Thunderstorm"
2015-09-18,73,8.0,53,413,189,55,791.0,70,"Rain , Thunderstorm"
2015-09-19,93,7.0,49,378,228,35,790.0,62,"Fog , Rain , Thunderstorm"
2015-09-20,83,13.0,53,361,262,38,810.0,62,Clear
2015-09-21,86,13.0,44,335,216,40,734.0,63,Clear
2015-09-22,100,15.0,51,361,203,45,775.0,67,Clear
2015-09-23,104,12.0,49,404,217,44,830.0,69,Clear
2015-09-24,81,11.0,37,357,190,38,714.0,66,Clear
2015-09-25,91,9.0,54,387,216,50,807.0,67,Clear
2015-09-26,69,12.0,45,394,241,30,791.0,68,Clear
2015-09-27,90,12.0,43,373,256,26,800.0,68,Clear
2015-09-28,81,10.0,44,375,202,39,751.0,71,Clear
2015-09-29,70,10.0,48,332,164,43,667.0,62,Rain
2015-09-30,86,10.0,46,353,143,37,675.0,57,Clear
2015-10-01,99,8.0,74,393,190,100,864.0,56,Clear
2015-10-02,115,13.0,51,380,181,53,793.0,56,Clear
2015-10-03,76,13.0,50,373,161,34,707.0,51,Rain
2015-10-04,74,9.0,45,316,187,22,653.0,54,Clear
2015-10-05,92,16.0,52,340,188,62,750.0,58,Clear
2015-10-06,102,9.0,66,348,187,38,750.0,63,Clear
2015-10-07,83,10.0,49,338,193,44,717.0,63,Clear
2015-10-08,75,8.0,45,333,202,37,700.0,64,Rain
2015-10-09,114,14.0,52,378,182,53,793.0,56,Clear
2015-10-10,69,13.0,48,369,188,40,727.0,54,Clear
2015-10-11,57,10.0,49,344,256,19,735.0,65,Clear
2015-10-12,67,11.0,54,359,199,38,728.0,64,Clear
2015-10-13,69,12.0,50,364,204,41,740.0,55,Clear
2015-10-14,90,9.0,46,387,183,49,764.0,53,Clear
2015-10-15,93,11.0,58,407,177,62,808.0,58,Rain
2015-10-16,86,10.0,47,364,179,47,733.0,46,Clear
2015-10-17,71,10.0,37,369,194,25,706.0,43,Clear
2015-10-18,66,11.0,42,322,210,24,675.0,47,Clear
2015-10-19,66,14.0,48,425,197,38,788.0,60,Clear
2015-10-20,102,9.0,42,402,172,57,784.0,66,Rain
2015-10-21,90,10.0,48,410,194,41,793.0,64,Rain
2015-10-22,96,13.0,68,365,188,43,773.0,57,Clear
2015-10-23,102,13.0,45,373,194,49,776.0,58,Rain
2015-10-24,66,5.0,35,386,234,37,763.0,56,Rain
2015-10-25,75,10.0,32,364,224,23,728.0,52,Clear
2015-10-26,58,10.0,50,406,201,55,780.0,49,Clear
2015-10-27,51,6.0,44,350,163,35,649.0,53,Rain
2015-10-28,62,11.0,59,350,155,44,681.0,47,Rain
2015-10-29,64,8.0,43,354,161,38,668.0,42,Clear
2015-10-30,110,18.0,49,374,170,53,774.0,46,Clear
2015-10-31,65,9.0,43,371,204,28,720.0,49,Rain
2015-11-01,90,10.0,66,439,286,84,975.0,54,Clear
2015-11-02,85,12.0,59,364,214,48,782.0,60,Clear
2015-11-03,67,8.0,54,367,204,50,750.0,57,Clear
2015-11-04,94,8.0,59,395,192,40,788.0,60,Fog
2015-11-05,76,9.0,44,382,199,42,752.0,65,Rain
2015-11-06,94,9.0,41,383,180,38,745.0,53,Rain
2015-11-07,82,7.0,51,334,186,31,691.0,44,Clear
2015-11-08,83,7.0,35,363,192,24,704.0,40,Clear
2015-11-09,73,11.0,49,346,165,37,681.0,43,Clear
2015-11-10,67,5.0,39,305,180,44,640.0,44,Clear
2015-11-11,85,15.0,43,330,155,57,685.0,50,"Rain , Thunderstorm"
2015-11-12,80,13.0,43,361,132,62,691.0,49,Rain
2015-11-13,76,13.0,44,354,153,38,678.0,40,Clear
2015-11-14,74,8.0,38,377,169,29,695.0,41,Clear
2015-11-15,76,17.0,54,344,190,39,720.0,54,Clear
2015-11-16,66,8.0,46,396,175,50,741.0,50,Rain
2015-11-17,70,12.0,40,345,156,43,666.0,54,Rain
2015-11-18,73,12.0,40,341,170,45,681.0,55,Rain
2015-11-19,101,16.0,38,348,146,48,697.0,41,Clear
2015-11-20,92,11.0,40,353,171,43,710.0,36,"Fog , Snow"
2015-11-21,45,9.0,33,257,154,30,528.0,26,"Fog , Snow"
2015-11-22,45,7.0,49,244,146,28,519.0,17,Clear
2015-11-23,62,9.0,45,328,165,41,650.0,31,Clear
2015-11-24,54,8.0,43,322,150,30,607.0,31,Clear
2015-11-25,57,7.0,39,339,143,33,618.0,41,Clear
2015-11-26,31,7.0,31,303,195,20,587.0,54,Rain
2015-11-27,39,4.0,34,350,144,40,611.0,45,Rain
2015-11-28,51,12.0,32,343,182,37,657.0,34,Clear
2015-11-29,52,8.0,36,322,169,24,611.0,33,Clear
2015-11-30,64,7.0,60,351,140,43,665.0,41,Rain
2015-12-01,78,7.0,55,336,199,93,768.0,40,"Rain , Thunderstorm"
2015-12-02,82,9.0,40,383,157,41,712.0,35,"Fog , Rain , Snow"
2015-12-03,66,6.0,50,362,174,51,709.0,33,Clear
2015-12-04,68,9.0,47,363,168,46,701.0,40,Clear
2015-12-05,64,6.0,39,350,203,45,707.0,38,Fog
2015-12-06,57,9.0,42,371,177,31,687.0,37,Clear
2015-12-07,48,11.0,44,385,156,44,688.0,33,"Fog , Snow"
2015-12-08,70,8.0,55,377,171,47,728.0,43,Clear
2015-12-09,43,9.0,46,376,168,43,685.0,46,Clear
2015-12-10,52,5.0,48,370,172,42,689.0,49,Clear
2015-12-11,53,13.0,30,427,179,40,742.0,46,Clear
2015-12-12,60,10.0,42,381,216,45,754.0,52,"Fog , Rain"
2015-12-13,37,5.0,27,365,199,17,650.0,55,"Fog , Rain"
2015-12-14,42,9.0,45,418,179,45,738.0,52,Rain
2015-12-15,69,13.0,41,436,175,57,791.0,41,Rain
2015-12-16,57,9.0,46,393,166,51,722.0,44,Rain
2015-12-17,52,7.0,44,408,155,61,727.0,32,Clear
2015-12-18,51,7.0,38,346,166,43,651.0,28,Snow
2015-12-19,51,7.0,36,359,168,45,666.0,23,Clear
2015-12-20,55,7.0,50,354,192,34,692.0,37,Rain
2015-12-21,39,4.0,38,352,158,58,649.0,47,Rain
2015-12-22,44,4.0,45,408,152,40,693.0,38,Clear
2015-12-23,40,6.0,42,463,156,45,752.0,50,"Fog , Rain , Thunderstorm"
2015-12-24,13,6.0,31,380,196,47,673.0,38,Clear
2015-12-25,12,3.0,29,250,190,14,498.0,38,Clear
2015-12-26,48,6.0,46,326,186,25,637.0,40,"Fog , Rain"
2015-12-27,44,6.0,36,346,173,21,626.0,38,"Rain , Snow"
2015-12-28,22,10.0,38,288,128,28,514.0,35,"Rain , Snow"
2015-12-29,55,5.0,42,330,144,44,620.0,34,Snow
2015-12-30,45,5.0,43,289,175,45,602.0,28,"Fog , Snow"
2015-12-31,28,7.0,37,318,154,64,608.0,25,Snow
2016-01-01,28,8.0,66,317,448,154,1021.0,25,Snow
2016-01-02,34,7.0,41,301,147,43,573.0,26,Clear
2016-01-03,34,2.0,39,341,172,29,617.0,26,Snow
2016-01-04,28,4.0,34,353,155,51,625.0,27,Snow
2016-01-05,45,1.0,42,314,167,54,623.0,25,Clear
2016-01-06,39,2.0,52,321,158,54,626.0,29,Clear
2016-01-07,58,5.0,41,369,178,55,706.0,38,Clear
2016-01-08,59,10.0,47,398,180,48,742.0,39,Rain
2016-01-09,48,4.0,42,329,191,35,649.0,32,"Fog , Rain , Snow"
2016-01-10,39,4.0,53,289,170,38,593.0,13,Snow
2016-01-11,18,3.0,32,280,134,45,512.0,12,Snow
2016-01-12,39,5.0,35,297,128,43,547.0,12,Snow
2016-01-13,46,7.0,52,347,147,52,651.0,12,Snow
2016-01-14,58,6.0,45,366,204,53,732.0,34,Clear
2016-01-15,54,6.0,44,375,199,54,732.0,37,Rain
2016-01-16,48,5.0,45,330,176,44,648.0,20,Clear
2016-01-17,34,1.0,40,250,180,31,536.0,4,Clear
2016-01-18,39,2.0,41,278,118,33,511.0,2,Clear
2016-01-19,39,6.0,46,333,134,51,609.0,9,Clear
2016-01-20,39,9.0,31,333,156,50,618.0,18,Snow
2016-01-21,36,8.0,47,350,151,36,628.0,19,Clear
2016-01-22,69,10.0,34,389,155,42,699.0,25,Snow
2016-01-23,56,4.0,43,390,183,43,719.0,27,Snow
2016-01-24,42,3.0,50,373,181,23,672.0,29,Clear
2016-01-25,41,7.0,49,385,206,53,741.0,33,Rain
2016-01-26,49,8.0,52,313,157,60,639.0,30,"Rain , Snow"
2016-01-27,45,5.0,31,356,165,67,669.0,29,Snow
2016-01-28,130,6.0,44,355,166,49,750.0,34,Clear
2016-01-29,53,8.0,42,421,165,56,745.0,28,Snow
2016-01-30,50,10.0,39,374,218,50,741.0,41,Rain
2016-01-31,37,3.0,45,342,214,23,664.0,41,Rain
2016-02-01,56,7.0,67,385,199,115,829.0,38,Clear
2016-02-02,45,8.0,38,292,156,71,610.0,35,"Fog , Rain , Thunderstorm"
2016-02-03,56,8.0,59,330,170,53,676.0,33,"Fog , Rain , Snow"
2016-02-04,70,5.0,46,310,190,47,668.0,26,Clear
2016-02-05,53,6.0,49,337,165,48,658.0,30,Clear
2016-02-06,61,9.0,41,325,194,65,695.0,32,Clear
2016-02-07,36,3.0,59,308,184,25,615.0,38,Clear
2016-02-08,38,10.0,41,286,148,45,568.0,26,Snow
2016-02-09,41,4.0,45,252,154,48,544.0,17,Snow
2016-02-10,59,3.0,53,242,149,59,565.0,14,Clear
2016-02-11,54,1.0,49,281,148,48,581.0,14,Clear
2016-02-12,82,5.0,41,302,148,64,642.0,15,Snow
2016-02-13,61,5.0,36,295,160,39,596.0,10,Clear
2016-02-14,36,4.0,36,242,169,26,513.0,14,"Fog , Snow"
2016-02-15,55,8.0,40,245,154,49,551.0,23,Snow
2016-02-16,44,3.0,32,317,176,52,624.0,29,Snow
2016-02-17,54,6.0,44,287,190,57,638.0,28,Clear
2016-02-18,52,9.0,47,359,169,42,678.0,33,Clear
2016-02-19,82,5.0,53,408,173,49,770.0,52,Clear
2016-02-20,61,3.0,39,317,229,51,700.0,48,Clear
2016-02-21,60,7.0,41,331,240,27,706.0,35,Clear
2016-02-22,54,6.0,37,312,181,48,638.0,35,Clear
2016-02-23,43,7.0,49,304,177,50,630.0,36,Clear
2016-02-24,40,3.0,50,274,168,43,578.0,34,"Fog , Snow"
2016-02-25,107,4.0,50,305,172,58,696.0,34,Snow
2016-02-26,65,7.0,47,345,210,63,737.0,29,Clear
2016-02-27,54,5.0,37,341,197,55,689.0,41,Clear
2016-02-28,45,6.0,41,298,200,30,620.0,49,Rain
2016-02-29,41,9.0,55,311,185,44,645.0,40,Rain
2016-03-01,62,8.0,79,334,190,121,794.0,24,"Fog , Rain , Snow"
2016-03-02,69,9.0,47,281,162,38,606.0,22,Snow
2016-03-03,68,5.0,42,298,145,55,613.0,30,Snow
2016-03-04,77,7.0,45,347,176,49,701.0,30,Snow
2016-03-05,48,6.0,45,359,200,38,696.0,34,Clear
2016-03-06,60,11.0,56,344,201,42,714.0,43,Clear
2016-03-07,77,8.0,52,373,209,73,792.0,54,Rain
2016-03-08,46,14.0,63,349,209,40,721.0,64,Rain
2016-03-09,69,9.0,56,260,232,49,675.0,56,Rain
2016-03-10,65,6.0,55,358,179,47,710.0,44,Clear
2016-03-11,71,9.0,53,341,209,48,731.0,45,Clear
2016-03-12,49,5.0,57,360,241,31,743.0,46,Rain
2016-03-13,46,2.0,35,295,210,38,626.0,46,Rain
2016-03-14,51,6.0,46,324,193,62,682.0,49,Rain
2016-03-15,62,8.0,52,324,207,57,710.0,52,"Rain , Thunderstorm"
2016-03-16,65,12.0,51,334,223,58,743.0,51,"Rain , Thunderstorm"
2016-03-17,61,6.0,49,362,208,50,736.0,48,Clear
2016-03-18,77,16.0,44,376,218,58,789.0,41,Clear
2016-03-19,68,8.0,32,348,195,46,697.0,41,Clear
2016-03-20,51,4.0,51,321,221,35,683.0,37,Clear
2016-03-21,50,9.0,67,313,199,59,697.0,39,Clear
2016-03-22,64,11.0,48,317,239,43,722.0,52,Clear
2016-03-23,41,3.0,58,336,200,47,685.0,39,Rain
2016-03-24,48,7.0,54,329,190,48,676.0,35,"Rain , Snow"
2016-03-25,59,6.0,57,361,188,45,716.0,38,Clear
2016-03-26,67,9.0,41,349,224,45,735.0,43,Clear
2016-03-27,37,9.0,44,303,221,17,631.0,50,Rain
2016-03-28,59,9.0,54,345,219,53,739.0,44,Clear
2016-03-29,74,8.0,55,342,209,49,737.0,45,Clear
2016-03-30,59,6.0,48,340,223,40,716.0,52,"Rain , Thunderstorm"
2016-03-31,59,4.0,47,330,259,54,753.0,56,"Rain , Thunderstorm"
2016-04-01,52,10.0,73,351,214,98,798.0,42,Rain
2016-04-02,59,10.0,40,310,180,50,649.0,34,"Fog , Snow"
2016-04-03,59,8.0,45,318,225,49,704.0,49,Clear
2016-04-04,48,4.0,50,328,163,64,657.0,34,Snow
2016-04-05,73,9.0,56,315,166,53,672.0,35,Rain
2016-04-06,75,5.0,46,295,202,35,658.0,45,"Rain , Thunderstorm"
2016-04-07,104,8.0,52,336,193,46,739.0,37,"Rain , Snow"
2016-04-08,52,10.0,41,332,147,40,622.0,34,"Fog , Rain , Snow"
2016-04-09,59,7.0,45,327,195,55,688.0,30,Clear
2016-04-10,48,12.0,56,330,205,51,702.0,42,"Rain , Snow"
2016-04-11,43,7.0,47,330,175,70,672.0,44,Clear
2016-04-12,73,10.0,42,328,177,67,697.0,39,Clear
2016-04-13,74,5.0,41,314,218,61,713.0,45,Clear
2016-04-14,69,10.0,34,336,190,50,689.0,49,Clear
2016-04-15,100,11.0,52,395,189,61,808.0,55,Clear
2016-04-16,60,10.0,51,338,245,28,732.0,59,Clear
2016-04-17,56,6.0,46,334,232,34,708.0,62,Clear
2016-04-18,52,16.0,35,376,199,59,737.0,66,Clear
2016-04-19,61,8.0,28,345,207,53,702.0,52,Clear
2016-04-20,69,8.0,41,344,174,47,683.0,61,Rain
2016-04-21,74,5.0,54,329,196,54,712.0,60,Rain
2016-04-22,73,4.0,51,358,195,46,727.0,48,Clear
2016-04-23,57,10.0,54,311,222,37,691.0,49,Clear
2016-04-24,77,10.0,45,327,259,30,748.0,60,Clear
2016-04-25,47,6.0,58,362,236,46,755.0,71,"Rain , Hail , Thunderstorm"
2016-04-26,67,8.0,49,324,190,52,690.0,55,Clear
2016-04-27,52,7.0,58,312,194,35,658.0,45,Rain
2016-04-28,54,8.0,52,361,201,55,731.0,46,"Rain , Thunderstorm"
2016-04-29,64,9.0,41,340,219,41,714.0,46,Rain
2016-04-30,46,5.0,37,302,176,36,602.0,46,Rain
2016-05-01,30,11.0,67,361,238,89,796.0,46,"Rain , Thunderstorm"
2016-05-02,55,19.0,57,366,202,55,754.0,51,Clear
2016-05-03,73,12.0,60,323,213,53,734.0,54,Rain
2016-05-04,69,9.0,48,308,205,39,678.0,50,Rain
2016-05-05,61,8.0,49,348,180,51,697.0,51,Clear
2016-05-06,50,3.0,47,392,239,63,794.0,62,Clear
2016-05-07,24,3.0,27,391,242,53,740.0,57,"Rain , Thunderstorm"
2016-05-08,47,13.0,41,316,270,39,726.0,56,Clear
2016-05-09,53,10.0,48,342,223,53,729.0,54,Rain
2016-05-10,55,8.0,53,338,204,51,709.0,57,Rain
2016-05-11,60,8.0,42,378,213,55,756.0,60,"Fog , Rain , Thunderstorm"
2016-05-12,62,10.0,37,330,204,43,686.0,62,"Rain , Thunderstorm"
2016-05-13,65,9.0,53,403,217,58,805.0,55,Rain
2016-05-14,63,5.0,61,357,199,34,719.0,44,Rain
2016-05-15,54,5.0,54,353,242,30,738.0,45,Clear
2016-05-16,66,6.0,58,364,230,58,782.0,58,Rain
2016-05-17,59,10.0,60,331,186,42,688.0,51,Rain
2016-05-18,63,11.0,42,419,222,42,799.0,53,Clear
2016-05-19,107,6.0,51,360,199,39,762.0,54,Clear
2016-05-20,71,8.0,52,409,212,50,802.0,56,Clear
2016-05-21,54,10.0,49,403,233,42,791.0,64,Clear
2016-05-22,62,10.0,43,359,254,22,750.0,65,Clear
2016-05-23,65,8.0,60,370,222,56,781.0,65,Clear
2016-05-24,62,14.0,41,391,242,53,803.0,73,Clear
2016-05-25,45,6.0,51,330,238,47,717.0,75,"Rain , Thunderstorm"
2016-05-26,53,6.0,65,359,244,38,765.0,73,Clear
2016-05-27,61,11.0,59,401,231,34,797.0,74,"Rain , Thunderstorm"
2016-05-28,71,9.0,46,393,242,30,791.0,73,Thunderstorm
2016-05-29,64,12.0,46,376,274,26,798.0,71,Clear
2016-05-30,61,8.0,49,378,295,26,817.0,75,Clear
2016-05-31,61,7.0,64,359,214,49,754.0,73,"Rain , Thunderstorm"
2016-06-01,64,13.0,72,391,245,106,891.0,71,Rain
2016-06-02,58,13.0,51,381,244,49,796.0,68,Clear
2016-06-03,77,11.0,64,367,256,42,817.0,70,Clear
2016-06-04,55,8.0,45,344,272,102,826.0,67,Rain
2016-06-05,55,6.0,38,362,248,69,778.0,70,Rain
2016-06-06,58,6.0,58,364,232,72,790.0,71,Clear
2016-06-07,70,8.0,37,354,208,77,754.0,59,Clear
2016-06-08,71,11.0,42,378,189,51,742.0,61,Clear
2016-06-09,59,10.0,51,320,207,76,723.0,63,Rain
2016-06-10,54,4.0,42,396,214,52,762.0,77,"Fog , Rain , Thunderstorm"
2016-06-11,56,16.0,48,388,259,47,814.0,81,Clear
2016-06-12,76,6.0,53,422,271,21,849.0,69,Clear
2016-06-13,43,11.0,48,379,238,74,793.0,70,Clear
2016-06-14,68,8.0,61,374,250,74,835.0,76,Clear
2016-06-15,69,12.0,51,368,229,56,785.0,79,"Rain , Thunderstorm"
2016-06-16,57,12.0,65,403,237,43,817.0,70,Clear
2016-06-17,55,7.0,54,395,258,55,824.0,73,Clear
2016-06-18,47,7.0,40,383,254,30,761.0,73,Clear
2016-06-19,33,15.0,37,384,314,26,809.0,76,Clear
2016-06-20,47,7.0,62,400,282,54,852.0,82,Rain
2016-06-21,44,9.0,59,407,258,45,822.0,74,Clear
2016-06-22,48,18.0,50,356,223,54,749.0,72,"Fog , Rain , Thunderstorm"
2016-06-23,55,15.0,50,390,238,51,799.0,71,Fog
2016-06-24,63,12.0,39,420,227,45,806.0,72,Clear
2016-06-25,45,9.0,49,434,237,36,810.0,77,Clear
2016-06-26,29,9.0,49,386,275,23,771.0,81,Rain
2016-06-27,53,7.0,47,387,225,49,768.0,80,Clear
2016-06-28,63,9.0,49,377,211,57,766.0,64,Clear
2016-06-29,67,9.0,46,399,225,57,803.0,68,Clear
2016-06-30,93,9.0,52,434,210,50,848.0,68,Clear
2016-07-01,83,14.0,57,441,240,106,941.0,66,Clear
2016-07-02,67,8.0,66,357,232,26,756.0,65,Clear
2016-07-03,71,10.0,47,386,237,29,780.0,66,Clear
2016-07-04,54,17.0,55,405,297,16,844.0,73,Clear
2016-07-05,68,6.0,51,420,304,44,893.0,77,Clear
2016-07-06,53,7.0,48,381,211,42,742.0,78,"Rain , Thunderstorm"
2016-07-07,65,11.0,42,407,194,68,787.0,77,Rain
2016-07-08,52,9.0,51,412,219,46,789.0,77,Fog
2016-07-09,43,7.0,39,361,237,40,727.0,72,Clear
2016-07-10,35,10.0,46,386,245,36,758.0,71,Clear
2016-07-11,38,7.0,53,359,205,37,699.0,80,Clear
2016-07-12,52,4.0,60,381,211,69,777.0,81,Clear
2016-07-13,58,4.0,44,378,185,57,726.0,76,"Rain , Thunderstorm"
2016-07-14,63,8.0,56,421,173,46,767.0,78,Clear
2016-07-15,60,7.0,51,458,214,52,842.0,68,Rain
2016-07-16,42,8.0,42,430,220,38,780.0,67,Clear
2016-07-17,46,8.0,46,415,240,30,785.0,72,"Rain , Thunderstorm"
2016-07-18,48,9.0,55,434,202,49,797.0,80,Clear
2016-07-19,58,6.0,50,436,192,49,791.0,80,Clear
2016-07-20,46,8.0,54,439,213,60,820.0,79,Clear
2016-07-21,54,3.0,60,415,194,58,784.0,82,"Rain , Thunderstorm"
2016-07-22,67,8.0,44,399,220,52,790.0,81,Rain
2016-07-23,42,8.0,24,454,240,42,810.0,81,"Rain , Thunderstorm"
2016-07-24,45,7.0,41,406,261,29,789.0,82,"Rain , Thunderstorm"
2016-07-25,60,11.0,50,431,216,57,825.0,81,Clear
2016-07-26,63,5.0,45,472,226,62,873.0,79,Clear
2016-07-27,52,4.0,52,430,211,46,795.0,79,Clear
2016-07-28,60,6.0,45,397,204,61,773.0,77,"Rain , Thunderstorm"
2016-07-29,49,5.0,58,437,199,53,801.0,76,"Rain , Thunderstorm"
2016-07-30,50,11.0,47,513,260,43,924.0,73,Clear
2016-07-31,30,9.0,29,474,236,35,813.0,73,Clear
2016-08-01,43,7.0,59,416,217,113,855.0,75,Clear
2016-08-02,39,6.0,51,396,233,63,788.0,77,Clear
2016-08-03,53,8.0,52,408,190,59,770.0,80,Clear
2016-08-04,47,5.0,60,393,226,59,790.0,81,Rain
2016-08-05,51,12.0,50,459,233,55,860.0,79,Rain
2016-08-06,41,4.0,52,407,281,41,826.0,75,Clear
2016-08-07,48,12.0,38,435,261,42,836.0,73,Clear
2016-08-08,37,8.0,41,436,209,70,801.0,78,Clear
2016-08-09,46,9.0,60,340,207,60,722.0,78,Clear
2016-08-10,42,4.0,51,359,202,61,719.0,79,Clear
2016-08-11,61,7.0,53,448,225,56,850.0,83,Clear
2016-08-12,50,3.0,52,434,165,39,743.0,79,"Rain , Thunderstorm"
2016-08-13,30,13.0,52,453,230,46,824.0,78,Clear
2016-08-14,36,5.0,46,451,276,27,841.0,76,Clear
2016-08-15,37,5.0,58,450,213,76,839.0,73,Clear
2016-08-16,40,7.0,64,428,208,66,813.0,80,Rain
2016-08-17,47,2.0,42,485,224,60,860.0,79,Clear
2016-08-18,58,5.0,54,388,204,55,764.0,78,"Rain , Thunderstorm"
2016-08-19,47,8.0,41,433,213,48,790.0,75,"Rain , Thunderstorm"
2016-08-20,35,7.0,47,439,261,52,841.0,72,"Rain , Thunderstorm"
2016-08-21,31,8.0,39,406,267,33,784.0,67,Clear
2016-08-22,31,5.0,46,423,178,43,726.0,67,Clear
2016-08-23,40,7.0,48,400,211,45,751.0,71,Clear
2016-08-24,40,8.0,57,471,192,54,822.0,77,Rain
2016-08-25,32,7.0,48,461,181,40,769.0,76,"Rain , Thunderstorm"
2016-08-26,43,8.0,46,446,205,54,802.0,74,"Rain , Thunderstorm"
2016-08-27,33,7.0,36,431,264,45,816.0,76,Rain
2016-08-28,38,7.0,37,403,279,41,805.0,77,Thunderstorm
2016-08-29,44,6.0,46,476,255,53,880.0,78,"Rain , Thunderstorm"
2016-08-30,39,6.0,34,427,194,55,755.0,77,"Rain , Thunderstorm"
2016-08-31,41,12.0,49,430,206,37,775.0,70,Clear
2016-09-01,77,7.0,56,492,242,121,995.0,68,Clear
2016-09-02,55,6.0,42,431,206,55,795.0,68,Clear
2016-09-03,68,10.0,48,462,205,33,826.0,66,Clear
2016-09-04,58,9.0,38,384,245,41,775.0,70,Clear
2016-09-05,54,12.0,44,411,260,39,820.0,75,Clear
2016-09-06,42,12.0,57,394,193,61,759.0,83,Clear
2016-09-07,40,7.0,46,354,220,50,717.0,82,"Rain , Thunderstorm"
2016-09-08,39,9.0,50,450,198,45,791.0,76,Rain
2016-09-09,50,6.0,43,428,229,62,818.0,72,Clear
2016-09-10,37,4.0,39,428,222,37,767.0,66,Rain
2016-09-11,33,11.0,36,421,224,30,755.0,64,Clear
2016-09-12,42,9.0,55,425,211,49,791.0,67,Clear
2016-09-13,41,4.0,41,433,213,53,785.0,75,Rain
2016-09-14,61,6.0,62,429,200,59,817.0,69,Rain
2016-09-15,36,10.0,47,443,221,65,822.0,69,Clear
2016-09-16,38,9.0,39,436,210,68,800.0,74,Clear
2016-09-17,39,9.0,43,454,252,36,833.0,74,Rain
2016-09-18,37,14.0,40,401,264,24,780.0,69,Clear
2016-09-19,29,9.0,42,399,187,46,712.0,72,Clear
2016-09-20,39,5.0,51,430,203,61,789.0,75,Rain
2016-09-21,42,8.0,47,378,201,55,731.0,70,"Rain , Thunderstorm"
2016-09-22,60,7.0,48,426,226,59,826.0,73,Clear
2016-09-23,85,9.0,38,424,225,59,840.0,70,Clear
2016-09-24,25,7.0,57,422,267,55,833.0,70,Clear
2016-09-25,27,7.0,47,435,261,32,809.0,74,Rain
2016-09-26,34,8.0,44,427,185,64,762.0,63,Rain
2016-09-27,43,7.0,42,403,199,38,732.0,61,Clear
2016-09-28,37,3.0,33,363,156,42,634.0,55,"Rain , Thunderstorm"
2016-09-29,37,4.0,40,381,175,65,702.0,62,Rain
2016-09-30,38,13.0,45,422,197,57,772.0,62,Rain
2016-10-01,29,8.0,56,448,207,87,835.0,61,"Rain , Thunderstorm"
2016-10-02,28,12.0,38,369,237,22,706.0,61,"Fog , Rain"
2016-10-03,24,8.0,45,428,198,65,768.0,62,Clear
2016-10-04,49,11.0,47,384,187,64,742.0,68,Clear
2016-10-05,53,16.0,67,395,207,64,802.0,70,Clear
2016-10-06,35,11.0,56,401,187,61,751.0,66,"Rain , Thunderstorm"
2016-10-07,41,9.0,66,459,218,68,861.0,59,Clear
2016-10-08,26,10.0,36,397,210,34,713.0,53,Clear
2016-10-09,21,6.0,38,374,216,26,681.0,55,Clear
2016-10-10,36,7.0,38,397,184,54,716.0,58,Clear
2016-10-11,32,8.0,62,360,177,54,693.0,64,Rain
2016-10-12,35,8.0,58,423,182,33,739.0,57,"Rain , Thunderstorm"
2016-10-13,41,7.0,48,341,191,64,692.0,48,Clear
2016-10-14,47,6.0,43,445,214,66,821.0,52,Clear
2016-10-15,39,9.0,52,423,242,54,819.0,62,Rain
2016-10-16,44,5.0,42,381,274,41,787.0,69,"Rain , Thunderstorm"
2016-10-17,45,11.0,60,418,227,55,816.0,75,Clear
2016-10-18,47,15.0,50,378,235,43,768.0,66,Clear
2016-10-19,39,12.0,54,370,201,33,709.0,60,Rain
2016-10-20,38,4.0,40,388,199,45,714.0,51,Clear
2016-10-21,41,6.0,44,414,200,54,759.0,46,Clear
2016-10-22,35,11.0,38,414,206,67,771.0,49,Clear
2016-10-23,41,8.0,45,408,246,35,783.0,57,Clear
2016-10-24,48,7.0,50,410,202,52,769.0,49,Clear
2016-10-25,40,8.0,44,420,176,45,733.0,45,Rain
2016-10-26,29,8.0,43,383,176,58,697.0,48,"Rain , Thunderstorm"
2016-10-27,33,11.0,40,417,178,49,728.0,47,Clear
2016-10-28,37,9.0,35,455,192,73,801.0,52,Clear
2016-10-29,42,9.0,44,409,260,67,831.0,64,Clear
2016-10-30,34,15.0,52,363,270,51,785.0,49,"Rain , Thunderstorm"
2016-10-31,29,12.0,57,479,223,65,865.0,48,Clear
2016-11-01,47,4.0,61,428,237,105,882.0,68,Clear
2016-11-02,24,5.0,37,428,212,38,744.0,60,"Rain , Thunderstorm"
2016-11-03,12,9.0,46,395,270,51,783.0,58,Clear
2016-11-04,22,5.0,38,457,201,59,782.0,52,Clear
2016-11-05,37,9.0,35,452,246,39,818.0,56,Clear
2016-11-06,38,10.0,38,395,239,32,752.0,56,Clear
2016-11-07,30,7.0,52,417,182,45,733.0,54,Clear
2016-11-08,40,11.0,43,317,181,49,641.0,56,Rain
2016-11-09,30,7.0,35,395,171,39,677.0,50,Clear
2016-11-10,34,6.0,48,409,169,51,717.0,52,Clear
2016-11-11,66,5.0,61,445,168,53,798.0,45,Clear
2016-11-12,45,5.0,41,436,218,34,779.0,42,Clear
2016-11-13,40,5.0,44,357,184,28,658.0,46,Clear
2016-11-14,31,9.0,44,362,180,41,667.0,51,Clear
2016-11-15,37,4.0,52,388,174,53,708.0,46,Fog
2016-11-16,49,7.0,39,408,203,62,768.0,50,Clear
2016-11-17,69,5.0,44,449,196,43,806.0,58,Clear
2016-11-18,52,8.0,52,445,177,59,793.0,53,"Rain , Thunderstorm"
2016-11-19,21,5.0,37,397,178,38,676.0,34,Snow
2016-11-20,33,6.0,44,342,193,43,661.0,29,Clear
2016-11-21,38,13.0,49,380,145,58,683.0,32,Clear
2016-11-22,47,15.0,42,403,158,55,720.0,33,Rain
2016-11-23,28,6.0,45,404,149,65,697.0,41,Rain
2016-11-24,8,5.0,42,277,184,18,534.0,39,Rain
2016-11-25,43,6.0,28,385,164,62,688.0,37,Rain
2016-11-26,49,14.0,43,406,175,30,717.0,40,Clear
2016-11-27,49,9.0,48,360,200,27,693.0,38,Rain
2016-11-28,23,2.0,40,425,156,47,693.0,46,Rain
2016-11-29,50,10.0,40,379,164,54,697.0,51,Clear
2016-11-30,46,3.0,34,366,191,56,696.0,40,Rain
2016-12-01,26,10.0,60,413,171,101,781.0,38,Rain
2016-12-02,55,10.0,62,447,196,60,830.0,37,Clear
2016-12-03,34,7.0,39,452,177,48,757.0,32,Clear
2016-12-04,26,5.0,34,320,186,22,593.0,30,"Fog , Snow"
2016-12-05,30,12.0,47,356,166,61,672.0,33,Clear
2016-12-06,44,4.0,40,383,166,51,688.0,33,Fog
2016-12-07,26,4.0,45,372,167,43,657.0,25,Snow
2016-12-08,29,9.0,41,336,145,45,605.0,21,Snow
2016-12-09,40,3.0,53,340,163,66,665.0,22,Snow
2016-12-10,40,5.0,48,331,150,38,612.0,21,Snow
2016-12-11,26,5.0,28,271,152,28,510.0,28,"Fog , Snow"
2016-12-12,39,4.0,48,338,135,63,627.0,20,Clear
2016-12-13,32,9.0,50,300,129,51,571.0,12,Snow
2016-12-14,34,7.0,39,338,140,50,608.0,11,Snow
2016-12-15,23,4.0,39,305,134,71,576.0,4,Clear
2016-12-16,31,2.0,34,386,170,65,688.0,14,"Fog , Snow"
2016-12-17,35,2.0,28,345,151,51,612.0,20,Snow
2016-12-18,32,6.0,33,238,184,33,526.0,6,Snow
2016-12-19,23,,71,333,165,65,657.0,1,Clear
2016-12-20,38,7.0,62,384,144,55,690.0,21,Clear
2016-12-21,39,10.0,48,395,164,70,726.0,28,Clear
2016-12-22,32,3.0,41,399,170,57,702.0,31,Clear
2016-12-23,37,5.0,47,406,173,59,727.0,31,"Rain , Snow"
2016-12-24,14,4.0,35,354,162,33,602.0,36,Clear
2016-12-25,9,1.0,32,247,183,15,487.0,36,"Fog , Rain"
2016-12-26,23,8.0,37,352,189,34,643.0,41,"Fog , Rain"
2016-12-27,39,5.0,38,343,163,72,660.0,24,Clear
2016-12-28,32,7.0,57,412,145,69,722.0,32,Clear
2016-12-29,42,10.0,47,334,155,59,647.0,33,Snow
2016-12-30,38,7.0,58,400,168,70,741.0,31,Clear
2016-12-31,23,4.0,44,388,207,36,702.0,32,Clear
2017-01-01,21,10.0,76,412,435,113,1067.0,28,Clear
2017-01-02,40,5.0,45,313,156,50,609.0,34,"Fog , Rain"
2017-01-03,47,8.0,43,361,181,74,714.0,29,"Fog , Rain"
2017-01-04,34,2.0,54,327,135,58,610.0,13,Clear
2017-01-05,31,6.0,57,319,133,60,606.0,8,Snow
2017-01-06,38,8.0,41,327,141,39,594.0,5,Clear
2017-01-07,39,6.0,45,311,173,43,617.0,9,Clear
2017-01-08,34,9.0,55,299,166,25,588.0,11,Clear
2017-01-09,53,5.0,51,403,141,54,707.0,26,Snow
2017-01-10,28,4.0,57,379,169,66,703.0,38,Rain
2017-01-11,40,8.0,55,330,171,54,658.0,34,"Fog , Rain , Thunderstorm"
2017-01-12,40,5.0,71,333,150,44,643.0,24,"Rain , Snow"
2017-01-13,50,4.0,58,448,175,63,798.0,22,Clear
2017-01-14,61,5.0,52,333,183,48,682.0,28,Clear
2017-01-15,46,9.0,43,343,173,41,655.0,28,Clear
2017-01-16,31,7.0,40,354,179,40,651.0,34,Rain
2017-01-17,48,7.0,43,390,154,58,700.0,37,"Rain , Thunderstorm"
2017-01-18,41,6.0,51,389,157,61,705.0,33,Rain
2017-01-19,73,6.0,51,375,168,62,735.0,36,Rain
2017-01-20,58,15.0,54,424,183,49,783.0,41,"Fog , Rain"
2017-01-21,64,7.0,49,416,205,44,785.0,50,Fog
2017-01-22,59,11.0,63,374,204,29,740.0,42,"Fog , Rain"
2017-01-23,43,12.0,46,430,195,62,788.0,39,Clear
2017-01-24,41,7.0,51,404,170,59,732.0,36,Clear
2017-01-25,40,6.0,48,410,186,59,749.0,38,"Rain , Snow"
2017-01-26,42,8.0,38,373,166,46,673.0,32,"Rain , Snow"
2017-01-27,78,7.0,61,390,176,66,778.0,28,Snow
2017-01-28,56,7.0,37,400,180,48,728.0,27,Clear
2017-01-29,55,7.0,39,343,160,29,633.0,25,Snow
2017-01-30,37,7.0,46,404,191,69,754.0,26,Snow
2017-01-31,50,14.0,48,396,167,54,729.0,37,Rain
2017-02-01,59,15.0,66,389,194,83,806.0,30,Snow
2017-02-02,41,5.0,41,354,154,74,669.0,19,Clear
2017-02-03,71,7.0,48,342,144,53,665.0,21,Clear
2017-02-04,47,2.0,43,344,170,29,635.0,22,Clear
2017-02-05,43,6.0,41,359,204,38,691.0,31,Clear
2017-02-06,39,7.0,46,401,194,73,760.0,38,"Fog , Rain"
2017-02-07,31,9.0,47,355,178,69,689.0,41,"Fog , Rain , Thunderstorm"
2017-02-08,41,2.0,58,335,170,58,664.0,26,Clear
2017-02-09,55,5.0,52,349,152,53,666.0,19,Clear
2017-02-10,58,10.0,61,356,194,63,742.0,30,Clear
2017-02-11,37,11.0,45,392,173,46,704.0,42,Clear
2017-02-12,43,7.0,39,333,217,37,676.0,39,Clear
2017-02-13,43,9.0,55,386,171,52,716.0,35,Clear
2017-02-14,36,12.0,65,343,210,45,711.0,41,Clear
2017-02-15,51,7.0,55,329,180,46,668.0,31,Clear
2017-02-16,51,8.0,44,355,163,49,670.0,36,Clear
2017-02-17,67,10.0,61,425,191,71,825.0,47,Clear
2017-02-18,60,9.0,57,360,216,42,744.0,55,Clear
2017-02-19,39,8.0,34,355,207,29,672.0,52,Clear
2017-02-20,53,8.0,45,362,197,45,710.0,56,Clear
2017-02-21,47,12.0,50,331,187,48,675.0,58,Rain
2017-02-22,50,9.0,65,314,213,48,699.0,59,Fog
2017-02-23,77,7.0,64,289,163,51,651.0,49,Rain
2017-02-24,50,8.0,48,321,177,52,656.0,37,"Rain , Thunderstorm"
2017-02-25,50,3.0,34,307,162,37,593.0,28,Snow
2017-02-26,51,3.0,51,270,166,33,574.0,35,Rain
2017-02-27,41,2.0,45,308,179,54,629.0,41,Clear
2017-02-28,40,6.0,31,320,165,63,625.0,54,"Rain , Thunderstorm"
2017-03-01,48,8.0,69,308,169,107,709.0,43,"Fog , Rain , Snow"
2017-03-02,71,3.0,55,274,164,57,624.0,31,Snow
2017-03-03,60,7.0,45,326,169,66,673.0,27,Clear
2017-03-04,60,8.0,36,305,180,44,633.0,35,Snow
2017-03-05,48,11.0,45,336,186,28,654.0,46,Clear
2017-03-06,41,5.0,44,349,190,52,681.0,59,Clear
2017-03-07,39,9.0,59,318,197,58,680.0,55,"Rain , Thunderstorm"
2017-03-08,61,7.0,51,286,195,65,665.0,47,Clear
2017-03-09,61,8.0,49,333,178,45,674.0,36,Clear
2017-03-10,53,12.0,56,316,171,55,663.0,30,Clear
2017-03-11,46,4.0,53,320,197,33,653.0,25,Clear
2017-03-12,44,4.0,52,248,163,39,550.0,27,Snow
2017-03-13,31,6.0,44,248,166,44,539.0,28,"Fog , Snow"
2017-03-14,27,5.0,41,206,132,55,466.0,24,"Fog , Snow , Thunderstorm"
2017-03-15,51,7.0,44,281,166,54,603.0,25,Clear
2017-03-16,50,10.0,53,321,183,46,663.0,30,Clear
2017-03-17,55,8.0,54,359,180,51,707.0,43,"Rain , Snow"
2017-03-18,36,9.0,39,355,200,35,674.0,39,Clear
2017-03-19,52,6.0,41,265,204,36,604.0,41,Clear
2017-03-20,42,7.0,51,331,196,62,689.0,46,"Rain , Thunderstorm"
2017-03-21,53,6.0,49,301,187,50,646.0,44,Clear
2017-03-22,44,6.0,38,328,195,34,645.0,33,Clear
2017-03-23,58,4.0,45,318,185,52,662.0,40,"Rain , Thunderstorm"
2017-03-24,66,6.0,49,379,221,56,777.0,62,"Rain , Thunderstorm"
2017-03-25,52,8.0,52,340,207,32,691.0,44,Rain
2017-03-26,50,10.0,48,332,221,41,702.0,55,Rain
2017-03-27,47,13.0,53,341,206,57,717.0,47,"Fog , Rain"
2017-03-28,39,10.0,47,333,196,48,673.0,43,Clear
2017-03-29,41,7.0,55,337,180,49,669.0,42,"Fog , Rain"
2017-03-30,50,9.0,43,347,183,52,684.0,42,"Rain , Thunderstorm"
2017-03-31,59,10.0,60,377,205,61,772.0,40,Rain
2017-04-01,45,9.0,50,407,203,74,788.0,47,Clear
2017-04-02,36,8.0,48,340,226,31,689.0,52,Rain
2017-04-03,42,5.0,41,355,184,60,687.0,50,Rain
2017-04-04,49,9.0,77,314,206,53,708.0,50,Rain
2017-04-05,26,8.0,47,320,176,54,631.0,44,Rain
2017-04-06,40,6.0,45,340,188,44,663.0,45,Rain
2017-04-07,61,7.0,56,357,165,54,700.0,46,Clear
2017-04-08,53,5.0,40,344,203,48,693.0,53,Clear
2017-04-09,58,6.0,48,351,264,31,758.0,67,Clear
2017-04-10,44,10.0,60,312,178,75,679.0,60,"Rain , Thunderstorm"
2017-04-11,78,7.0,63,331,172,50,701.0,48,Fog
2017-04-12,37,13.0,54,367,192,61,724.0,49,Clear
2017-04-13,51,7.0,45,333,170,56,662.0,52,Rain
2017-04-14,63,9.0,57,367,212,61,769.0,57,Rain
2017-04-15,47,15.0,44,396,254,55,811.0,72,Clear
2017-04-16,39,7.0,51,313,249,25,684.0,63,"Rain , Thunderstorm"
2017-04-17,38,8.0,63,352,223,54,738.0,57,Clear
2017-04-18,69,10.0,61,342,212,40,734.0,59,Clear
2017-04-19,52,7.0,52,389,197,57,754.0,58,"Rain , Thunderstorm"
2017-04-20,56,9.0,42,374,189,41,711.0,61,Clear
2017-04-21,83,4.0,74,394,202,56,813.0,49,Clear
2017-04-22,53,8.0,54,324,220,41,700.0,49,Clear
2017-04-23,55,7.0,52,335,226,27,702.0,55,Clear
2017-04-24,47,10.0,43,351,232,49,732.0,57,Clear
2017-04-25,57,11.0,53,381,201,53,756.0,66,Clear
2017-04-26,67,12.0,55,339,244,39,756.0,67,Rain
2017-04-27,54,10.0,63,337,201,49,714.0,52,Rain
2017-04-28,83,21.0,48,369,251,56,828.0,50,Rain
2017-04-29,37,7.0,41,325,164,39,613.0,43,"Rain , Thunderstorm"
2017-04-30,48,3.0,48,336,190,30,655.0,45,"Rain , Thunderstorm"
2017-05-01,41,6.0,73,369,213,112,814.0,51,Rain
2017-05-02,48,10.0,51,320,195,61,685.0,46,Rain
2017-05-03,52,8.0,57,354,215,53,739.0,46,Clear
2017-05-04,57,5.0,39,373,213,53,740.0,49,Clear
2017-05-05,68,12.0,63,353,233,64,793.0,51,Rain
2017-05-06,46,4.0,42,367,208,40,707.0,51,Rain
2017-05-07,24,10.0,40,311,221,24,630.0,48,Clear
2017-05-08,53,11.0,54,353,174,58,703.0,46,Rain
2017-05-09,50,5.0,53,348,200,49,705.0,52,Rain
2017-05-10,37,10.0,51,346,170,45,659.0,56,"Rain , Thunderstorm"
2017-05-11,58,5.0,42,377,213,35,730.0,57,Clear
2017-05-12,66,6.0,68,415,234,58,847.0,59,Clear
2017-05-13,61,14.0,52,351,208,37,723.0,65,Clear
2017-05-14,49,9.0,46,330,246,27,707.0,61,Clear
2017-05-15,55,10.0,59,422,247,74,867.0,66,Thunderstorm
2017-05-16,57,5.0,45,363,236,40,746.0,74,Clear
2017-05-17,52,9.0,43,400,286,38,828.0,73,"Rain , Thunderstorm"
2017-05-18,44,6.0,47,370,246,62,775.0,63,"Rain , Thunderstorm"
2017-05-19,59,4.0,44,407,203,59,776.0,47,Rain
2017-05-20,58,6.0,47,342,171,40,664.0,56,"Rain , Thunderstorm"
2017-05-21,56,8.0,60,357,283,25,789.0,58,"Rain , Thunderstorm"
2017-05-22,50,11.0,53,388,236,55,793.0,61,Clear
2017-05-23,58,9.0,58,347,218,42,732.0,59,Rain
2017-05-24,52,8.0,49,414,194,42,759.0,58,Rain
2017-05-25,46,9.0,61,361,228,54,759.0,61,Clear
2017-05-26,64,14.0,66,379,197,44,764.0,62,Rain
2017-05-27,78,22.0,33,380,249,39,801.0,65,Clear
2017-05-28,43,11.0,59,308,254,29,704.0,67,Thunderstorm
2017-05-29,57,11.0,52,354,263,28,765.0,66,Clear
2017-05-30,41,15.0,61,398,245,52,812.0,64,Rain
2017-05-31,51,9.0,58,352,219,46,735.0,63,Clear
2017-06-01,56,10.0,59,373,231,89,818.0,66,Clear
2017-06-02,60,6.0,44,432,245,51,838.0,70,Clear
2017-06-03,53,8.0,48,417,253,43,822.0,71,Clear
2017-06-04,52,9.0,40,398,283,36,818.0,79,Clear
2017-06-05,36,8.0,35,370,228,54,731.0,67,Clear
2017-06-06,48,8.0,45,411,243,64,819.0,65,Clear
2017-06-07,43,11.0,44,391,235,58,782.0,67,Clear
2017-06-08,40,13.0,49,400,211,55,768.0,68,Rain
2017-06-09,66,10.0,44,410,237,47,814.0,76,"Rain , Thunderstorm"
2017-06-10,55,5.0,46,382,254,39,781.0,77,Clear
2017-06-11,43,7.0,48,391,289,34,812.0,83,Clear
2017-06-12,54,3.0,43,369,228,42,739.0,84,Clear
2017-06-13,44,10.0,53,419,219,61,806.0,78,Thunderstorm
2017-06-14,32,6.0,52,409,213,50,762.0,80,"Rain , Thunderstorm"
2017-06-15,46,11.0,45,429,219,62,812.0,80,"Rain , Thunderstorm"
2017-06-16,59,11.0,57,394,245,65,831.0,77,"Rain , Thunderstorm"
2017-06-17,45,6.0,35,428,254,55,823.0,78,"Rain , Thunderstorm"
2017-06-18,32,10.0,39,380,287,34,782.0,74,Rain
2017-06-19,48,8.0,54,383,216,34,743.0,71,"Rain , Hail , Thunderstorm"
2017-06-20,45,8.0,36,441,224,47,801.0,69,Rain
2017-06-21,59,9.0,61,410,191,52,782.0,68,Clear
2017-06-22,40,9.0,47,445,206,68,815.0,78,Clear
2017-06-23,54,6.0,44,424,196,52,776.0,75,"Rain , Thunderstorm"
2017-06-24,52,4.0,44,415,258,44,817.0,67,Rain
2017-06-25,35,4.0,50,383,295,28,795.0,63,Clear
2017-06-26,43,11.0,54,411,216,50,785.0,65,Clear
2017-06-27,54,8.0,45,397,220,44,768.0,64,Clear
2017-06-28,44,7.0,45,378,183,44,701.0,69,"Fog , Rain , Thunderstorm"
2017-06-29,41,8.0,49,407,216,53,774.0,74,"Rain , Thunderstorm"
2017-06-30,54,9.0,51,402,214,42,772.0,74,Clear
2017-07-01,62,9.0,72,407,255,80,885.0,74,Clear
2017-07-02,56,12.0,45,395,248,21,777.0,76,Clear
2017-07-03,81,9.0,46,434,219,70,859.0,73,Clear
2017-07-04,51,15.0,51,388,257,31,793.0,74,Clear
2017-07-05,55,13.0,52,421,259,51,851.0,77,Thunderstorm
2017-07-06,46,9.0,46,410,219,44,774.0,81,Clear
2017-07-07,47,13.0,33,376,220,67,756.0,76,"Rain , Thunderstorm"
2017-07-08,51,9.0,48,374,231,45,758.0,71,Clear
2017-07-09,52,10.0,45,407,282,25,821.0,75,Clear
2017-07-10,64,8.0,49,408,192,58,779.0,76,"Rain , Thunderstorm"
2017-07-11,47,11.0,51,395,205,58,767.0,78,"Rain , Thunderstorm"
2017-07-12,39,4.0,47,387,170,40,687.0,75,"Rain , Thunderstorm"
2017-07-13,63,7.0,41,428,227,46,812.0,79,"Rain , Thunderstorm"
2017-07-14,55,14.0,40,406,229,50,794.0,68,Clear
2017-07-15,60,8.0,56,444,255,59,882.0,71,Clear
2017-07-16,58,10.0,44,401,267,32,812.0,69,Rain
2017-07-17,42,9.0,58,470,197,59,835.0,68,Clear
2017-07-18,55,8.0,53,395,214,63,788.0,75,Clear
2017-07-19,64,9.0,46,396,199,51,765.0,79,"Rain , Thunderstorm"
2017-07-20,50,4.0,52,401,201,49,757.0,79,"Rain , Thunderstorm"
2017-07-21,53,12.0,41,411,198,42,757.0,81,"Rain , Thunderstorm"
2017-07-22,47,3.0,38,393,232,37,750.0,80,"Rain , Thunderstorm"
2017-07-23,42,11.0,42,418,292,37,842.0,80,"Rain , Thunderstorm"
2017-07-24,45,5.0,61,392,201,75,779.0,70,Clear
2017-07-25,49,8.0,65,461,195,67,845.0,72,Clear
2017-07-26,55,11.0,52,382,199,51,750.0,75,Rain
2017-07-27,48,8.0,49,424,217,45,791.0,76,Rain
2017-07-28,49,6.0,50,469,211,64,849.0,73,Clear
2017-07-29,55,5.0,52,379,264,38,793.0,72,Clear
2017-07-30,50,9.0,45,394,285,33,816.0,73,Clear
2017-07-31,46,12.0,56,414,206,49,783.0,76,Clear
2017-08-01,50,3.0,84,480,215,75,907.0,77,"Rain , Thunderstorm"
2017-08-02,51,8.0,68,377,212,51,767.0,77,"Rain , Thunderstorm"
2017-08-03,51,8.0,45,453,224,64,845.0,73,"Rain , Thunderstorm"
2017-08-04,60,9.0,52,531,195,75,922.0,62,Clear
2017-08-05,41,7.0,60,534,223,59,924.0,70,Clear
2017-08-06,50,7.0,49,450,280,28,864.0,70,Clear
2017-08-07,54,7.0,42,422,195,51,771.0,69,Clear
2017-08-08,65,8.0,48,391,196,56,764.0,71,Clear
2017-08-09,54,9.0,51,379,218,59,770.0,72,Clear
2017-08-10,45,7.0,45,430,207,53,787.0,73,"Rain , Thunderstorm"
2017-08-11,49,9.0,36,432,201,38,765.0,72,Clear
2017-08-12,56,8.0,28,426,245,48,811.0,69,Clear
2017-08-13,37,7.0,49,370,237,29,729.0,69,Clear
2017-08-14,43,7.0,43,454,218,46,811.0,73,Clear
2017-08-15,34,6.0,38,468,195,47,788.0,76,Clear
2017-08-16,35,9.0,46,424,217,61,792.0,78,"Rain , Thunderstorm"
2017-08-17,45,8.0,56,412,189,54,764.0,77,Rain
2017-08-18,65,8.0,57,442,236,45,853.0,75,Clear
2017-08-19,57,16.0,42,457,270,47,889.0,75,Clear
2017-08-20,39,7.0,50,393,252,30,771.0,77,"Rain , Thunderstorm"
2017-08-21,32,9.0,37,397,224,50,749.0,79,"Rain , Thunderstorm"
2017-08-22,46,7.0,46,422,212,44,777.0,73,Rain
2017-08-23,49,8.0,47,408,193,40,745.0,70,Clear
2017-08-24,54,9.0,54,439,182,60,798.0,66,Clear
2017-08-25,94,6.0,31,388,192,53,764.0,63,Clear
2017-08-26,45,8.0,42,406,236,42,779.0,67,Rain
2017-08-27,33,9.0,39,395,249,28,753.0,70,Thunderstorm
2017-08-28,45,10.0,40,359,173,60,687.0,72,"Rain , Thunderstorm"
2017-08-29,65,15.0,41,366,189,48,724.0,69,Rain
2017-08-30,72,13.0,34,413,201,50,783.0,71,Clear
2017-08-31,77,15.0,47,328,209,51,727.0,69,Clear
2017-09-01,79,8.0,58,413,207,90,855.0,60,Clear
2017-09-02,74,8.0,49,386,214,35,766.0,63,Rain
2017-09-03,68,8.0,47,350,246,34,753.0,71,Clear
2017-09-04,66,6.0,53,316,245,27,713.0,72,Rain
2017-09-05,67,5.0,36,324,200,67,699.0,62,Rain
2017-09-06,47,10.0,33,336,162,57,645.0,58,Clear
2017-09-07,48,7.0,34,388,193,55,725.0,62,Clear
2017-09-08,40,11.0,42,361,199,46,699.0,64,Rain
2017-09-09,39,10.0,39,369,219,54,730.0,63,Clear
2017-09-10,41,9.0,39,358,252,37,736.0,60,Clear
2017-09-11,41,8.0,46,354,176,60,685.0,64,Clear
2017-09-12,55,6.0,38,366,197,58,720.0,66,Clear
2017-09-13,45,9.0,37,369,192,50,702.0,68,Clear
2017-09-14,44,3.0,44,368,211,60,730.0,70,Fog
2017-09-15,43,8.0,35,429,232,54,801.0,75,Clear
2017-09-16,53,12.0,45,431,247,40,828.0,77,Clear
2017-09-17,30,9.0,38,410,282,40,809.0,75,Clear
2017-09-18,34,11.0,42,394,227,64,772.0,68,Clear
2017-09-19,44,7.0,40,363,207,44,705.0,72,Rain
2017-09-20,49,11.0,48,409,246,61,824.0,77,Clear
2017-09-21,48,11.0,39,416,228,59,801.0,83,Clear
2017-09-22,59,6.0,46,403,236,43,793.0,83,Clear
2017-09-23,45,15.0,39,411,273,45,828.0,84,Clear
2017-09-24,41,4.0,43,398,281,39,806.0,82,Clear
2017-09-25,54,7.0,50,410,237,60,818.0,80,Clear
2017-09-26,48,8.0,48,375,212,55,746.0,81,Clear
2017-09-27,52,4.0,34,367,213,49,719.0,64,Clear
2017-09-28,45,6.0,45,359,211,45,711.0,64,Clear
2017-09-29,64,10.0,34,421,219,56,804.0,63,Clear
2017-09-30,45,6.0,29,385,225,51,741.0,61,Clear
2017-10-01,41,4.0,53,381,260,49,788.0,60,Clear
2017-10-02,41,8.0,42,396,208,52,747.0,71,Clear
2017-10-03,47,11.0,55,388,189,46,736.0,73,Clear
2017-10-04,44,8.0,43,403,193,45,736.0,67,Rain
2017-10-05,52,9.0,50,377,205,51,744.0,66,Rain
2017-10-06,52,5.0,47,386,202,55,747.0,65,Rain
2017-10-07,30,8.0,35,398,198,38,707.0,70,Rain
2017-10-08,33,12.0,25,365,250,30,715.0,66,Clear
2017-10-09,34,14.0,38,394,214,48,742.0,67,Clear
2017-10-10,32,10.0,46,373,180,53,694.0,61,Rain
2017-10-11,40,7.0,29,344,153,38,611.0,59,Rain
2017-10-12,46,7.0,52,394,198,67,764.0,58,Rain
2017-10-13,50,10.0,37,407,216,46,766.0,64,Clear
2017-10-14,26,4.0,38,353,188,33,642.0,64,"Rain , Thunderstorm"
2017-10-15,25,6.0,20,352,195,37,635.0,58,Rain
2017-10-16,31,10.0,47,422,196,48,754.0,53,Clear
2017-10-17,49,3.0,41,352,196,65,706.0,60,Clear
2017-10-18,48,9.0,46,399,212,56,770.0,59,Clear
2017-10-19,33,11.0,46,402,219,55,766.0,61,Clear
2017-10-20,51,5.0,40,459,228,57,840.0,65,Clear
2017-10-21,46,10.0,41,410,247,52,806.0,69,Clear
2017-10-22,41,7.0,37,385,232,30,732.0,61,Rain
2017-10-23,40,4.0,59,399,168,58,728.0,52,Rain
2017-10-24,48,6.0,39,378,165,47,683.0,46,Rain
2017-10-25,50,9.0,41,376,186,48,710.0,46,Clear
2017-10-26,61,11.0,39,378,194,59,742.0,48,Clear
2017-10-27,41,12.0,47,460,187,65,812.0,45,Clear
2017-10-28,36,8.0,48,388,189,48,717.0,38,Rain
2017-10-29,44,7.0,41,362,205,31,690.0,40,Clear
2017-10-30,47,7.0,37,376,187,50,704.0,44,Clear
2017-10-31,28,5.0,67,395,203,46,744.0,37,Clear
2017-11-01,44,7.0,46,376,205,79,757.0,40,Rain
2017-11-02,36,9.0,49,381,200,42,717.0,48,Rain
2017-11-03,48,5.0,37,441,179,72,782.0,43,Clear
2017-11-04,46,10.0,44,404,210,38,752.0,46,"Fog , Rain , Thunderstorm"
2017-11-05,52,6.0,36,389,242,45,770.0,47,"Fog , Rain"
2017-11-06,43,12.0,49,388,181,41,714.0,38,Clear
2017-11-07,45,15.0,46,356,171,41,674.0,39,Clear
2017-11-08,41,4.0,40,414,217,39,755.0,38,Clear
2017-11-09,54,7.0,48,315,173,50,647.0,34,Clear
2017-11-10,47,8.0,44,350,166,57,672.0,24,Snow
2017-11-11,37,6.0,34,373,191,45,686.0,32,Clear
2017-11-12,31,4.0,39,355,205,29,663.0,38,Rain
2017-11-13,40,10.0,42,371,189,61,713.0,36,Clear
2017-11-14,49,6.0,54,370,166,47,692.0,40,Clear
2017-11-15,43,3.0,52,367,184,52,701.0,44,Rain
2017-11-16,62,6.0,46,422,163,50,749.0,36,Clear
2017-11-17,51,6.0,48,397,163,54,719.0,42,"Rain , Thunderstorm"
2017-11-18,34,6.0,35,394,181,41,691.0,42,"Rain , Snow"
2017-11-19,39,5.0,26,361,223,32,686.0,34,Clear
2017-11-20,51,4.0,32,425,188,51,751.0,41,Clear
2017-11-21,45,5.0,39,373,168,39,669.0,36,Rain
2017-11-22,49,5.0,37,360,142,53,646.0,29,Clear
2017-11-23,15,3.0,24,290,185,25,542.0,39,Clear
2017-11-24,42,2.0,45,371,165,53,678.0,48,Clear
2017-11-25,41,4.0,43,394,203,26,711.0,44,Clear
2017-11-26,40,7.0,39,357,190,29,662.0,38,Clear
2017-11-27,34,6.0,47,429,194,58,768.0,44,Clear
2017-11-28,65,10.0,49,389,191,73,777.0,52,Clear
2017-11-29,44,6.0,54,408,192,60,764.0,41,Clear
2017-11-30,59,6.0,40,400,170,64,739.0,47,Clear
2017-12-01,53,6.0,51,435,224,65,834.0,41,Clear
2017-12-02,56,7.0,38,407,196,47,751.0,44,Clear
2017-12-03,25,9.0,36,352,222,31,675.0,44,Clear
2017-12-04,58,3.0,34,445,211,54,805.0,55,"Rain , Thunderstorm"
2017-12-05,44,8.0,43,360,172,69,696.0,36,Clear
2017-12-06,43,4.0,51,361,193,53,705.0,31,Clear
2017-12-07,32,5.0,37,334,160,52,620.0,24,Snow
2017-12-08,41,6.0,38,394,198,50,727.0,28,Snow
2017-12-09,31,10.0,29,365,175,45,655.0,26,Snow
2017-12-10,37,10.0,44,346,181,42,660.0,28,Clear
2017-12-11,27,8.0,52,405,178,59,729.0,31,Snow
2017-12-12,31,5.0,38,355,177,67,673.0,24,Snow
2017-12-13,42,2.0,48,363,181,54,690.0,30,Snow
2017-12-14,28,4.0,46,379,185,61,703.0,22,Snow
2017-12-15,32,7.0,73,387,186,71,756.0,29,Snow
2017-12-16,47,6.0,38,419,199,58,767.0,37,Clear
2017-12-17,50,6.0,31,378,198,58,721.0,36,Clear
2017-12-18,33,3.0,54,396,169,64,719.0,43,Rain
2017-12-19,33,6.0,51,430,185,46,751.0,43,Clear
2017-12-20,47,9.0,43,375,173,43,690.0,32,Clear
2017-12-21,43,6.0,35,412,175,62,733.0,36,Clear
2017-12-22,48,9.0,38,436,179,61,771.0,36,Clear
2017-12-23,30,4.0,38,391,207,40,710.0,26,Clear
2017-12-24,14,1.0,20,291,149,21,496.0,20,"Fog , Snow"
2017-12-25,5,1.0,21,190,160,14,391.0,12,Snow
2017-12-26,25,9.0,36,269,136,46,521.0,1,Clear
2017-12-27,32,3.0,40,266,127,43,511.0,2,Clear
2017-12-28,37,6.0,41,331,122,51,588.0,8,Snow
2017-12-29,31,6.0,37,302,139,45,560.0,12,Snow
2017-12-30,36,6.0,35,302,173,60,612.0,7,Snow
2017-12-31,32,3.0,25,287,171,23,541.0,6,Clear
