,Date,Consensual,Disturbance,Other,Property,Violent,White-Collar,Total,Temp (F) avg,Event
0,1/1/15,67,11.0,90,334,445,177,1124.0,23,Clear
1,1/2/15,101,13.0,42,306,159,50,671.0,25,Clear
2,1/3/15,92,11.0,39,304,175,27,648.0,32,"Rain , Snow"
3,1/4/15,77,11.0,37,215,154,19,513.0,18,"Fog , Snow"
4,1/5/15,51,8.0,33,252,137,40,521.0,2,Snow
5,1/6/15,62,4.0,43,240,112,41,502.0,3,Snow
6,1/7/15,68,4.0,40,216,106,38,472.0,0,Clear
7,1/8/15,56,5.0,33,227,99,25,445.0,5,Snow
8,1/9/15,79,15.0,61,264,134,33,586.0,6,Snow
9,1/10/15,98,12.0,56,286,164,28,644.0,11,Clear
10,1/11/15,84,12.0,48,305,177,22,648.0,27,"Fog , Snow"
11,1/12/15,69,9.0,47,313,132,36,606.0,22,Snow
12,1/13/15,88,6.0,42,290,146,37,609.0,11,Snow
13,1/14/15,110,8.0,51,325,145,35,674.0,10,Snow
14,1/15/15,147,10.0,44,366,147,44,758.0,26,Clear
15,1/16/15,95,10.0,49,339,172,43,708.0,29,Clear
16,1/17/15,108,12.0,46,342,206,27,741.0,34,Clear
17,1/18/15,68,10.0,48,352,197,19,694.0,34,Snow
18,1/19/15,109,5.0,47,345,166,35,707.0,33,Snow
19,1/20/15,75,9.0,60,403,196,48,791.0,33,Clear
20,1/21/15,84,11.0,46,366,183,51,741.0,31,Snow
21,1/22/15,105,13.0,50,354,179,47,748.0,30,Clear
22,1/23/15,110,17.0,47,379,208,38,799.0,30,Clear
23,1/24/15,115,12.0,50,364,182,33,756.0,36,Clear
24,1/25/15,69,7.0,45,303,187,33,644.0,29,Snow
25,1/26/15,67,12.0,45,328,164,40,656.0,21,Snow
26,1/27/15,103,21.0,58,283,163,45,673.0,26,Snow
27,1/28/15,97,7.0,48,304,147,42,645.0,27,Rain
28,1/29/15,116,13.0,42,309,180,42,702.0,32,Snow
29,1/30/15,117,11.0,53,311,174,48,714.0,24,Clear
30,1/31/15,98,7.0,40,284,179,27,635.0,28,Snow
31,2/1/15,30,,46,214,153,97,540.0,25,"Fog , Snow"
32,2/2/15,47,5.0,37,181,133,65,468.0,13,Snow
33,2/3/15,55,11.0,30,212,143,56,507.0,14,"Fog , Snow"
34,2/4/15,84,9.0,35,241,160,47,576.0,15,Snow
35,2/5/15,76,11.0,50,235,155,41,568.0,7,Clear
36,2/6/15,116,15.0,49,295,171,46,692.0,22,Clear
37,2/7/15,115,15.0,52,279,172,43,676.0,30,Clear
38,2/8/15,102,8.0,42,262,173,27,614.0,32,"Rain , Snow"
39,2/9/15,90,16.0,49,263,140,48,606.0,23,Snow
40,2/10/15,91,16.0,49,267,159,44,626.0,24,Clear
41,2/11/15,88,8.0,46,275,148,39,604.0,27,Clear
42,2/12/15,90,9.0,41,260,159,49,608.0,13,Snow
43,2/13/15,111,10.0,55,245,146,62,629.0,16,Snow
44,2/14/15,73,6.0,47,271,175,25,597.0,14,Snow
45,2/15/15,80,8.0,53,216,160,33,550.0,6,Snow
46,2/16/15,89,9.0,53,226,123,36,536.0,12,Clear
47,2/17/15,91,4.0,37,250,169,43,594.0,14,Snow
48,2/18/15,62,10.0,44,224,122,46,508.0,3,Snow
49,2/19/15,56,7.0,34,216,113,37,463.0,-2,Clear
50,2/20/15,98,8.0,38,292,153,60,649.0,6,Snow
51,2/21/15,105,9.0,40,290,175,32,651.0,25,Snow
52,2/22/15,84,10.0,40,226,198,33,591.0,15,Snow
53,2/23/15,53,12.0,42,270,149,45,571.0,4,Clear
54,2/24/15,91,10.0,48,282,161,35,627.0,17,Snow
55,2/25/15,74,12.0,49,219,172,44,570.0,18,Snow
56,2/26/15,84,4.0,31,216,130,49,514.0,10,"Fog , Snow"
57,2/27/15,88,9.0,51,269,161,59,637.0,6,Clear
58,2/28/15,72,6.0,37,239,163,28,545.0,6,Snow
59,3/1/15,95,8.0,69,291,202,81,746.0,18,Snow
60,3/2/15,106,4.0,37,296,167,48,658.0,23,Clear
61,3/3/15,84,13.0,59,256,168,52,632.0,29,"Rain , Snow"
62,3/4/15,77,7.0,35,223,172,44,558.0,21,Clear
63,3/5/15,93,11.0,64,237,166,41,612.0,10,Clear
64,3/6/15,112,13.0,50,299,169,67,710.0,14,Clear
65,3/7/15,93,14.0,49,283,211,45,695.0,34,Clear
66,3/8/15,101,9.0,32,272,196,15,625.0,34,Clear
67,3/9/15,84,16.0,57,292,215,61,725.0,38,Clear
68,3/10/15,107,15.0,57,310,198,66,753.0,43,Fog
69,3/11/15,92,18.0,54,329,187,60,740.0,41,Clear
70,3/12/15,94,22.0,58,314,215,45,748.0,42,Clear
71,3/13/15,114,21.0,42,365,217,52,811.0,51,Clear
72,3/14/15,103,12.0,51,359,240,31,796.0,49,Clear
73,3/15/15,75,18.0,44,346,255,37,775.0,46,Clear
74,3/16/15,100,15.0,55,334,226,48,778.0,58,Clear
75,3/17/15,105,10.0,43,305,196,33,692.0,37,Clear
76,3/18/15,102,10.0,49,285,193,48,687.0,39,Clear
77,3/19/15,86,11.0,30,349,212,28,716.0,42,Clear
78,3/20/15,107,17.0,41,350,207,52,774.0,44,Clear
79,3/21/15,107,9.0,46,312,185,30,689.0,41,Clear
80,3/22/15,76,9.0,35,312,194,29,655.0,31,Snow
81,3/23/15,61,12.0,49,258,170,41,591.0,30,"Fog , Snow"
82,3/24/15,106,10.0,47,278,150,47,638.0,28,Rain
83,3/25/15,109,18.0,48,304,189,54,722.0,38,Rain
84,3/26/15,103,9.0,40,308,188,34,682.0,37,Clear
85,3/27/15,106,7.0,47,333,176,54,723.0,26,Snow
86,3/28/15,90,12.0,36,293,193,33,657.0,28,Clear
87,3/29/15,90,5.0,40,274,178,32,619.0,36,"Rain , Snow"
88,3/30/15,94,11.0,56,324,176,56,717.0,48,Clear
89,3/31/15,76,17.0,64,292,204,37,690.0,49,Clear
90,4/1/15,93,16.0,65,378,253,104,909.0,54,Clear
91,4/2/15,114,16.0,47,347,214,53,791.0,58,Rain
92,4/3/15,102,9.0,41,326,187,42,707.0,42,Rain
93,4/4/15,91,10.0,56,299,196,39,691.0,43,Clear
94,4/5/15,65,10.0,40,296,234,26,671.0,51,Clear
95,4/6/15,92,8.0,51,311,169,43,674.0,48,Rain
96,4/7/15,84,12.0,48,295,115,49,603.0,42,Rain
97,4/8/15,87,7.0,58,329,151,47,679.0,45,"Fog , Rain"
98,4/9/15,76,11.0,58,299,158,43,645.0,56,"Fog , Rain , Thunderstorm"
99,4/10/15,90,12.0,45,341,157,66,711.0,51,Rain
100,4/11/15,89,19.0,47,322,207,35,719.0,50,Clear
101,4/12/15,90,12.0,54,340,243,34,773.0,55,Rain
102,4/13/15,71,13.0,55,326,201,66,732.0,57,"Rain , Thunderstorm"
103,4/14/15,93,14.0,49,341,217,50,764.0,53,Clear
104,4/15/15,80,6.0,67,353,199,92,797.0,54,Clear
105,4/16/15,90,10.0,45,309,191,38,683.0,56,Rain
106,4/17/15,102,11.0,45,364,209,53,784.0,62,Clear
107,4/18/15,94,12.0,41,366,217,36,766.0,56,Clear
108,4/19/15,81,10.0,43,330,218,20,702.0,58,Rain
109,4/20/15,94,8.0,51,336,195,58,742.0,47,Rain
110,4/21/15,92,8.0,53,306,162,40,661.0,46,Clear
111,4/22/15,79,12.0,42,313,192,44,682.0,40,Snow
112,4/23/15,83,13.0,65,330,192,47,730.0,44,Clear
113,4/24/15,76,10.0,44,368,216,46,760.0,43,Rain
114,4/25/15,77,13.0,43,323,185,54,695.0,44,Rain
115,4/26/15,68,12.0,43,327,237,29,716.0,46,Clear
116,4/27/15,53,10.0,39,350,216,51,719.0,47,Clear
117,4/28/15,70,13.0,47,334,210,44,718.0,47,Clear
118,4/29/15,83,14.0,52,360,204,51,764.0,50,Clear
119,4/30/15,80,8.0,47,314,168,46,663.0,45,Clear
120,5/1/15,83,15.0,66,398,256,106,924.0,53,Clear
121,5/2/15,58,3.0,39,312,233,39,684.0,63,Clear
122,5/3/15,40,10.0,46,354,273,22,745.0,67,"Rain , Thunderstorm"
123,5/4/15,76,8.0,59,333,254,46,776.0,65,Clear
124,5/5/15,73,10.0,66,315,184,47,695.0,52,"Fog , Rain , Thunderstorm"
125,5/6/15,81,17.0,71,338,191,39,737.0,62,Fog
126,5/7/15,107,19.0,44,346,262,41,819.0,68,Rain
127,5/8/15,77,10.0,65,374,238,41,805.0,72,"Rain , Thunderstorm"
128,5/9/15,85,13.0,34,311,207,35,685.0,56,"Fog , Rain"
129,5/10/15,70,7.0,52,357,224,30,740.0,50,"Fog , Rain"
130,5/11/15,82,15.0,52,331,218,44,742.0,58,Rain
131,5/12/15,88,11.0,56,344,204,53,756.0,50,Clear
132,5/13/15,81,17.0,54,361,206,48,767.0,46,Clear
133,5/14/15,93,4.0,65,358,195,41,756.0,55,Rain
134,5/15/15,107,18.0,56,344,250,43,818.0,67,Rain
135,5/16/15,75,6.0,57,403,295,45,881.0,71,Rain
136,5/17/15,91,22.0,48,372,274,28,835.0,74,Rain
137,5/18/15,80,15.0,64,327,227,42,755.0,63,Clear
138,5/19/15,77,8.0,76,321,193,31,706.0,47,Clear
139,5/20/15,78,11.0,57,339,203,38,726.0,44,Rain
140,5/21/15,86,11.0,71,326,203,46,743.0,57,Clear
141,5/22/15,100,8.0,55,396,221,42,822.0,57,Clear
142,5/23/15,81,15.0,47,400,218,36,797.0,63,Clear
143,5/24/15,64,8.0,34,321,239,21,687.0,66,Rain
144,5/25/15,69,11.0,45,314,243,26,708.0,72,Rain
145,5/26/15,85,13.0,53,343,234,39,767.0,69,Rain
146,5/27/15,88,13.0,59,336,205,34,735.0,67,Clear
147,5/28/15,80,13.0,45,376,241,43,798.0,68,Clear
148,5/29/15,108,12.0,57,377,224,47,825.0,72,Rain
149,5/30/15,60,7.0,40,366,210,35,718.0,58,Rain
150,5/31/15,67,14.0,46,305,196,35,663.0,49,Rain
151,6/1/15,77,14.0,79,388,257,115,930.0,52,Clear
152,6/2/15,92,11.0,53,335,234,45,770.0,56,Clear
153,6/3/15,92,11.0,65,349,205,53,775.0,64,Clear
154,6/4/15,84,19.0,46,353,179,39,720.0,69,Clear
155,6/5/15,97,11.0,61,358,203,54,784.0,63,Clear
156,6/6/15,92,11.0,40,365,206,42,756.0,62,Clear
157,6/7/15,70,11.0,54,340,237,26,738.0,68,"Rain , Thunderstorm"
158,6/8/15,79,10.0,46,312,193,42,682.0,73,"Rain , Hail , Thunderstorm"
159,6/9/15,86,11.0,58,336,195,43,729.0,73,Clear
160,6/10/15,98,7.0,54,365,223,40,787.0,80,Clear
161,6/11/15,152,10.0,46,356,199,36,799.0,65,Rain
162,6/12/15,85,17.0,46,390,239,49,826.0,62,"Rain , Thunderstorm"
163,6/13/15,85,11.0,50,376,258,31,811.0,71,"Fog , Rain , Thunderstorm"
164,6/14/15,67,11.0,47,386,251,32,794.0,76,Rain
165,6/15/15,21,9.0,62,376,200,70,738.0,74,"Fog , Rain , Thunderstorm"
166,6/16/15,74,14.0,61,408,247,43,847.0,64,Clear
167,6/17/15,72,11.0,44,360,205,28,720.0,64,Rain
168,6/18/15,63,13.0,47,389,214,40,766.0,69,"Fog , Rain , Thunderstorm"
169,6/19/15,88,20.0,44,387,203,33,775.0,61,Clear
170,6/20/15,43,11.0,43,375,253,40,765.0,66,"Rain , Thunderstorm"
171,6/21/15,47,16.0,33,335,331,21,783.0,76,Clear
172,6/22/15,61,7.0,50,393,230,39,780.0,75,"Rain , Thunderstorm"
173,6/23/15,88,15.0,54,332,205,35,729.0,73,Clear
174,6/24/15,77,16.0,39,368,194,34,728.0,70,Clear
175,6/25/15,101,11.0,49,382,207,33,783.0,70,"Rain , Thunderstorm"
176,6/26/15,71,13.0,46,384,211,56,781.0,63,Rain
177,6/27/15,60,13.0,42,357,210,38,720.0,66,Clear
178,6/28/15,57,18.0,51,368,278,24,796.0,67,Rain
179,6/29/15,84,16.0,46,350,208,46,750.0,70,"Rain , Thunderstorm"
180,6/30/15,91,15.0,40,357,204,40,747.0,67,Rain
181,7/1/15,96,11.0,64,399,196,101,867.0,62,Clear
182,7/2/15,94,10.0,55,349,190,58,756.0,61,Clear
183,7/3/15,79,15.0,47,377,205,45,768.0,66,Clear
184,7/4/15,63,13.0,43,430,272,24,845.0,70,Clear
185,7/5/15,88,12.0,47,405,322,23,897.0,72,Clear
186,7/6/15,65,12.0,58,350,217,53,755.0,75,"Rain , Thunderstorm"
187,7/7/15,78,11.0,41,357,171,41,699.0,63,Rain
188,7/8/15,87,6.0,56,358,163,42,712.0,61,Rain
189,7/9/15,87,10.0,44,337,161,32,671.0,68,Rain
190,7/10/15,89,10.0,55,377,158,49,738.0,71,Clear
191,7/11/15,81,23.0,37,375,251,30,797.0,70,Rain
192,7/12/15,86,13.0,46,360,255,41,801.0,76,Clear
193,7/13/15,74,14.0,61,382,190,58,779.0,77,"Rain , Thunderstorm"
194,7/14/15,87,19.0,51,344,179,31,711.0,72,Clear
195,7/15/15,85,10.0,52,396,191,57,791.0,67,Clear
196,7/16/15,58,8.0,53,347,160,43,669.0,67,"Rain , Thunderstorm"
197,7/17/15,94,11.0,58,411,202,48,824.0,82,"Rain , Thunderstorm"
198,7/18/15,62,5.0,46,360,262,40,775.0,81,"Rain , Thunderstorm"
199,7/19/15,61,14.0,40,360,258,29,762.0,75,Clear
200,7/20/15,68,6.0,61,393,207,42,777.0,74,Clear
201,7/21/15,83,11.0,51,374,216,40,775.0,74,Clear
202,7/22/15,94,8.0,56,359,213,41,771.0,74,Clear
203,7/23/15,95,11.0,55,404,206,37,808.0,74,Clear
204,7/24/15,92,12.0,51,451,217,42,865.0,74,Clear
205,7/25/15,64,11.0,54,412,255,35,831.0,80,Clear
206,7/26/15,74,6.0,47,375,276,24,802.0,72,Rain
207,7/27/15,71,11.0,46,431,221,52,832.0,78,Clear
208,7/28/15,73,6.0,44,382,215,45,765.0,79,Clear
209,7/29/15,78,11.0,44,371,211,47,762.0,79,Rain
210,7/30/15,85,16.0,65,369,205,32,772.0,77,Clear
211,7/31/15,74,9.0,41,380,214,58,776.0,77,Clear
212,8/1/15,80,12.0,63,503,273,89,1020.0,76,Clear
213,8/2/15,78,18.0,40,383,272,30,821.0,79,"Rain , Thunderstorm"
214,8/3/15,65,7.0,62,359,191,45,729.0,75,Clear
215,8/4/15,95,16.0,38,361,208,43,761.0,72,Clear
216,8/5/15,103,8.0,51,368,193,46,769.0,72,Clear
217,8/6/15,94,8.0,61,399,205,40,807.0,74,Clear
218,8/7/15,87,10.0,57,403,239,43,839.0,73,Clear
219,8/8/15,71,17.0,51,415,248,46,848.0,75,Clear
220,8/9/15,83,10.0,50,347,235,19,744.0,74,Rain
221,8/10/15,66,10.0,62,400,224,46,808.0,76,Rain
222,8/11/15,96,13.0,65,361,216,38,789.0,74,Clear
223,8/12/15,108,7.0,51,356,200,36,758.0,71,Clear
224,8/13/15,80,13.0,46,354,237,53,783.0,75,Clear
225,8/14/15,82,10.0,53,415,206,37,803.0,79,"Rain , Thunderstorm"
226,8/15/15,58,9.0,47,414,255,37,820.0,80,"Rain , Thunderstorm"
227,8/16/15,74,11.0,31,419,304,25,864.0,80,Clear
228,8/17/15,63,8.0,51,364,200,53,739.0,78,"Rain , Thunderstorm"
229,8/18/15,84,13.0,47,376,193,47,760.0,75,"Rain , Thunderstorm"
230,8/19/15,101,12.0,58,382,195,43,791.0,69,Rain
231,8/20/15,138,13.0,58,406,179,41,835.0,67,Clear
232,8/21/15,110,9.0,50,429,209,50,857.0,69,Clear
233,8/22/15,78,10.0,56,407,253,41,845.0,71,Clear
234,8/23/15,84,14.0,49,367,260,30,804.0,69,Rain
235,8/24/15,78,14.0,53,363,178,38,724.0,65,Clear
236,8/25/15,79,7.0,58,391,182,49,766.0,66,Clear
237,8/26/15,90,12.0,58,400,165,63,788.0,62,Clear
238,8/27/15,94,17.0,56,393,159,44,763.0,64,Clear
239,8/28/15,84,8.0,49,423,182,57,803.0,64,Clear
240,8/29/15,78,10.0,47,359,230,34,758.0,67,Rain
241,8/30/15,79,13.0,57,393,227,30,799.0,70,Clear
242,8/31/15,80,14.0,45,367,191,47,744.0,73,Fog
243,9/1/15,95,11.0,57,410,257,105,935.0,78,Clear
244,9/2/15,96,13.0,57,393,198,41,798.0,81,Clear
245,9/3/15,97,15.0,59,437,225,40,873.0,81,Clear
246,9/4/15,84,16.0,54,395,197,66,812.0,77,Clear
247,9/5/15,74,12.0,31,379,233,32,761.0,78,Clear
248,9/6/15,88,14.0,39,381,271,22,815.0,81,Clear
249,9/7/15,95,13.0,49,371,252,27,807.0,82,Clear
250,9/8/15,71,6.0,52,360,175,51,715.0,75,"Fog , Rain , Thunderstorm"
251,9/9/15,82,11.0,45,355,176,42,711.0,68,Clear
252,9/10/15,68,11.0,46,342,158,33,658.0,64,"Rain , Thunderstorm"
253,9/11/15,83,14.0,46,336,162,47,688.0,61,Rain
254,9/12/15,61,15.0,47,337,217,47,724.0,58,Clear
255,9/13/15,69,17.0,27,359,232,31,735.0,59,Clear
256,9/14/15,65,7.0,50,409,218,37,786.0,67,Clear
257,9/15/15,81,18.0,56,396,191,64,806.0,72,Clear
258,9/16/15,100,14.0,37,368,200,47,766.0,70,Clear
259,9/17/15,83,5.0,41,344,204,40,717.0,73,"Rain , Thunderstorm"
260,9/18/15,73,8.0,53,413,189,55,791.0,70,"Rain , Thunderstorm"
261,9/19/15,93,7.0,49,378,228,35,790.0,62,"Fog , Rain , Thunderstorm"
262,9/20/15,83,13.0,53,361,262,38,810.0,62,Clear
263,9/21/15,86,13.0,44,335,216,40,734.0,63,Clear
264,9/22/15,100,15.0,51,361,203,45,775.0,67,Clear
265,9/23/15,104,12.0,49,404,217,44,830.0,69,Clear
266,9/24/15,81,11.0,37,357,190,38,714.0,66,Clear
267,9/25/15,91,9.0,54,387,216,50,807.0,67,Clear
268,9/26/15,69,12.0,45,394,241,30,791.0,68,Clear
269,9/27/15,90,12.0,43,373,256,26,800.0,68,Clear
270,9/28/15,81,10.0,44,375,202,39,751.0,71,Clear
271,9/29/15,70,10.0,48,332,164,43,667.0,62,Rain
272,9/30/15,86,10.0,46,353,143,37,675.0,57,Clear
273,10/1/15,99,8.0,74,393,190,100,864.0,56,Clear
274,10/2/15,115,13.0,51,380,181,53,793.0,56,Clear
275,10/3/15,76,13.0,50,373,161,34,707.0,51,Rain
276,10/4/15,74,9.0,45,316,187,22,653.0,54,Clear
277,10/5/15,92,16.0,52,340,188,62,750.0,58,Clear
278,10/6/15,102,9.0,66,348,187,38,750.0,63,Clear
279,10/7/15,83,10.0,49,338,193,44,717.0,63,Clear
280,10/8/15,75,8.0,45,333,202,37,700.0,64,Rain
281,10/9/15,114,14.0,52,378,182,53,793.0,56,Clear
282,10/10/15,69,13.0,48,369,188,40,727.0,54,Clear
283,10/11/15,57,10.0,49,344,256,19,735.0,65,Clear
284,10/12/15,67,11.0,54,359,199,38,728.0,64,Clear
285,10/13/15,69,12.0,50,364,204,41,740.0,55,Clear
286,10/14/15,90,9.0,46,387,183,49,764.0,53,Clear
287,10/15/15,93,11.0,58,407,177,62,808.0,58,Rain
288,10/16/15,86,10.0,47,364,179,47,733.0,46,Clear
289,10/17/15,71,10.0,37,369,194,25,706.0,43,Clear
290,10/18/15,66,11.0,42,322,210,24,675.0,47,Clear
291,10/19/15,66,14.0,48,425,197,38,788.0,60,Clear
292,10/20/15,102,9.0,42,402,172,57,784.0,66,Rain
293,10/21/15,90,10.0,48,410,194,41,793.0,64,Rain
294,10/22/15,96,13.0,68,365,188,43,773.0,57,Clear
295,10/23/15,102,13.0,45,373,194,49,776.0,58,Rain
296,10/24/15,66,5.0,35,386,234,37,763.0,56,Rain
297,10/25/15,75,10.0,32,364,224,23,728.0,52,Clear
298,10/26/15,58,10.0,50,406,201,55,780.0,49,Clear
299,10/27/15,51,6.0,44,350,163,35,649.0,53,Rain
300,10/28/15,62,11.0,59,350,155,44,681.0,47,Rain
301,10/29/15,64,8.0,43,354,161,38,668.0,42,Clear
302,10/30/15,110,18.0,49,374,170,53,774.0,46,Clear
303,10/31/15,65,9.0,43,371,204,28,720.0,49,Rain
304,11/1/15,90,10.0,66,439,286,84,975.0,54,Clear
305,11/2/15,85,12.0,59,364,214,48,782.0,60,Clear
306,11/3/15,67,8.0,54,367,204,50,750.0,57,Clear
307,11/4/15,94,8.0,59,395,192,40,788.0,60,Fog
308,11/5/15,76,9.0,44,382,199,42,752.0,65,Rain
309,11/6/15,94,9.0,41,383,180,38,745.0,53,Rain
310,11/7/15,82,7.0,51,334,186,31,691.0,44,Clear
311,11/8/15,83,7.0,35,363,192,24,704.0,40,Clear
312,11/9/15,73,11.0,49,346,165,37,681.0,43,Clear
313,11/10/15,67,5.0,39,305,180,44,640.0,44,Clear
314,11/11/15,85,15.0,43,330,155,57,685.0,50,"Rain , Thunderstorm"
315,11/12/15,80,13.0,43,361,132,62,691.0,49,Rain
316,11/13/15,76,13.0,44,354,153,38,678.0,40,Clear
317,11/14/15,74,8.0,38,377,169,29,695.0,41,Clear
318,11/15/15,76,17.0,54,344,190,39,720.0,54,Clear
319,11/16/15,66,8.0,46,396,175,50,741.0,50,Rain
320,11/17/15,70,12.0,40,345,156,43,666.0,54,Rain
321,11/18/15,73,12.0,40,341,170,45,681.0,55,Rain
322,11/19/15,101,16.0,38,348,146,48,697.0,41,Clear
323,11/20/15,92,11.0,40,353,171,43,710.0,36,"Fog , Snow"
324,11/21/15,45,9.0,33,257,154,30,528.0,26,"Fog , Snow"
325,11/22/15,45,7.0,49,244,146,28,519.0,17,Clear
326,11/23/15,62,9.0,45,328,165,41,650.0,31,Clear
327,11/24/15,54,8.0,43,322,150,30,607.0,31,Clear
328,11/25/15,57,7.0,39,339,143,33,618.0,41,Clear
329,11/26/15,31,7.0,31,303,195,20,587.0,54,Rain
330,11/27/15,39,4.0,34,350,144,40,611.0,45,Rain
331,11/28/15,51,12.0,32,343,182,37,657.0,34,Clear
332,11/29/15,52,8.0,36,322,169,24,611.0,33,Clear
333,11/30/15,64,7.0,60,351,140,43,665.0,41,Rain
334,12/1/15,78,7.0,55,336,199,93,768.0,40,"Rain , Thunderstorm"
335,12/2/15,82,9.0,40,383,157,41,712.0,35,"Fog , Rain , Snow"
336,12/3/15,66,6.0,50,362,174,51,709.0,33,Clear
337,12/4/15,68,9.0,47,363,168,46,701.0,40,Clear
338,12/5/15,64,6.0,39,350,203,45,707.0,38,Fog
339,12/6/15,57,9.0,42,371,177,31,687.0,37,Clear
340,12/7/15,48,11.0,44,385,156,44,688.0,33,"Fog , Snow"
341,12/8/15,70,8.0,55,377,171,47,728.0,43,Clear
342,12/9/15,43,9.0,46,376,168,43,685.0,46,Clear
343,12/10/15,52,5.0,48,370,172,42,689.0,49,Clear
344,12/11/15,53,13.0,30,427,179,40,742.0,46,Clear
345,12/12/15,60,10.0,42,381,216,45,754.0,52,"Fog , Rain"
346,12/13/15,37,5.0,27,365,199,17,650.0,55,"Fog , Rain"
347,12/14/15,42,9.0,45,418,179,45,738.0,52,Rain
348,12/15/15,69,13.0,41,436,175,57,791.0,41,Rain
349,12/16/15,57,9.0,46,393,166,51,722.0,44,Rain
350,12/17/15,52,7.0,44,408,155,61,727.0,32,Clear
351,12/18/15,51,7.0,38,346,166,43,651.0,28,Snow
352,12/19/15,51,7.0,36,359,168,45,666.0,23,Clear
353,12/20/15,55,7.0,50,354,192,34,692.0,37,Rain
354,12/21/15,39,4.0,38,352,158,58,649.0,47,Rain
355,12/22/15,44,4.0,45,408,152,40,693.0,38,Clear
356,12/23/15,40,6.0,42,463,156,45,752.0,50,"Fog , Rain , Thunderstorm"
357,12/24/15,13,6.0,31,380,196,47,673.0,38,Clear
358,12/25/15,12,3.0,29,250,190,14,498.0,38,Clear
359,12/26/15,48,6.0,46,326,186,25,637.0,40,"Fog , Rain"
360,12/27/15,44,6.0,36,346,173,21,626.0,38,"Rain , Snow"
361,12/28/15,22,10.0,38,288,128,28,514.0,35,"Rain , Snow"
362,12/29/15,55,5.0,42,330,144,44,620.0,34,Snow
363,12/30/15,45,5.0,43,289,175,45,602.0,28,"Fog , Snow"
364,12/31/15,28,7.0,37,318,154,64,608.0,25,Snow
365,1/1/16,28,8.0,66,317,448,154,1021.0,25,Snow
366,1/2/16,34,7.0,41,301,147,43,573.0,26,Clear
367,1/3/16,34,2.0,39,341,172,29,617.0,26,Snow
368,1/4/16,28,4.0,34,353,155,51,625.0,27,Snow
369,1/5/16,45,1.0,42,314,167,54,623.0,25,Clear
370,1/6/16,39,2.0,52,321,158,54,626.0,29,Clear
371,1/7/16,58,5.0,41,369,178,55,706.0,38,Clear
372,1/8/16,59,10.0,47,398,180,48,742.0,39,Rain
373,1/9/16,48,4.0,42,329,191,35,649.0,32,"Fog , Rain , Snow"
374,1/10/16,39,4.0,53,289,170,38,593.0,13,Snow
375,1/11/16,18,3.0,32,280,134,45,512.0,12,Snow
376,1/12/16,39,5.0,35,297,128,43,547.0,12,Snow
377,1/13/16,46,7.0,52,347,147,52,651.0,12,Snow
378,1/14/16,58,6.0,45,366,204,53,732.0,34,Clear
379,1/15/16,54,6.0,44,375,199,54,732.0,37,Rain
380,1/16/16,48,5.0,45,330,176,44,648.0,20,Clear
381,1/17/16,34,1.0,40,250,180,31,536.0,4,Clear
382,1/18/16,39,2.0,41,278,118,33,511.0,2,Clear
383,1/19/16,39,6.0,46,333,134,51,609.0,9,Clear
384,1/20/16,39,9.0,31,333,156,50,618.0,18,Snow
385,1/21/16,36,8.0,47,350,151,36,628.0,19,Clear
386,1/22/16,69,10.0,34,389,155,42,699.0,25,Snow
387,1/23/16,56,4.0,43,390,183,43,719.0,27,Snow
388,1/24/16,42,3.0,50,373,181,23,672.0,29,Clear
389,1/25/16,41,7.0,49,385,206,53,741.0,33,Rain
390,1/26/16,49,8.0,52,313,157,60,639.0,30,"Rain , Snow"
391,1/27/16,45,5.0,31,356,165,67,669.0,29,Snow
392,1/28/16,130,6.0,44,355,166,49,750.0,34,Clear
393,1/29/16,53,8.0,42,421,165,56,745.0,28,Snow
394,1/30/16,50,10.0,39,374,218,50,741.0,41,Rain
395,1/31/16,37,3.0,45,342,214,23,664.0,41,Rain
396,2/1/16,56,7.0,67,385,199,115,829.0,38,Clear
397,2/2/16,45,8.0,38,292,156,71,610.0,35,"Fog , Rain , Thunderstorm"
398,2/3/16,56,8.0,59,330,170,53,676.0,33,"Fog , Rain , Snow"
399,2/4/16,70,5.0,46,310,190,47,668.0,26,Clear
400,2/5/16,53,6.0,49,337,165,48,658.0,30,Clear
401,2/6/16,61,9.0,41,325,194,65,695.0,32,Clear
402,2/7/16,36,3.0,59,308,184,25,615.0,38,Clear
403,2/8/16,38,10.0,41,286,148,45,568.0,26,Snow
404,2/9/16,41,4.0,45,252,154,48,544.0,17,Snow
405,2/10/16,59,3.0,53,242,149,59,565.0,14,Clear
406,2/11/16,54,1.0,49,281,148,48,581.0,14,Clear
407,2/12/16,82,5.0,41,302,148,64,642.0,15,Snow
408,2/13/16,61,5.0,36,295,160,39,596.0,10,Clear
409,2/14/16,36,4.0,36,242,169,26,513.0,14,"Fog , Snow"
410,2/15/16,55,8.0,40,245,154,49,551.0,23,Snow
411,2/16/16,44,3.0,32,317,176,52,624.0,29,Snow
412,2/17/16,54,6.0,44,287,190,57,638.0,28,Clear
413,2/18/16,52,9.0,47,359,169,42,678.0,33,Clear
414,2/19/16,82,5.0,53,408,173,49,770.0,52,Clear
415,2/20/16,61,3.0,39,317,229,51,700.0,48,Clear
416,2/21/16,60,7.0,41,331,240,27,706.0,35,Clear
417,2/22/16,54,6.0,37,312,181,48,638.0,35,Clear
418,2/23/16,43,7.0,49,304,177,50,630.0,36,Clear
419,2/24/16,40,3.0,50,274,168,43,578.0,34,"Fog , Snow"
420,2/25/16,107,4.0,50,305,172,58,696.0,34,Snow
421,2/26/16,65,7.0,47,345,210,63,737.0,29,Clear
422,2/27/16,54,5.0,37,341,197,55,689.0,41,Clear
423,2/28/16,45,6.0,41,298,200,30,620.0,49,Rain
424,2/29/16,41,9.0,55,311,185,44,645.0,40,Rain
425,3/1/16,62,8.0,79,334,190,121,794.0,24,"Fog , Rain , Snow"
426,3/2/16,69,9.0,47,281,162,38,606.0,22,Snow
427,3/3/16,68,5.0,42,298,145,55,613.0,30,Snow
428,3/4/16,77,7.0,45,347,176,49,701.0,30,Snow
429,3/5/16,48,6.0,45,359,200,38,696.0,34,Clear
430,3/6/16,60,11.0,56,344,201,42,714.0,43,Clear
431,3/7/16,77,8.0,52,373,209,73,792.0,54,Rain
432,3/8/16,46,14.0,63,349,209,40,721.0,64,Rain
433,3/9/16,69,9.0,56,260,232,49,675.0,56,Rain
434,3/10/16,65,6.0,55,358,179,47,710.0,44,Clear
435,3/11/16,71,9.0,53,341,209,48,731.0,45,Clear
436,3/12/16,49,5.0,57,360,241,31,743.0,46,Rain
437,3/13/16,46,2.0,35,295,210,38,626.0,46,Rain
438,3/14/16,51,6.0,46,324,193,62,682.0,49,Rain
439,3/15/16,62,8.0,52,324,207,57,710.0,52,"Rain , Thunderstorm"
440,3/16/16,65,12.0,51,334,223,58,743.0,51,"Rain , Thunderstorm"
441,3/17/16,61,6.0,49,362,208,50,736.0,48,Clear
442,3/18/16,77,16.0,44,376,218,58,789.0,41,Clear
443,3/19/16,68,8.0,32,348,195,46,697.0,41,Clear
444,3/20/16,51,4.0,51,321,221,35,683.0,37,Clear
445,3/21/16,50,9.0,67,313,199,59,697.0,39,Clear
446,3/22/16,64,11.0,48,317,239,43,722.0,52,Clear
447,3/23/16,41,3.0,58,336,200,47,685.0,39,Rain
448,3/24/16,48,7.0,54,329,190,48,676.0,35,"Rain , Snow"
449,3/25/16,59,6.0,57,361,188,45,716.0,38,Clear
450,3/26/16,67,9.0,41,349,224,45,735.0,43,Clear
451,3/27/16,37,9.0,44,303,221,17,631.0,50,Rain
452,3/28/16,59,9.0,54,345,219,53,739.0,44,Clear
453,3/29/16,74,8.0,55,342,209,49,737.0,45,Clear
454,3/30/16,59,6.0,48,340,223,40,716.0,52,"Rain , Thunderstorm"
455,3/31/16,59,4.0,47,330,259,54,753.0,56,"Rain , Thunderstorm"
456,4/1/16,52,10.0,73,351,214,98,798.0,42,Rain
457,4/2/16,59,10.0,40,310,180,50,649.0,34,"Fog , Snow"
458,4/3/16,59,8.0,45,318,225,49,704.0,49,Clear
459,4/4/16,48,4.0,50,328,163,64,657.0,34,Snow
460,4/5/16,73,9.0,56,315,166,53,672.0,35,Rain
461,4/6/16,75,5.0,46,295,202,35,658.0,45,"Rain , Thunderstorm"
462,4/7/16,104,8.0,52,336,193,46,739.0,37,"Rain , Snow"
463,4/8/16,52,10.0,41,332,147,40,622.0,34,"Fog , Rain , Snow"
464,4/9/16,59,7.0,45,327,195,55,688.0,30,Clear
465,4/10/16,48,12.0,56,330,205,51,702.0,42,"Rain , Snow"
466,4/11/16,43,7.0,47,330,175,70,672.0,44,Clear
467,4/12/16,73,10.0,42,328,177,67,697.0,39,Clear
468,4/13/16,74,5.0,41,314,218,61,713.0,45,Clear
469,4/14/16,69,10.0,34,336,190,50,689.0,49,Clear
470,4/15/16,100,11.0,52,395,189,61,808.0,55,Clear
471,4/16/16,60,10.0,51,338,245,28,732.0,59,Clear
472,4/17/16,56,6.0,46,334,232,34,708.0,62,Clear
473,4/18/16,52,16.0,35,376,199,59,737.0,66,Clear
474,4/19/16,61,8.0,28,345,207,53,702.0,52,Clear
475,4/20/16,69,8.0,41,344,174,47,683.0,61,Rain
476,4/21/16,74,5.0,54,329,196,54,712.0,60,Rain
477,4/22/16,73,4.0,51,358,195,46,727.0,48,Clear
478,4/23/16,57,10.0,54,311,222,37,691.0,49,Clear
479,4/24/16,77,10.0,45,327,259,30,748.0,60,Clear
480,4/25/16,47,6.0,58,362,236,46,755.0,71,"Rain , Hail , Thunderstorm"
481,4/26/16,67,8.0,49,324,190,52,690.0,55,Clear
482,4/27/16,52,7.0,58,312,194,35,658.0,45,Rain
483,4/28/16,54,8.0,52,361,201,55,731.0,46,"Rain , Thunderstorm"
484,4/29/16,64,9.0,41,340,219,41,714.0,46,Rain
485,4/30/16,46,5.0,37,302,176,36,602.0,46,Rain
486,5/1/16,30,11.0,67,361,238,89,796.0,46,"Rain , Thunderstorm"
487,5/2/16,55,19.0,57,366,202,55,754.0,51,Clear
488,5/3/16,73,12.0,60,323,213,53,734.0,54,Rain
489,5/4/16,69,9.0,48,308,205,39,678.0,50,Rain
490,5/5/16,61,8.0,49,348,180,51,697.0,51,Clear
491,5/6/16,50,3.0,47,392,239,63,794.0,62,Clear
492,5/7/16,24,3.0,27,391,242,53,740.0,57,"Rain , Thunderstorm"
493,5/8/16,47,13.0,41,316,270,39,726.0,56,Clear
494,5/9/16,53,10.0,48,342,223,53,729.0,54,Rain
495,5/10/16,55,8.0,53,338,204,51,709.0,57,Rain
496,5/11/16,60,8.0,42,378,213,55,756.0,60,"Fog , Rain , Thunderstorm"
497,5/12/16,62,10.0,37,330,204,43,686.0,62,"Rain , Thunderstorm"
498,5/13/16,65,9.0,53,403,217,58,805.0,55,Rain
499,5/14/16,63,5.0,61,357,199,34,719.0,44,Rain
500,5/15/16,54,5.0,54,353,242,30,738.0,45,Clear
501,5/16/16,66,6.0,58,364,230,58,782.0,58,Rain
502,5/17/16,59,10.0,60,331,186,42,688.0,51,Rain
503,5/18/16,63,11.0,42,419,222,42,799.0,53,Clear
504,5/19/16,107,6.0,51,360,199,39,762.0,54,Clear
505,5/20/16,71,8.0,52,409,212,50,802.0,56,Clear
506,5/21/16,54,10.0,49,403,233,42,791.0,64,Clear
507,5/22/16,62,10.0,43,359,254,22,750.0,65,Clear
508,5/23/16,65,8.0,60,370,222,56,781.0,65,Clear
509,5/24/16,62,14.0,41,391,242,53,803.0,73,Clear
510,5/25/16,45,6.0,51,330,238,47,717.0,75,"Rain , Thunderstorm"
511,5/26/16,53,6.0,65,359,244,38,765.0,73,Clear
512,5/27/16,61,11.0,59,401,231,34,797.0,74,"Rain , Thunderstorm"
513,5/28/16,71,9.0,46,393,242,30,791.0,73,Thunderstorm
514,5/29/16,64,12.0,46,376,274,26,798.0,71,Clear
515,5/30/16,61,8.0,49,378,295,26,817.0,75,Clear
516,5/31/16,61,7.0,64,359,214,49,754.0,73,"Rain , Thunderstorm"
517,6/1/16,64,13.0,72,391,245,106,891.0,71,Rain
518,6/2/16,58,13.0,51,381,244,49,796.0,68,Clear
519,6/3/16,77,11.0,64,367,256,42,817.0,70,Clear
520,6/4/16,55,8.0,45,344,272,102,826.0,67,Rain
521,6/5/16,55,6.0,38,362,248,69,778.0,70,Rain
522,6/6/16,58,6.0,58,364,232,72,790.0,71,Clear
523,6/7/16,70,8.0,37,354,208,77,754.0,59,Clear
524,6/8/16,71,11.0,42,378,189,51,742.0,61,Clear
525,6/9/16,59,10.0,51,320,207,76,723.0,63,Rain
526,6/10/16,54,4.0,42,396,214,52,762.0,77,"Fog , Rain , Thunderstorm"
527,6/11/16,56,16.0,48,388,259,47,814.0,81,Clear
528,6/12/16,76,6.0,53,422,271,21,849.0,69,Clear
529,6/13/16,43,11.0,48,379,238,74,793.0,70,Clear
530,6/14/16,68,8.0,61,374,250,74,835.0,76,Clear
531,6/15/16,69,12.0,51,368,229,56,785.0,79,"Rain , Thunderstorm"
532,6/16/16,57,12.0,65,403,237,43,817.0,70,Clear
533,6/17/16,55,7.0,54,395,258,55,824.0,73,Clear
534,6/18/16,47,7.0,40,383,254,30,761.0,73,Clear
535,6/19/16,33,15.0,37,384,314,26,809.0,76,Clear
536,6/20/16,47,7.0,62,400,282,54,852.0,82,Rain
537,6/21/16,44,9.0,59,407,258,45,822.0,74,Clear
538,6/22/16,48,18.0,50,356,223,54,749.0,72,"Fog , Rain , Thunderstorm"
539,6/23/16,55,15.0,50,390,238,51,799.0,71,Fog
540,6/24/16,63,12.0,39,420,227,45,806.0,72,Clear
541,6/25/16,45,9.0,49,434,237,36,810.0,77,Clear
542,6/26/16,29,9.0,49,386,275,23,771.0,81,Rain
543,6/27/16,53,7.0,47,387,225,49,768.0,80,Clear
544,6/28/16,63,9.0,49,377,211,57,766.0,64,Clear
545,6/29/16,67,9.0,46,399,225,57,803.0,68,Clear
546,6/30/16,93,9.0,52,434,210,50,848.0,68,Clear
547,7/1/16,83,14.0,57,441,240,106,941.0,66,Clear
548,7/2/16,67,8.0,66,357,232,26,756.0,65,Clear
549,7/3/16,71,10.0,47,386,237,29,780.0,66,Clear
550,7/4/16,54,17.0,55,405,297,16,844.0,73,Clear
551,7/5/16,68,6.0,51,420,304,44,893.0,77,Clear
552,7/6/16,53,7.0,48,381,211,42,742.0,78,"Rain , Thunderstorm"
553,7/7/16,65,11.0,42,407,194,68,787.0,77,Rain
554,7/8/16,52,9.0,51,412,219,46,789.0,77,Fog
555,7/9/16,43,7.0,39,361,237,40,727.0,72,Clear
556,7/10/16,35,10.0,46,386,245,36,758.0,71,Clear
557,7/11/16,38,7.0,53,359,205,37,699.0,80,Clear
558,7/12/16,52,4.0,60,381,211,69,777.0,81,Clear
559,7/13/16,58,4.0,44,378,185,57,726.0,76,"Rain , Thunderstorm"
560,7/14/16,63,8.0,56,421,173,46,767.0,78,Clear
561,7/15/16,60,7.0,51,458,214,52,842.0,68,Rain
562,7/16/16,42,8.0,42,430,220,38,780.0,67,Clear
563,7/17/16,46,8.0,46,415,240,30,785.0,72,"Rain , Thunderstorm"
564,7/18/16,48,9.0,55,434,202,49,797.0,80,Clear
565,7/19/16,58,6.0,50,436,192,49,791.0,80,Clear
566,7/20/16,46,8.0,54,439,213,60,820.0,79,Clear
567,7/21/16,54,3.0,60,415,194,58,784.0,82,"Rain , Thunderstorm"
568,7/22/16,67,8.0,44,399,220,52,790.0,81,Rain
569,7/23/16,42,8.0,24,454,240,42,810.0,81,"Rain , Thunderstorm"
570,7/24/16,45,7.0,41,406,261,29,789.0,82,"Rain , Thunderstorm"
571,7/25/16,60,11.0,50,431,216,57,825.0,81,Clear
572,7/26/16,63,5.0,45,472,226,62,873.0,79,Clear
573,7/27/16,52,4.0,52,430,211,46,795.0,79,Clear
574,7/28/16,60,6.0,45,397,204,61,773.0,77,"Rain , Thunderstorm"
575,7/29/16,49,5.0,58,437,199,53,801.0,76,"Rain , Thunderstorm"
576,7/30/16,50,11.0,47,513,260,43,924.0,73,Clear
577,7/31/16,30,9.0,29,474,236,35,813.0,73,Clear
578,8/1/16,43,7.0,59,416,217,113,855.0,75,Clear
579,8/2/16,39,6.0,51,396,233,63,788.0,77,Clear
580,8/3/16,53,8.0,52,408,190,59,770.0,80,Clear
581,8/4/16,47,5.0,60,393,226,59,790.0,81,Rain
582,8/5/16,51,12.0,50,459,233,55,860.0,79,Rain
583,8/6/16,41,4.0,52,407,281,41,826.0,75,Clear
584,8/7/16,48,12.0,38,435,261,42,836.0,73,Clear
585,8/8/16,37,8.0,41,436,209,70,801.0,78,Clear
586,8/9/16,46,9.0,60,340,207,60,722.0,78,Clear
587,8/10/16,42,4.0,51,359,202,61,719.0,79,Clear
588,8/11/16,61,7.0,53,448,225,56,850.0,83,Clear
589,8/12/16,50,3.0,52,434,165,39,743.0,79,"Rain , Thunderstorm"
590,8/13/16,30,13.0,52,453,230,46,824.0,78,Clear
591,8/14/16,36,5.0,46,451,276,27,841.0,76,Clear
592,8/15/16,37,5.0,58,450,213,76,839.0,73,Clear
593,8/16/16,40,7.0,64,428,208,66,813.0,80,Rain
594,8/17/16,47,2.0,42,485,224,60,860.0,79,Clear
595,8/18/16,58,5.0,54,388,204,55,764.0,78,"Rain , Thunderstorm"
596,8/19/16,47,8.0,41,433,213,48,790.0,75,"Rain , Thunderstorm"
597,8/20/16,35,7.0,47,439,261,52,841.0,72,"Rain , Thunderstorm"
598,8/21/16,31,8.0,39,406,267,33,784.0,67,Clear
599,8/22/16,31,5.0,46,423,178,43,726.0,67,Clear
600,8/23/16,40,7.0,48,400,211,45,751.0,71,Clear
601,8/24/16,40,8.0,57,471,192,54,822.0,77,Rain
602,8/25/16,32,7.0,48,461,181,40,769.0,76,"Rain , Thunderstorm"
603,8/26/16,43,8.0,46,446,205,54,802.0,74,"Rain , Thunderstorm"
604,8/27/16,33,7.0,36,431,264,45,816.0,76,Rain
605,8/28/16,38,7.0,37,403,279,41,805.0,77,Thunderstorm
606,8/29/16,44,6.0,46,476,255,53,880.0,78,"Rain , Thunderstorm"
607,8/30/16,39,6.0,34,427,194,55,755.0,77,"Rain , Thunderstorm"
608,8/31/16,41,12.0,49,430,206,37,775.0,70,Clear
609,9/1/16,77,7.0,56,492,242,121,995.0,68,Clear
610,9/2/16,55,6.0,42,431,206,55,795.0,68,Clear
611,9/3/16,68,10.0,48,462,205,33,826.0,66,Clear
612,9/4/16,58,9.0,38,384,245,41,775.0,70,Clear
613,9/5/16,54,12.0,44,411,260,39,820.0,75,Clear
614,9/6/16,42,12.0,57,394,193,61,759.0,83,Clear
615,9/7/16,40,7.0,46,354,220,50,717.0,82,"Rain , Thunderstorm"
616,9/8/16,39,9.0,50,450,198,45,791.0,76,Rain
617,9/9/16,50,6.0,43,428,229,62,818.0,72,Clear
618,9/10/16,37,4.0,39,428,222,37,767.0,66,Rain
619,9/11/16,33,11.0,36,421,224,30,755.0,64,Clear
620,9/12/16,42,9.0,55,425,211,49,791.0,67,Clear
621,9/13/16,41,4.0,41,433,213,53,785.0,75,Rain
622,9/14/16,61,6.0,62,429,200,59,817.0,69,Rain
623,9/15/16,36,10.0,47,443,221,65,822.0,69,Clear
624,9/16/16,38,9.0,39,436,210,68,800.0,74,Clear
625,9/17/16,39,9.0,43,454,252,36,833.0,74,Rain
626,9/18/16,37,14.0,40,401,264,24,780.0,69,Clear
627,9/19/16,29,9.0,42,399,187,46,712.0,72,Clear
628,9/20/16,39,5.0,51,430,203,61,789.0,75,Rain
629,9/21/16,42,8.0,47,378,201,55,731.0,70,"Rain , Thunderstorm"
630,9/22/16,60,7.0,48,426,226,59,826.0,73,Clear
631,9/23/16,85,9.0,38,424,225,59,840.0,70,Clear
632,9/24/16,25,7.0,57,422,267,55,833.0,70,Clear
633,9/25/16,27,7.0,47,435,261,32,809.0,74,Rain
634,9/26/16,34,8.0,44,427,185,64,762.0,63,Rain
635,9/27/16,43,7.0,42,403,199,38,732.0,61,Clear
636,9/28/16,37,3.0,33,363,156,42,634.0,55,"Rain , Thunderstorm"
637,9/29/16,37,4.0,40,381,175,65,702.0,62,Rain
638,9/30/16,38,13.0,45,422,197,57,772.0,62,Rain
639,10/1/16,29,8.0,56,448,207,87,835.0,61,"Rain , Thunderstorm"
640,10/2/16,28,12.0,38,369,237,22,706.0,61,"Fog , Rain"
641,10/3/16,24,8.0,45,428,198,65,768.0,62,Clear
642,10/4/16,49,11.0,47,384,187,64,742.0,68,Clear
643,10/5/16,53,16.0,67,395,207,64,802.0,70,Clear
644,10/6/16,35,11.0,56,401,187,61,751.0,66,"Rain , Thunderstorm"
645,10/7/16,41,9.0,66,459,218,68,861.0,59,Clear
646,10/8/16,26,10.0,36,397,210,34,713.0,53,Clear
647,10/9/16,21,6.0,38,374,216,26,681.0,55,Clear
648,10/10/16,36,7.0,38,397,184,54,716.0,58,Clear
649,10/11/16,32,8.0,62,360,177,54,693.0,64,Rain
650,10/12/16,35,8.0,58,423,182,33,739.0,57,"Rain , Thunderstorm"
651,10/13/16,41,7.0,48,341,191,64,692.0,48,Clear
652,10/14/16,47,6.0,43,445,214,66,821.0,52,Clear
653,10/15/16,39,9.0,52,423,242,54,819.0,62,Rain
654,10/16/16,44,5.0,42,381,274,41,787.0,69,"Rain , Thunderstorm"
655,10/17/16,45,11.0,60,418,227,55,816.0,75,Clear
656,10/18/16,47,15.0,50,378,235,43,768.0,66,Clear
657,10/19/16,39,12.0,54,370,201,33,709.0,60,Rain
658,10/20/16,38,4.0,40,388,199,45,714.0,51,Clear
659,10/21/16,41,6.0,44,414,200,54,759.0,46,Clear
660,10/22/16,35,11.0,38,414,206,67,771.0,49,Clear
661,10/23/16,41,8.0,45,408,246,35,783.0,57,Clear
662,10/24/16,48,7.0,50,410,202,52,769.0,49,Clear
663,10/25/16,40,8.0,44,420,176,45,733.0,45,Rain
664,10/26/16,29,8.0,43,383,176,58,697.0,48,"Rain , Thunderstorm"
665,10/27/16,33,11.0,40,417,178,49,728.0,47,Clear
666,10/28/16,37,9.0,35,455,192,73,801.0,52,Clear
667,10/29/16,42,9.0,44,409,260,67,831.0,64,Clear
668,10/30/16,34,15.0,52,363,270,51,785.0,49,"Rain , Thunderstorm"
669,10/31/16,29,12.0,57,479,223,65,865.0,48,Clear
670,11/1/16,47,4.0,61,428,237,105,882.0,68,Clear
671,11/2/16,24,5.0,37,428,212,38,744.0,60,"Rain , Thunderstorm"
672,11/3/16,12,9.0,46,395,270,51,783.0,58,Clear
673,11/4/16,22,5.0,38,457,201,59,782.0,52,Clear
674,11/5/16,37,9.0,35,452,246,39,818.0,56,Clear
675,11/6/16,38,10.0,38,395,239,32,752.0,56,Clear
676,11/7/16,30,7.0,52,417,182,45,733.0,54,Clear
677,11/8/16,40,11.0,43,317,181,49,641.0,56,Rain
678,11/9/16,30,7.0,35,395,171,39,677.0,50,Clear
679,11/10/16,34,6.0,48,409,169,51,717.0,52,Clear
680,11/11/16,66,5.0,61,445,168,53,798.0,45,Clear
681,11/12/16,45,5.0,41,436,218,34,779.0,42,Clear
682,11/13/16,40,5.0,44,357,184,28,658.0,46,Clear
683,11/14/16,31,9.0,44,362,180,41,667.0,51,Clear
684,11/15/16,37,4.0,52,388,174,53,708.0,46,Fog
685,11/16/16,49,7.0,39,408,203,62,768.0,50,Clear
686,11/17/16,69,5.0,44,449,196,43,806.0,58,Clear
687,11/18/16,52,8.0,52,445,177,59,793.0,53,"Rain , Thunderstorm"
688,11/19/16,21,5.0,37,397,178,38,676.0,34,Snow
689,11/20/16,33,6.0,44,342,193,43,661.0,29,Clear
690,11/21/16,38,13.0,49,380,145,58,683.0,32,Clear
691,11/22/16,47,15.0,42,403,158,55,720.0,33,Rain
692,11/23/16,28,6.0,45,404,149,65,697.0,41,Rain
693,11/24/16,8,5.0,42,277,184,18,534.0,39,Rain
694,11/25/16,43,6.0,28,385,164,62,688.0,37,Rain
695,11/26/16,49,14.0,43,406,175,30,717.0,40,Clear
696,11/27/16,49,9.0,48,360,200,27,693.0,38,Rain
697,11/28/16,23,2.0,40,425,156,47,693.0,46,Rain
698,11/29/16,50,10.0,40,379,164,54,697.0,51,Clear
699,11/30/16,46,3.0,34,366,191,56,696.0,40,Rain
700,12/1/16,26,10.0,60,413,171,101,781.0,38,Rain
701,12/2/16,55,10.0,62,447,196,60,830.0,37,Clear
702,12/3/16,34,7.0,39,452,177,48,757.0,32,Clear
703,12/4/16,26,5.0,34,320,186,22,593.0,30,"Fog , Snow"
704,12/5/16,30,12.0,47,356,166,61,672.0,33,Clear
705,12/6/16,44,4.0,40,383,166,51,688.0,33,Fog
706,12/7/16,26,4.0,45,372,167,43,657.0,25,Snow
707,12/8/16,29,9.0,41,336,145,45,605.0,21,Snow
708,12/9/16,40,3.0,53,340,163,66,665.0,22,Snow
709,12/10/16,40,5.0,48,331,150,38,612.0,21,Snow
710,12/11/16,26,5.0,28,271,152,28,510.0,28,"Fog , Snow"
711,12/12/16,39,4.0,48,338,135,63,627.0,20,Clear
712,12/13/16,32,9.0,50,300,129,51,571.0,12,Snow
713,12/14/16,34,7.0,39,338,140,50,608.0,11,Snow
714,12/15/16,23,4.0,39,305,134,71,576.0,4,Clear
715,12/16/16,31,2.0,34,386,170,65,688.0,14,"Fog , Snow"
716,12/17/16,35,2.0,28,345,151,51,612.0,20,Snow
717,12/18/16,32,6.0,33,238,184,33,526.0,6,Snow
718,12/19/16,23,,71,333,165,65,657.0,1,Clear
719,12/20/16,38,7.0,62,384,144,55,690.0,21,Clear
720,12/21/16,39,10.0,48,395,164,70,726.0,28,Clear
721,12/22/16,32,3.0,41,399,170,57,702.0,31,Clear
722,12/23/16,37,5.0,47,406,173,59,727.0,31,"Rain , Snow"
723,12/24/16,14,4.0,35,354,162,33,602.0,36,Clear
724,12/25/16,9,1.0,32,247,183,15,487.0,36,"Fog , Rain"
725,12/26/16,23,8.0,37,352,189,34,643.0,41,"Fog , Rain"
726,12/27/16,39,5.0,38,343,163,72,660.0,24,Clear
727,12/28/16,32,7.0,57,412,145,69,722.0,32,Clear
728,12/29/16,42,10.0,47,334,155,59,647.0,33,Snow
729,12/30/16,38,7.0,58,400,168,70,741.0,31,Clear
730,12/31/16,23,4.0,44,388,207,36,702.0,32,Clear
731,1/1/17,21,10.0,76,412,435,113,1067.0,28,Clear
732,1/2/17,40,5.0,45,313,156,50,609.0,34,"Fog , Rain"
733,1/3/17,47,8.0,43,361,181,74,714.0,29,"Fog , Rain"
734,1/4/17,34,2.0,54,327,135,58,610.0,13,Clear
735,1/5/17,31,6.0,57,319,133,60,606.0,8,Snow
736,1/6/17,38,8.0,41,327,141,39,594.0,5,Clear
737,1/7/17,39,6.0,45,311,173,43,617.0,9,Clear
738,1/8/17,34,9.0,55,299,166,25,588.0,11,Clear
739,1/9/17,53,5.0,51,403,141,54,707.0,26,Snow
740,1/10/17,28,4.0,57,379,169,66,703.0,38,Rain
741,1/11/17,40,8.0,55,330,171,54,658.0,34,"Fog , Rain , Thunderstorm"
742,1/12/17,40,5.0,71,333,150,44,643.0,24,"Rain , Snow"
743,1/13/17,50,4.0,58,448,175,63,798.0,22,Clear
744,1/14/17,61,5.0,52,333,183,48,682.0,28,Clear
745,1/15/17,46,9.0,43,343,173,41,655.0,28,Clear
746,1/16/17,31,7.0,40,354,179,40,651.0,34,Rain
747,1/17/17,48,7.0,43,390,154,58,700.0,37,"Rain , Thunderstorm"
748,1/18/17,41,6.0,51,389,157,61,705.0,33,Rain
749,1/19/17,73,6.0,51,375,168,62,735.0,36,Rain
750,1/20/17,58,15.0,54,424,183,49,783.0,41,"Fog , Rain"
751,1/21/17,64,7.0,49,416,205,44,785.0,50,Fog
752,1/22/17,59,11.0,63,374,204,29,740.0,42,"Fog , Rain"
753,1/23/17,43,12.0,46,430,195,62,788.0,39,Clear
754,1/24/17,41,7.0,51,404,170,59,732.0,36,Clear
755,1/25/17,40,6.0,48,410,186,59,749.0,38,"Rain , Snow"
756,1/26/17,42,8.0,38,373,166,46,673.0,32,"Rain , Snow"
757,1/27/17,78,7.0,61,390,176,66,778.0,28,Snow
758,1/28/17,56,7.0,37,400,180,48,728.0,27,Clear
759,1/29/17,55,7.0,39,343,160,29,633.0,25,Snow
760,1/30/17,37,7.0,46,404,191,69,754.0,26,Snow
761,1/31/17,50,14.0,48,396,167,54,729.0,37,Rain
762,2/1/17,59,15.0,66,389,194,83,806.0,30,Snow
763,2/2/17,41,5.0,41,354,154,74,669.0,19,Clear
764,2/3/17,71,7.0,48,342,144,53,665.0,21,Clear
765,2/4/17,47,2.0,43,344,170,29,635.0,22,Clear
766,2/5/17,43,6.0,41,359,204,38,691.0,31,Clear
767,2/6/17,39,7.0,46,401,194,73,760.0,38,"Fog , Rain"
768,2/7/17,31,9.0,47,355,178,69,689.0,41,"Fog , Rain , Thunderstorm"
769,2/8/17,41,2.0,58,335,170,58,664.0,26,Clear
770,2/9/17,55,5.0,52,349,152,53,666.0,19,Clear
771,2/10/17,58,10.0,61,356,194,63,742.0,30,Clear
772,2/11/17,37,11.0,45,392,173,46,704.0,42,Clear
773,2/12/17,43,7.0,39,333,217,37,676.0,39,Clear
774,2/13/17,43,9.0,55,386,171,52,716.0,35,Clear
775,2/14/17,36,12.0,65,343,210,45,711.0,41,Clear
776,2/15/17,51,7.0,55,329,180,46,668.0,31,Clear
777,2/16/17,51,8.0,44,355,163,49,670.0,36,Clear
778,2/17/17,67,10.0,61,425,191,71,825.0,47,Clear
779,2/18/17,60,9.0,57,360,216,42,744.0,55,Clear
780,2/19/17,39,8.0,34,355,207,29,672.0,52,Clear
781,2/20/17,53,8.0,45,362,197,45,710.0,56,Clear
782,2/21/17,47,12.0,50,331,187,48,675.0,58,Rain
783,2/22/17,50,9.0,65,314,213,48,699.0,59,Fog
784,2/23/17,77,7.0,64,289,163,51,651.0,49,Rain
785,2/24/17,50,8.0,48,321,177,52,656.0,37,"Rain , Thunderstorm"
786,2/25/17,50,3.0,34,307,162,37,593.0,28,Snow
787,2/26/17,51,3.0,51,270,166,33,574.0,35,Rain
788,2/27/17,41,2.0,45,308,179,54,629.0,41,Clear
789,2/28/17,40,6.0,31,320,165,63,625.0,54,"Rain , Thunderstorm"
790,3/1/17,48,8.0,69,308,169,107,709.0,43,"Fog , Rain , Snow"
791,3/2/17,71,3.0,55,274,164,57,624.0,31,Snow
792,3/3/17,60,7.0,45,326,169,66,673.0,27,Clear
793,3/4/17,60,8.0,36,305,180,44,633.0,35,Snow
794,3/5/17,48,11.0,45,336,186,28,654.0,46,Clear
795,3/6/17,41,5.0,44,349,190,52,681.0,59,Clear
796,3/7/17,39,9.0,59,318,197,58,680.0,55,"Rain , Thunderstorm"
797,3/8/17,61,7.0,51,286,195,65,665.0,47,Clear
798,3/9/17,61,8.0,49,333,178,45,674.0,36,Clear
799,3/10/17,53,12.0,56,316,171,55,663.0,30,Clear
800,3/11/17,46,4.0,53,320,197,33,653.0,25,Clear
801,3/12/17,44,4.0,52,248,163,39,550.0,27,Snow
802,3/13/17,31,6.0,44,248,166,44,539.0,28,"Fog , Snow"
803,3/14/17,27,5.0,41,206,132,55,466.0,24,"Fog , Snow , Thunderstorm"
804,3/15/17,51,7.0,44,281,166,54,603.0,25,Clear
805,3/16/17,50,10.0,53,321,183,46,663.0,30,Clear
806,3/17/17,55,8.0,54,359,180,51,707.0,43,"Rain , Snow"
807,3/18/17,36,9.0,39,355,200,35,674.0,39,Clear
808,3/19/17,52,6.0,41,265,204,36,604.0,41,Clear
809,3/20/17,42,7.0,51,331,196,62,689.0,46,"Rain , Thunderstorm"
810,3/21/17,53,6.0,49,301,187,50,646.0,44,Clear
811,3/22/17,44,6.0,38,328,195,34,645.0,33,Clear
812,3/23/17,58,4.0,45,318,185,52,662.0,40,"Rain , Thunderstorm"
813,3/24/17,66,6.0,49,379,221,56,777.0,62,"Rain , Thunderstorm"
814,3/25/17,52,8.0,52,340,207,32,691.0,44,Rain
815,3/26/17,50,10.0,48,332,221,41,702.0,55,Rain
816,3/27/17,47,13.0,53,341,206,57,717.0,47,"Fog , Rain"
817,3/28/17,39,10.0,47,333,196,48,673.0,43,Clear
818,3/29/17,41,7.0,55,337,180,49,669.0,42,"Fog , Rain"
819,3/30/17,50,9.0,43,347,183,52,684.0,42,"Rain , Thunderstorm"
820,3/31/17,59,10.0,60,377,205,61,772.0,40,Rain
821,4/1/17,45,9.0,50,407,203,74,788.0,47,Clear
822,4/2/17,36,8.0,48,340,226,31,689.0,52,Rain
823,4/3/17,42,5.0,41,355,184,60,687.0,50,Rain
824,4/4/17,49,9.0,77,314,206,53,708.0,50,Rain
825,4/5/17,26,8.0,47,320,176,54,631.0,44,Rain
826,4/6/17,40,6.0,45,340,188,44,663.0,45,Rain
827,4/7/17,61,7.0,56,357,165,54,700.0,46,Clear
828,4/8/17,53,5.0,40,344,203,48,693.0,53,Clear
829,4/9/17,58,6.0,48,351,264,31,758.0,67,Clear
830,4/10/17,44,10.0,60,312,178,75,679.0,60,"Rain , Thunderstorm"
831,4/11/17,78,7.0,63,331,172,50,701.0,48,Fog
832,4/12/17,37,13.0,54,367,192,61,724.0,49,Clear
833,4/13/17,51,7.0,45,333,170,56,662.0,52,Rain
834,4/14/17,63,9.0,57,367,212,61,769.0,57,Rain
835,4/15/17,47,15.0,44,396,254,55,811.0,72,Clear
836,4/16/17,39,7.0,51,313,249,25,684.0,63,"Rain , Thunderstorm"
837,4/17/17,38,8.0,63,352,223,54,738.0,57,Clear
838,4/18/17,69,10.0,61,342,212,40,734.0,59,Clear
839,4/19/17,52,7.0,52,389,197,57,754.0,58,"Rain , Thunderstorm"
840,4/20/17,56,9.0,42,374,189,41,711.0,61,Clear
841,4/21/17,83,4.0,74,394,202,56,813.0,49,Clear
842,4/22/17,53,8.0,54,324,220,41,700.0,49,Clear
843,4/23/17,55,7.0,52,335,226,27,702.0,55,Clear
844,4/24/17,47,10.0,43,351,232,49,732.0,57,Clear
845,4/25/17,57,11.0,53,381,201,53,756.0,66,Clear
846,4/26/17,67,12.0,55,339,244,39,756.0,67,Rain
847,4/27/17,54,10.0,63,337,201,49,714.0,52,Rain
848,4/28/17,83,21.0,48,369,251,56,828.0,50,Rain
849,4/29/17,37,7.0,41,325,164,39,613.0,43,"Rain , Thunderstorm"
850,4/30/17,48,3.0,48,336,190,30,655.0,45,"Rain , Thunderstorm"
851,5/1/17,41,6.0,73,369,213,112,814.0,51,Rain
852,5/2/17,48,10.0,51,320,195,61,685.0,46,Rain
853,5/3/17,52,8.0,57,354,215,53,739.0,46,Clear
854,5/4/17,57,5.0,39,373,213,53,740.0,49,Clear
855,5/5/17,68,12.0,63,353,233,64,793.0,51,Rain
856,5/6/17,46,4.0,42,367,208,40,707.0,51,Rain
857,5/7/17,24,10.0,40,311,221,24,630.0,48,Clear
858,5/8/17,53,11.0,54,353,174,58,703.0,46,Rain
859,5/9/17,50,5.0,53,348,200,49,705.0,52,Rain
860,5/10/17,37,10.0,51,346,170,45,659.0,56,"Rain , Thunderstorm"
861,5/11/17,58,5.0,42,377,213,35,730.0,57,Clear
862,5/12/17,66,6.0,68,415,234,58,847.0,59,Clear
863,5/13/17,61,14.0,52,351,208,37,723.0,65,Clear
864,5/14/17,49,9.0,46,330,246,27,707.0,61,Clear
865,5/15/17,55,10.0,59,422,247,74,867.0,66,Thunderstorm
866,5/16/17,57,5.0,45,363,236,40,746.0,74,Clear
867,5/17/17,52,9.0,43,400,286,38,828.0,73,"Rain , Thunderstorm"
868,5/18/17,44,6.0,47,370,246,62,775.0,63,"Rain , Thunderstorm"
869,5/19/17,59,4.0,44,407,203,59,776.0,47,Rain
870,5/20/17,58,6.0,47,342,171,40,664.0,56,"Rain , Thunderstorm"
871,5/21/17,56,8.0,60,357,283,25,789.0,58,"Rain , Thunderstorm"
872,5/22/17,50,11.0,53,388,236,55,793.0,61,Clear
873,5/23/17,58,9.0,58,347,218,42,732.0,59,Rain
874,5/24/17,52,8.0,49,414,194,42,759.0,58,Rain
875,5/25/17,46,9.0,61,361,228,54,759.0,61,Clear
876,5/26/17,64,14.0,66,379,197,44,764.0,62,Rain
877,5/27/17,78,22.0,33,380,249,39,801.0,65,Clear
878,5/28/17,43,11.0,59,308,254,29,704.0,67,Thunderstorm
879,5/29/17,57,11.0,52,354,263,28,765.0,66,Clear
880,5/30/17,41,15.0,61,398,245,52,812.0,64,Rain
881,5/31/17,51,9.0,58,352,219,46,735.0,63,Clear
882,6/1/17,56,10.0,59,373,231,89,818.0,66,Clear
883,6/2/17,60,6.0,44,432,245,51,838.0,70,Clear
884,6/3/17,53,8.0,48,417,253,43,822.0,71,Clear
885,6/4/17,52,9.0,40,398,283,36,818.0,79,Clear
886,6/5/17,36,8.0,35,370,228,54,731.0,67,Clear
887,6/6/17,48,8.0,45,411,243,64,819.0,65,Clear
888,6/7/17,43,11.0,44,391,235,58,782.0,67,Clear
889,6/8/17,40,13.0,49,400,211,55,768.0,68,Rain
890,6/9/17,66,10.0,44,410,237,47,814.0,76,"Rain , Thunderstorm"
891,6/10/17,55,5.0,46,382,254,39,781.0,77,Clear
892,6/11/17,43,7.0,48,391,289,34,812.0,83,Clear
893,6/12/17,54,3.0,43,369,228,42,739.0,84,Clear
894,6/13/17,44,10.0,53,419,219,61,806.0,78,Thunderstorm
895,6/14/17,32,6.0,52,409,213,50,762.0,80,"Rain , Thunderstorm"
896,6/15/17,46,11.0,45,429,219,62,812.0,80,"Rain , Thunderstorm"
897,6/16/17,59,11.0,57,394,245,65,831.0,77,"Rain , Thunderstorm"
898,6/17/17,45,6.0,35,428,254,55,823.0,78,"Rain , Thunderstorm"
899,6/18/17,32,10.0,39,380,287,34,782.0,74,Rain
900,6/19/17,48,8.0,54,383,216,34,743.0,71,"Rain , Hail , Thunderstorm"
901,6/20/17,45,8.0,36,441,224,47,801.0,69,Rain
902,6/21/17,59,9.0,61,410,191,52,782.0,68,Clear
903,6/22/17,40,9.0,47,445,206,68,815.0,78,Clear
904,6/23/17,54,6.0,44,424,196,52,776.0,75,"Rain , Thunderstorm"
905,6/24/17,52,4.0,44,415,258,44,817.0,67,Rain
906,6/25/17,35,4.0,50,383,295,28,795.0,63,Clear
907,6/26/17,43,11.0,54,411,216,50,785.0,65,Clear
908,6/27/17,54,8.0,45,397,220,44,768.0,64,Clear
909,6/28/17,44,7.0,45,378,183,44,701.0,69,"Fog , Rain , Thunderstorm"
910,6/29/17,41,8.0,49,407,216,53,774.0,74,"Rain , Thunderstorm"
911,6/30/17,54,9.0,51,402,214,42,772.0,74,Clear
912,7/1/17,62,9.0,72,407,255,80,885.0,74,Clear
913,7/2/17,56,12.0,45,395,248,21,777.0,76,Clear
914,7/3/17,81,9.0,46,434,219,70,859.0,73,Clear
915,7/4/17,51,15.0,51,388,257,31,793.0,74,Clear
916,7/5/17,55,13.0,52,421,259,51,851.0,77,Thunderstorm
917,7/6/17,46,9.0,46,410,219,44,774.0,81,Clear
918,7/7/17,47,13.0,33,376,220,67,756.0,76,"Rain , Thunderstorm"
919,7/8/17,51,9.0,48,374,231,45,758.0,71,Clear
920,7/9/17,52,10.0,45,407,282,25,821.0,75,Clear
921,7/10/17,64,8.0,49,408,192,58,779.0,76,"Rain , Thunderstorm"
922,7/11/17,47,11.0,51,395,205,58,767.0,78,"Rain , Thunderstorm"
923,7/12/17,39,4.0,47,387,170,40,687.0,75,"Rain , Thunderstorm"
924,7/13/17,63,7.0,41,428,227,46,812.0,79,"Rain , Thunderstorm"
925,7/14/17,55,14.0,40,406,229,50,794.0,68,Clear
926,7/15/17,60,8.0,56,444,255,59,882.0,71,Clear
927,7/16/17,58,10.0,44,401,267,32,812.0,69,Rain
928,7/17/17,42,9.0,58,470,197,59,835.0,68,Clear
929,7/18/17,55,8.0,53,395,214,63,788.0,75,Clear
930,7/19/17,64,9.0,46,396,199,51,765.0,79,"Rain , Thunderstorm"
931,7/20/17,50,4.0,52,401,201,49,757.0,79,"Rain , Thunderstorm"
932,7/21/17,53,12.0,41,411,198,42,757.0,81,"Rain , Thunderstorm"
933,7/22/17,47,3.0,38,393,232,37,750.0,80,"Rain , Thunderstorm"
934,7/23/17,42,11.0,42,418,292,37,842.0,80,"Rain , Thunderstorm"
935,7/24/17,45,5.0,61,392,201,75,779.0,70,Clear
936,7/25/17,49,8.0,65,461,195,67,845.0,72,Clear
937,7/26/17,55,11.0,52,382,199,51,750.0,75,Rain
938,7/27/17,48,8.0,49,424,217,45,791.0,76,Rain
939,7/28/17,49,6.0,50,469,211,64,849.0,73,Clear
940,7/29/17,55,5.0,52,379,264,38,793.0,72,Clear
941,7/30/17,50,9.0,45,394,285,33,816.0,73,Clear
942,7/31/17,46,12.0,56,414,206,49,783.0,76,Clear
943,8/1/17,50,3.0,84,480,215,75,907.0,77,"Rain , Thunderstorm"
944,8/2/17,51,8.0,68,377,212,51,767.0,77,"Rain , Thunderstorm"
945,8/3/17,51,8.0,45,453,224,64,845.0,73,"Rain , Thunderstorm"
946,8/4/17,60,9.0,52,531,195,75,922.0,62,Clear
947,8/5/17,41,7.0,60,534,223,59,924.0,70,Clear
948,8/6/17,50,7.0,49,450,280,28,864.0,70,Clear
949,8/7/17,54,7.0,42,422,195,51,771.0,69,Clear
950,8/8/17,65,8.0,48,391,196,56,764.0,71,Clear
951,8/9/17,54,9.0,51,379,218,59,770.0,72,Clear
952,8/10/17,45,7.0,45,430,207,53,787.0,73,"Rain , Thunderstorm"
953,8/11/17,49,9.0,36,432,201,38,765.0,72,Clear
954,8/12/17,56,8.0,28,426,245,48,811.0,69,Clear
955,8/13/17,37,7.0,49,370,237,29,729.0,69,Clear
956,8/14/17,43,7.0,43,454,218,46,811.0,73,Clear
957,8/15/17,34,6.0,38,468,195,47,788.0,76,Clear
958,8/16/17,35,9.0,46,424,217,61,792.0,78,"Rain , Thunderstorm"
959,8/17/17,45,8.0,56,412,189,54,764.0,77,Rain
960,8/18/17,65,8.0,57,442,236,45,853.0,75,Clear
961,8/19/17,57,16.0,42,457,270,47,889.0,75,Clear
962,8/20/17,39,7.0,50,393,252,30,771.0,77,"Rain , Thunderstorm"
963,8/21/17,32,9.0,37,397,224,50,749.0,79,"Rain , Thunderstorm"
964,8/22/17,46,7.0,46,422,212,44,777.0,73,Rain
965,8/23/17,49,8.0,47,408,193,40,745.0,70,Clear
966,8/24/17,54,9.0,54,439,182,60,798.0,66,Clear
967,8/25/17,94,6.0,31,388,192,53,764.0,63,Clear
968,8/26/17,45,8.0,42,406,236,42,779.0,67,Rain
969,8/27/17,33,9.0,39,395,249,28,753.0,70,Thunderstorm
970,8/28/17,45,10.0,40,359,173,60,687.0,72,"Rain , Thunderstorm"
971,8/29/17,65,15.0,41,366,189,48,724.0,69,Rain
972,8/30/17,72,13.0,34,413,201,50,783.0,71,Clear
973,8/31/17,77,15.0,47,328,209,51,727.0,69,Clear
974,9/1/17,79,8.0,58,413,207,90,855.0,60,Clear
975,9/2/17,74,8.0,49,386,214,35,766.0,63,Rain
976,9/3/17,68,8.0,47,350,246,34,753.0,71,Clear
977,9/4/17,66,6.0,53,316,245,27,713.0,72,Rain
978,9/5/17,67,5.0,36,324,200,67,699.0,62,Rain
979,9/6/17,47,10.0,33,336,162,57,645.0,58,Clear
980,9/7/17,48,7.0,34,388,193,55,725.0,62,Clear
981,9/8/17,40,11.0,42,361,199,46,699.0,64,Rain
982,9/9/17,39,10.0,39,369,219,54,730.0,63,Clear
983,9/10/17,41,9.0,39,358,252,37,736.0,60,Clear
984,9/11/17,41,8.0,46,354,176,60,685.0,64,Clear
985,9/12/17,55,6.0,38,366,197,58,720.0,66,Clear
986,9/13/17,45,9.0,37,369,192,50,702.0,68,Clear
987,9/14/17,44,3.0,44,368,211,60,730.0,70,Fog
988,9/15/17,43,8.0,35,429,232,54,801.0,75,Clear
989,9/16/17,53,12.0,45,431,247,40,828.0,77,Clear
990,9/17/17,30,9.0,38,410,282,40,809.0,75,Clear
991,9/18/17,34,11.0,42,394,227,64,772.0,68,Clear
992,9/19/17,44,7.0,40,363,207,44,705.0,72,Rain
993,9/20/17,49,11.0,48,409,246,61,824.0,77,Clear
994,9/21/17,48,11.0,39,416,228,59,801.0,83,Clear
995,9/22/17,59,6.0,46,403,236,43,793.0,83,Clear
996,9/23/17,45,15.0,39,411,273,45,828.0,84,Clear
997,9/24/17,41,4.0,43,398,281,39,806.0,82,Clear
998,9/25/17,54,7.0,50,410,237,60,818.0,80,Clear
999,9/26/17,48,8.0,48,375,212,55,746.0,81,Clear
1000,9/27/17,52,4.0,34,367,213,49,719.0,64,Clear
1001,9/28/17,45,6.0,45,359,211,45,711.0,64,Clear
1002,9/29/17,64,10.0,34,421,219,56,804.0,63,Clear
1003,9/30/17,45,6.0,29,385,225,51,741.0,61,Clear
1004,10/1/17,41,4.0,53,381,260,49,788.0,60,Clear
1005,10/2/17,41,8.0,42,396,208,52,747.0,71,Clear
1006,10/3/17,47,11.0,55,388,189,46,736.0,73,Clear
1007,10/4/17,44,8.0,43,403,193,45,736.0,67,Rain
1008,10/5/17,52,9.0,50,377,205,51,744.0,66,Rain
1009,10/6/17,52,5.0,47,386,202,55,747.0,65,Rain
1010,10/7/17,30,8.0,35,398,198,38,707.0,70,Rain
1011,10/8/17,33,12.0,25,365,250,30,715.0,66,Clear
1012,10/9/17,34,14.0,38,394,214,48,742.0,67,Clear
1013,10/10/17,32,10.0,46,373,180,53,694.0,61,Rain
1014,10/11/17,40,7.0,29,344,153,38,611.0,59,Rain
1015,10/12/17,46,7.0,52,394,198,67,764.0,58,Rain
1016,10/13/17,50,10.0,37,407,216,46,766.0,64,Clear
1017,10/14/17,26,4.0,38,353,188,33,642.0,64,"Rain , Thunderstorm"
1018,10/15/17,25,6.0,20,352,195,37,635.0,58,Rain
1019,10/16/17,31,10.0,47,422,196,48,754.0,53,Clear
1020,10/17/17,49,3.0,41,352,196,65,706.0,60,Clear
1021,10/18/17,48,9.0,46,399,212,56,770.0,59,Clear
1022,10/19/17,33,11.0,46,402,219,55,766.0,61,Clear
1023,10/20/17,51,5.0,40,459,228,57,840.0,65,Clear
1024,10/21/17,46,10.0,41,410,247,52,806.0,69,Clear
1025,10/22/17,41,7.0,37,385,232,30,732.0,61,Rain
1026,10/23/17,40,4.0,59,399,168,58,728.0,52,Rain
1027,10/24/17,48,6.0,39,378,165,47,683.0,46,Rain
1028,10/25/17,50,9.0,41,376,186,48,710.0,46,Clear
1029,10/26/17,61,11.0,39,378,194,59,742.0,48,Clear
1030,10/27/17,41,12.0,47,460,187,65,812.0,45,Clear
1031,10/28/17,36,8.0,48,388,189,48,717.0,38,Rain
1032,10/29/17,44,7.0,41,362,205,31,690.0,40,Clear
1033,10/30/17,47,7.0,37,376,187,50,704.0,44,Clear
1034,10/31/17,28,5.0,67,395,203,46,744.0,37,Clear
1035,11/1/17,44,7.0,46,376,205,79,757.0,40,Rain
1036,11/2/17,36,9.0,49,381,200,42,717.0,48,Rain
1037,11/3/17,48,5.0,37,441,179,72,782.0,43,Clear
1038,11/4/17,46,10.0,44,404,210,38,752.0,46,"Fog , Rain , Thunderstorm"
1039,11/5/17,52,6.0,36,389,242,45,770.0,47,"Fog , Rain"
1040,11/6/17,43,12.0,49,388,181,41,714.0,38,Clear
1041,11/7/17,45,15.0,46,356,171,41,674.0,39,Clear
1042,11/8/17,41,4.0,40,414,217,39,755.0,38,Clear
1043,11/9/17,54,7.0,48,315,173,50,647.0,34,Clear
1044,11/10/17,47,8.0,44,350,166,57,672.0,24,Snow
1045,11/11/17,37,6.0,34,373,191,45,686.0,32,Clear
1046,11/12/17,31,4.0,39,355,205,29,663.0,38,Rain
1047,11/13/17,40,10.0,42,371,189,61,713.0,36,Clear
1048,11/14/17,49,6.0,54,370,166,47,692.0,40,Clear
1049,11/15/17,43,3.0,52,367,184,52,701.0,44,Rain
1050,11/16/17,62,6.0,46,422,163,50,749.0,36,Clear
1051,11/17/17,51,6.0,48,397,163,54,719.0,42,"Rain , Thunderstorm"
1052,11/18/17,34,6.0,35,394,181,41,691.0,42,"Rain , Snow"
1053,11/19/17,39,5.0,26,361,223,32,686.0,34,Clear
1054,11/20/17,51,4.0,32,425,188,51,751.0,41,Clear
1055,11/21/17,45,5.0,39,373,168,39,669.0,36,Rain
1056,11/22/17,49,5.0,37,360,142,53,646.0,29,Clear
1057,11/23/17,15,3.0,24,290,185,25,542.0,39,Clear
1058,11/24/17,42,2.0,45,371,165,53,678.0,48,Clear
1059,11/25/17,41,4.0,43,394,203,26,711.0,44,Clear
1060,11/26/17,40,7.0,39,357,190,29,662.0,38,Clear
1061,11/27/17,34,6.0,47,429,194,58,768.0,44,Clear
1062,11/28/17,65,10.0,49,389,191,73,777.0,52,Clear
1063,11/29/17,44,6.0,54,408,192,60,764.0,41,Clear
1064,11/30/17,59,6.0,40,400,170,64,739.0,47,Clear
1065,12/1/17,53,6.0,51,435,224,65,834.0,41,Clear
1066,12/2/17,56,7.0,38,407,196,47,751.0,44,Clear
1067,12/3/17,25,9.0,36,352,222,31,675.0,44,Clear
1068,12/4/17,58,3.0,34,445,211,54,805.0,55,"Rain , Thunderstorm"
1069,12/5/17,44,8.0,43,360,172,69,696.0,36,Clear
1070,12/6/17,43,4.0,51,361,193,53,705.0,31,Clear
1071,12/7/17,32,5.0,37,334,160,52,620.0,24,Snow
1072,12/8/17,41,6.0,38,394,198,50,727.0,28,Snow
1073,12/9/17,31,10.0,29,365,175,45,655.0,26,Snow
1074,12/10/17,37,10.0,44,346,181,42,660.0,28,Clear
1075,12/11/17,27,8.0,52,405,178,59,729.0,31,Snow
1076,12/12/17,31,5.0,38,355,177,67,673.0,24,Snow
1077,12/13/17,42,2.0,48,363,181,54,690.0,30,Snow
1078,12/14/17,28,4.0,46,379,185,61,703.0,22,Snow
1079,12/15/17,32,7.0,73,387,186,71,756.0,29,Snow
1080,12/16/17,47,6.0,38,419,199,58,767.0,37,Clear
1081,12/17/17,50,6.0,31,378,198,58,721.0,36,Clear
1082,12/18/17,33,3.0,54,396,169,64,719.0,43,Rain
1083,12/19/17,33,6.0,51,430,185,46,751.0,43,Clear
1084,12/20/17,47,9.0,43,375,173,43,690.0,32,Clear
1085,12/21/17,43,6.0,35,412,175,62,733.0,36,Clear
1086,12/22/17,48,9.0,38,436,179,61,771.0,36,Clear
1087,12/23/17,30,4.0,38,391,207,40,710.0,26,Clear
1088,12/24/17,14,1.0,20,291,149,21,496.0,20,"Fog , Snow"
1089,12/25/17,5,1.0,21,190,160,14,391.0,12,Snow
1090,12/26/17,25,9.0,36,269,136,46,521.0,1,Clear
1091,12/27/17,32,3.0,40,266,127,43,511.0,2,Clear
1092,12/28/17,37,6.0,41,331,122,51,588.0,8,Snow
1093,12/29/17,31,6.0,37,302,139,45,560.0,12,Snow
1094,12/30/17,36,6.0,35,302,173,60,612.0,7,Snow
1095,12/31/17,32,3.0,25,287,171,23,541.0,6,Clear
