Date,Consensual,Disturbance,Other,Property,Violent,White-Collar
2015-01-01,67.0,11.0,90.0,334.0,445.0,177.0
2015-01-02,101.0,13.0,42.0,306.0,159.0,50.0
2015-01-03,92.0,11.0,39.0,304.0,175.0,27.0
2015-01-04,77.0,11.0,37.0,215.0,154.0,19.0
2015-01-05,51.0,8.0,33.0,252.0,137.0,40.0
2015-01-06,62.0,4.0,43.0,240.0,112.0,41.0
2015-01-07,68.0,4.0,40.0,216.0,106.0,38.0
2015-01-08,56.0,5.0,33.0,227.0,99.0,25.0
2015-01-09,79.0,15.0,61.0,264.0,134.0,33.0
2015-01-10,98.0,12.0,56.0,286.0,164.0,28.0
2015-01-11,84.0,12.0,48.0,305.0,177.0,22.0
2015-01-12,69.0,9.0,47.0,313.0,132.0,36.0
2015-01-13,88.0,6.0,42.0,290.0,146.0,37.0
2015-01-14,110.0,8.0,51.0,325.0,145.0,35.0
2015-01-15,147.0,10.0,44.0,366.0,147.0,44.0
2015-01-16,95.0,10.0,49.0,339.0,172.0,43.0
2015-01-17,108.0,12.0,46.0,342.0,206.0,27.0
2015-01-18,68.0,10.0,48.0,352.0,197.0,19.0
2015-01-19,109.0,5.0,47.0,345.0,166.0,35.0
2015-01-20,75.0,9.0,60.0,403.0,196.0,48.0
2015-01-21,84.0,11.0,46.0,366.0,183.0,51.0
2015-01-22,105.0,13.0,50.0,354.0,179.0,47.0
2015-01-23,110.0,17.0,47.0,379.0,208.0,38.0
2015-01-24,115.0,12.0,50.0,364.0,182.0,33.0
2015-01-25,69.0,7.0,45.0,303.0,187.0,33.0
2015-01-26,67.0,12.0,45.0,328.0,164.0,40.0
2015-01-27,103.0,21.0,58.0,283.0,163.0,45.0
2015-01-28,97.0,7.0,48.0,304.0,147.0,42.0
2015-01-29,116.0,13.0,42.0,309.0,180.0,42.0
2015-01-30,117.0,11.0,53.0,311.0,174.0,48.0
2015-01-31,98.0,7.0,40.0,284.0,179.0,27.0
2015-02-01,30.0,,46.0,214.0,153.0,97.0
2015-02-02,47.0,5.0,37.0,181.0,133.0,65.0
2015-02-03,55.0,11.0,30.0,212.0,143.0,56.0
2015-02-04,84.0,9.0,35.0,241.0,160.0,47.0
2015-02-05,76.0,11.0,50.0,235.0,155.0,41.0
2015-02-06,116.0,15.0,49.0,295.0,171.0,46.0
2015-02-07,115.0,15.0,52.0,279.0,172.0,43.0
2015-02-08,102.0,8.0,42.0,262.0,173.0,27.0
2015-02-09,90.0,16.0,49.0,263.0,140.0,48.0
2015-02-10,91.0,16.0,49.0,267.0,159.0,44.0
2015-02-11,88.0,8.0,46.0,275.0,148.0,39.0
2015-02-12,90.0,9.0,41.0,260.0,159.0,49.0
2015-02-13,111.0,10.0,55.0,245.0,146.0,62.0
2015-02-14,73.0,6.0,47.0,271.0,175.0,25.0
2015-02-15,80.0,8.0,53.0,216.0,160.0,33.0
2015-02-16,89.0,9.0,53.0,226.0,123.0,36.0
2015-02-17,91.0,4.0,37.0,250.0,169.0,43.0
2015-02-18,62.0,10.0,44.0,224.0,122.0,46.0
2015-02-19,56.0,7.0,34.0,216.0,113.0,37.0
2015-02-20,98.0,8.0,38.0,292.0,153.0,60.0
2015-02-21,105.0,9.0,40.0,290.0,175.0,32.0
2015-02-22,84.0,10.0,40.0,226.0,198.0,33.0
2015-02-23,53.0,12.0,42.0,270.0,149.0,45.0
2015-02-24,91.0,10.0,48.0,282.0,161.0,35.0
2015-02-25,74.0,12.0,49.0,219.0,172.0,44.0
2015-02-26,84.0,4.0,31.0,216.0,130.0,49.0
2015-02-27,88.0,9.0,51.0,269.0,161.0,59.0
2015-02-28,72.0,6.0,37.0,239.0,163.0,28.0
2015-03-01,95.0,8.0,69.0,291.0,202.0,81.0
2015-03-02,106.0,4.0,37.0,296.0,167.0,48.0
2015-03-03,84.0,13.0,59.0,256.0,168.0,52.0
2015-03-04,77.0,7.0,35.0,223.0,172.0,44.0
2015-03-05,93.0,11.0,64.0,237.0,166.0,41.0
2015-03-06,112.0,13.0,50.0,299.0,169.0,67.0
2015-03-07,93.0,14.0,49.0,283.0,211.0,45.0
2015-03-08,101.0,9.0,32.0,272.0,196.0,15.0
2015-03-09,84.0,16.0,57.0,292.0,215.0,61.0
2015-03-10,107.0,15.0,57.0,310.0,198.0,66.0
2015-03-11,92.0,18.0,54.0,329.0,187.0,60.0
2015-03-12,94.0,22.0,58.0,314.0,215.0,45.0
2015-03-13,114.0,21.0,42.0,365.0,217.0,52.0
2015-03-14,103.0,12.0,51.0,359.0,240.0,31.0
2015-03-15,75.0,18.0,44.0,346.0,255.0,37.0
2015-03-16,100.0,15.0,55.0,334.0,226.0,48.0
2015-03-17,105.0,10.0,43.0,305.0,196.0,33.0
2015-03-18,102.0,10.0,49.0,285.0,193.0,48.0
2015-03-19,86.0,11.0,30.0,349.0,212.0,28.0
2015-03-20,107.0,17.0,41.0,350.0,207.0,52.0
2015-03-21,107.0,9.0,46.0,312.0,185.0,30.0
2015-03-22,76.0,9.0,35.0,312.0,194.0,29.0
2015-03-23,61.0,12.0,49.0,258.0,170.0,41.0
2015-03-24,106.0,10.0,47.0,278.0,150.0,47.0
2015-03-25,109.0,18.0,48.0,304.0,189.0,54.0
2015-03-26,103.0,9.0,40.0,308.0,188.0,34.0
2015-03-27,106.0,7.0,47.0,333.0,176.0,54.0
2015-03-28,90.0,12.0,36.0,293.0,193.0,33.0
2015-03-29,90.0,5.0,40.0,274.0,178.0,32.0
2015-03-30,94.0,11.0,56.0,324.0,176.0,56.0
2015-03-31,76.0,17.0,64.0,292.0,204.0,37.0
2015-04-01,93.0,16.0,65.0,378.0,253.0,104.0
2015-04-02,114.0,16.0,47.0,347.0,214.0,53.0
2015-04-03,102.0,9.0,41.0,326.0,187.0,42.0
2015-04-04,91.0,10.0,56.0,299.0,196.0,39.0
2015-04-05,65.0,10.0,40.0,296.0,234.0,26.0
2015-04-06,92.0,8.0,51.0,311.0,169.0,43.0
2015-04-07,84.0,12.0,48.0,295.0,115.0,49.0
2015-04-08,87.0,7.0,58.0,329.0,151.0,47.0
2015-04-09,76.0,11.0,58.0,299.0,158.0,43.0
2015-04-10,90.0,12.0,45.0,341.0,157.0,66.0
2015-04-11,89.0,19.0,47.0,322.0,207.0,35.0
2015-04-12,90.0,12.0,54.0,340.0,243.0,34.0
2015-04-13,71.0,13.0,55.0,326.0,201.0,66.0
2015-04-14,93.0,14.0,49.0,341.0,217.0,50.0
2015-04-15,80.0,6.0,67.0,353.0,199.0,92.0
2015-04-16,90.0,10.0,45.0,309.0,191.0,38.0
2015-04-17,102.0,11.0,45.0,364.0,209.0,53.0
2015-04-18,94.0,12.0,41.0,366.0,217.0,36.0
2015-04-19,81.0,10.0,43.0,330.0,218.0,20.0
2015-04-20,94.0,8.0,51.0,336.0,195.0,58.0
2015-04-21,92.0,8.0,53.0,306.0,162.0,40.0
2015-04-22,79.0,12.0,42.0,313.0,192.0,44.0
2015-04-23,83.0,13.0,65.0,330.0,192.0,47.0
2015-04-24,76.0,10.0,44.0,368.0,216.0,46.0
2015-04-25,77.0,13.0,43.0,323.0,185.0,54.0
2015-04-26,68.0,12.0,43.0,327.0,237.0,29.0
2015-04-27,53.0,10.0,39.0,350.0,216.0,51.0
2015-04-28,70.0,13.0,47.0,334.0,210.0,44.0
2015-04-29,83.0,14.0,52.0,360.0,204.0,51.0
2015-04-30,80.0,8.0,47.0,314.0,168.0,46.0
2015-05-01,83.0,15.0,66.0,398.0,256.0,106.0
2015-05-02,58.0,3.0,39.0,312.0,233.0,39.0
2015-05-03,40.0,10.0,46.0,354.0,273.0,22.0
2015-05-04,76.0,8.0,59.0,333.0,254.0,46.0
2015-05-05,73.0,10.0,66.0,315.0,184.0,47.0
2015-05-06,81.0,17.0,71.0,338.0,191.0,39.0
2015-05-07,107.0,19.0,44.0,346.0,262.0,41.0
2015-05-08,77.0,10.0,65.0,374.0,238.0,41.0
2015-05-09,85.0,13.0,34.0,311.0,207.0,35.0
2015-05-10,70.0,7.0,52.0,357.0,224.0,30.0
2015-05-11,82.0,15.0,52.0,331.0,218.0,44.0
2015-05-12,88.0,11.0,56.0,344.0,204.0,53.0
2015-05-13,81.0,17.0,54.0,361.0,206.0,48.0
2015-05-14,93.0,4.0,65.0,358.0,195.0,41.0
2015-05-15,107.0,18.0,56.0,344.0,250.0,43.0
2015-05-16,75.0,6.0,57.0,403.0,295.0,45.0
2015-05-17,91.0,22.0,48.0,372.0,274.0,28.0
2015-05-18,80.0,15.0,64.0,327.0,227.0,42.0
2015-05-19,77.0,8.0,76.0,321.0,193.0,31.0
2015-05-20,78.0,11.0,57.0,339.0,203.0,38.0
2015-05-21,86.0,11.0,71.0,326.0,203.0,46.0
2015-05-22,100.0,8.0,55.0,396.0,221.0,42.0
2015-05-23,81.0,15.0,47.0,400.0,218.0,36.0
2015-05-24,64.0,8.0,34.0,321.0,239.0,21.0
2015-05-25,69.0,11.0,45.0,314.0,243.0,26.0
2015-05-26,85.0,13.0,53.0,343.0,234.0,39.0
2015-05-27,88.0,13.0,59.0,336.0,205.0,34.0
2015-05-28,80.0,13.0,45.0,376.0,241.0,43.0
2015-05-29,108.0,12.0,57.0,377.0,224.0,47.0
2015-05-30,60.0,7.0,40.0,366.0,210.0,35.0
2015-05-31,67.0,14.0,46.0,305.0,196.0,35.0
2015-06-01,77.0,14.0,79.0,388.0,257.0,115.0
2015-06-02,92.0,11.0,53.0,335.0,234.0,45.0
2015-06-03,92.0,11.0,65.0,349.0,205.0,53.0
2015-06-04,84.0,19.0,46.0,353.0,179.0,39.0
2015-06-05,97.0,11.0,61.0,358.0,203.0,54.0
2015-06-06,92.0,11.0,40.0,365.0,206.0,42.0
2015-06-07,70.0,11.0,54.0,340.0,237.0,26.0
2015-06-08,79.0,10.0,46.0,312.0,193.0,42.0
2015-06-09,86.0,11.0,58.0,336.0,195.0,43.0
2015-06-10,98.0,7.0,54.0,365.0,223.0,40.0
2015-06-11,152.0,10.0,46.0,356.0,199.0,36.0
2015-06-12,85.0,17.0,46.0,390.0,239.0,49.0
2015-06-13,85.0,11.0,50.0,376.0,258.0,31.0
2015-06-14,67.0,11.0,47.0,386.0,251.0,32.0
2015-06-15,21.0,9.0,62.0,376.0,200.0,70.0
2015-06-16,74.0,14.0,61.0,408.0,247.0,43.0
2015-06-17,72.0,11.0,44.0,360.0,205.0,28.0
2015-06-18,63.0,13.0,47.0,389.0,214.0,40.0
2015-06-19,88.0,20.0,44.0,387.0,203.0,33.0
2015-06-20,43.0,11.0,43.0,375.0,253.0,40.0
2015-06-21,47.0,16.0,33.0,335.0,331.0,21.0
2015-06-22,61.0,7.0,50.0,393.0,230.0,39.0
2015-06-23,88.0,15.0,54.0,332.0,205.0,35.0
2015-06-24,77.0,16.0,39.0,368.0,194.0,34.0
2015-06-25,101.0,11.0,49.0,382.0,207.0,33.0
2015-06-26,71.0,13.0,46.0,384.0,211.0,56.0
2015-06-27,60.0,13.0,42.0,357.0,210.0,38.0
2015-06-28,57.0,18.0,51.0,368.0,278.0,24.0
2015-06-29,84.0,16.0,46.0,350.0,208.0,46.0
2015-06-30,91.0,15.0,40.0,357.0,204.0,40.0
2015-07-01,96.0,11.0,64.0,399.0,196.0,101.0
2015-07-02,94.0,10.0,55.0,349.0,190.0,58.0
2015-07-03,79.0,15.0,47.0,377.0,205.0,45.0
2015-07-04,63.0,13.0,43.0,430.0,272.0,24.0
2015-07-05,88.0,12.0,47.0,405.0,322.0,23.0
2015-07-06,65.0,12.0,58.0,350.0,217.0,53.0
2015-07-07,78.0,11.0,41.0,357.0,171.0,41.0
2015-07-08,87.0,6.0,56.0,358.0,163.0,42.0
2015-07-09,87.0,10.0,44.0,337.0,161.0,32.0
2015-07-10,89.0,10.0,55.0,377.0,158.0,49.0
2015-07-11,81.0,23.0,37.0,375.0,251.0,30.0
2015-07-12,86.0,13.0,46.0,360.0,255.0,41.0
2015-07-13,74.0,14.0,61.0,382.0,190.0,58.0
2015-07-14,87.0,19.0,51.0,344.0,179.0,31.0
2015-07-15,85.0,10.0,52.0,396.0,191.0,57.0
2015-07-16,58.0,8.0,53.0,347.0,160.0,43.0
2015-07-17,94.0,11.0,58.0,411.0,202.0,48.0
2015-07-18,62.0,5.0,46.0,360.0,262.0,40.0
2015-07-19,61.0,14.0,40.0,360.0,258.0,29.0
2015-07-20,68.0,6.0,61.0,393.0,207.0,42.0
2015-07-21,83.0,11.0,51.0,374.0,216.0,40.0
2015-07-22,94.0,8.0,56.0,359.0,213.0,41.0
2015-07-23,95.0,11.0,55.0,404.0,206.0,37.0
2015-07-24,92.0,12.0,51.0,451.0,217.0,42.0
2015-07-25,64.0,11.0,54.0,412.0,255.0,35.0
2015-07-26,74.0,6.0,47.0,375.0,276.0,24.0
2015-07-27,71.0,11.0,46.0,431.0,221.0,52.0
2015-07-28,73.0,6.0,44.0,382.0,215.0,45.0
2015-07-29,78.0,11.0,44.0,371.0,211.0,47.0
2015-07-30,85.0,16.0,65.0,369.0,205.0,32.0
2015-07-31,74.0,9.0,41.0,380.0,214.0,58.0
2015-08-01,80.0,12.0,63.0,503.0,273.0,89.0
2015-08-02,78.0,18.0,40.0,383.0,272.0,30.0
2015-08-03,65.0,7.0,62.0,359.0,191.0,45.0
2015-08-04,95.0,16.0,38.0,361.0,208.0,43.0
2015-08-05,103.0,8.0,51.0,368.0,193.0,46.0
2015-08-06,94.0,8.0,61.0,399.0,205.0,40.0
2015-08-07,87.0,10.0,57.0,403.0,239.0,43.0
2015-08-08,71.0,17.0,51.0,415.0,248.0,46.0
2015-08-09,83.0,10.0,50.0,347.0,235.0,19.0
2015-08-10,66.0,10.0,62.0,400.0,224.0,46.0
2015-08-11,96.0,13.0,65.0,361.0,216.0,38.0
2015-08-12,108.0,7.0,51.0,356.0,200.0,36.0
2015-08-13,80.0,13.0,46.0,354.0,237.0,53.0
2015-08-14,82.0,10.0,53.0,415.0,206.0,37.0
2015-08-15,58.0,9.0,47.0,414.0,255.0,37.0
2015-08-16,74.0,11.0,31.0,419.0,304.0,25.0
2015-08-17,63.0,8.0,51.0,364.0,200.0,53.0
2015-08-18,84.0,13.0,47.0,376.0,193.0,47.0
2015-08-19,101.0,12.0,58.0,382.0,195.0,43.0
2015-08-20,138.0,13.0,58.0,406.0,179.0,41.0
2015-08-21,110.0,9.0,50.0,429.0,209.0,50.0
2015-08-22,78.0,10.0,56.0,407.0,253.0,41.0
2015-08-23,84.0,14.0,49.0,367.0,260.0,30.0
2015-08-24,78.0,14.0,53.0,363.0,178.0,38.0
2015-08-25,79.0,7.0,58.0,391.0,182.0,49.0
2015-08-26,90.0,12.0,58.0,400.0,165.0,63.0
2015-08-27,94.0,17.0,56.0,393.0,159.0,44.0
2015-08-28,84.0,8.0,49.0,423.0,182.0,57.0
2015-08-29,78.0,10.0,47.0,359.0,230.0,34.0
2015-08-30,79.0,13.0,57.0,393.0,227.0,30.0
2015-08-31,80.0,14.0,45.0,367.0,191.0,47.0
2015-09-01,95.0,11.0,57.0,410.0,257.0,105.0
2015-09-02,96.0,13.0,57.0,393.0,198.0,41.0
2015-09-03,97.0,15.0,59.0,437.0,225.0,40.0
2015-09-04,84.0,16.0,54.0,395.0,197.0,66.0
2015-09-05,74.0,12.0,31.0,379.0,233.0,32.0
2015-09-06,88.0,14.0,39.0,381.0,271.0,22.0
2015-09-07,95.0,13.0,49.0,371.0,252.0,27.0
2015-09-08,71.0,6.0,52.0,360.0,175.0,51.0
2015-09-09,82.0,11.0,45.0,355.0,176.0,42.0
2015-09-10,68.0,11.0,46.0,342.0,158.0,33.0
2015-09-11,83.0,14.0,46.0,336.0,162.0,47.0
2015-09-12,61.0,15.0,47.0,337.0,217.0,47.0
2015-09-13,69.0,17.0,27.0,359.0,232.0,31.0
2015-09-14,65.0,7.0,50.0,409.0,218.0,37.0
2015-09-15,81.0,18.0,56.0,396.0,191.0,64.0
2015-09-16,100.0,14.0,37.0,368.0,200.0,47.0
2015-09-17,83.0,5.0,41.0,344.0,204.0,40.0
2015-09-18,73.0,8.0,53.0,413.0,189.0,55.0
2015-09-19,93.0,7.0,49.0,378.0,228.0,35.0
2015-09-20,83.0,13.0,53.0,361.0,262.0,38.0
2015-09-21,86.0,13.0,44.0,335.0,216.0,40.0
2015-09-22,100.0,15.0,51.0,361.0,203.0,45.0
2015-09-23,104.0,12.0,49.0,404.0,217.0,44.0
2015-09-24,81.0,11.0,37.0,357.0,190.0,38.0
2015-09-25,91.0,9.0,54.0,387.0,216.0,50.0
2015-09-26,69.0,12.0,45.0,394.0,241.0,30.0
2015-09-27,90.0,12.0,43.0,373.0,256.0,26.0
2015-09-28,81.0,10.0,44.0,375.0,202.0,39.0
2015-09-29,70.0,10.0,48.0,332.0,164.0,43.0
2015-09-30,86.0,10.0,46.0,353.0,143.0,37.0
2015-10-01,99.0,8.0,74.0,393.0,190.0,100.0
2015-10-02,115.0,13.0,51.0,380.0,181.0,53.0
2015-10-03,76.0,13.0,50.0,373.0,161.0,34.0
2015-10-04,74.0,9.0,45.0,316.0,187.0,22.0
2015-10-05,92.0,16.0,52.0,340.0,188.0,62.0
2015-10-06,102.0,9.0,66.0,348.0,187.0,38.0
2015-10-07,83.0,10.0,49.0,338.0,193.0,44.0
2015-10-08,75.0,8.0,45.0,333.0,202.0,37.0
2015-10-09,114.0,14.0,52.0,378.0,182.0,53.0
2015-10-10,69.0,13.0,48.0,369.0,188.0,40.0
2015-10-11,57.0,10.0,49.0,344.0,256.0,19.0
2015-10-12,67.0,11.0,54.0,359.0,199.0,38.0
2015-10-13,69.0,12.0,50.0,364.0,204.0,41.0
2015-10-14,90.0,9.0,46.0,387.0,183.0,49.0
2015-10-15,93.0,11.0,58.0,407.0,177.0,62.0
2015-10-16,86.0,10.0,47.0,364.0,179.0,47.0
2015-10-17,71.0,10.0,37.0,369.0,194.0,25.0
2015-10-18,66.0,11.0,42.0,322.0,210.0,24.0
2015-10-19,66.0,14.0,48.0,425.0,197.0,38.0
2015-10-20,102.0,9.0,42.0,402.0,172.0,57.0
2015-10-21,90.0,10.0,48.0,410.0,194.0,41.0
2015-10-22,96.0,13.0,68.0,365.0,188.0,43.0
2015-10-23,102.0,13.0,45.0,373.0,194.0,49.0
2015-10-24,66.0,5.0,35.0,386.0,234.0,37.0
2015-10-25,75.0,10.0,32.0,364.0,224.0,23.0
2015-10-26,58.0,10.0,50.0,406.0,201.0,55.0
2015-10-27,51.0,6.0,44.0,350.0,163.0,35.0
2015-10-28,62.0,11.0,59.0,350.0,155.0,44.0
2015-10-29,64.0,8.0,43.0,354.0,161.0,38.0
2015-10-30,110.0,18.0,49.0,374.0,170.0,53.0
2015-10-31,65.0,9.0,43.0,371.0,204.0,28.0
2015-11-01,90.0,10.0,66.0,439.0,286.0,84.0
2015-11-02,85.0,12.0,59.0,364.0,214.0,48.0
2015-11-03,67.0,8.0,54.0,367.0,204.0,50.0
2015-11-04,94.0,8.0,59.0,395.0,192.0,40.0
2015-11-05,76.0,9.0,44.0,382.0,199.0,42.0
2015-11-06,94.0,9.0,41.0,383.0,180.0,38.0
2015-11-07,82.0,7.0,51.0,334.0,186.0,31.0
2015-11-08,83.0,7.0,35.0,363.0,192.0,24.0
2015-11-09,73.0,11.0,49.0,346.0,165.0,37.0
2015-11-10,67.0,5.0,39.0,305.0,180.0,44.0
2015-11-11,85.0,15.0,43.0,330.0,155.0,57.0
2015-11-12,80.0,13.0,43.0,361.0,132.0,62.0
2015-11-13,76.0,13.0,44.0,354.0,153.0,38.0
2015-11-14,74.0,8.0,38.0,377.0,169.0,29.0
2015-11-15,76.0,17.0,54.0,344.0,190.0,39.0
2015-11-16,66.0,8.0,46.0,396.0,175.0,50.0
2015-11-17,70.0,12.0,40.0,345.0,156.0,43.0
2015-11-18,73.0,12.0,40.0,341.0,170.0,45.0
2015-11-19,101.0,16.0,38.0,348.0,146.0,48.0
2015-11-20,92.0,11.0,40.0,353.0,171.0,43.0
2015-11-21,45.0,9.0,33.0,257.0,154.0,30.0
2015-11-22,45.0,7.0,49.0,244.0,146.0,28.0
2015-11-23,62.0,9.0,45.0,328.0,165.0,41.0
2015-11-24,54.0,8.0,43.0,322.0,150.0,30.0
2015-11-25,57.0,7.0,39.0,339.0,143.0,33.0
2015-11-26,31.0,7.0,31.0,303.0,195.0,20.0
2015-11-27,39.0,4.0,34.0,350.0,144.0,40.0
2015-11-28,51.0,12.0,32.0,343.0,182.0,37.0
2015-11-29,52.0,8.0,36.0,322.0,169.0,24.0
2015-11-30,64.0,7.0,60.0,351.0,140.0,43.0
2015-12-01,78.0,7.0,55.0,336.0,199.0,93.0
2015-12-02,82.0,9.0,40.0,383.0,157.0,41.0
2015-12-03,66.0,6.0,50.0,362.0,174.0,51.0
2015-12-04,68.0,9.0,47.0,363.0,168.0,46.0
2015-12-05,64.0,6.0,39.0,350.0,203.0,45.0
2015-12-06,57.0,9.0,42.0,371.0,177.0,31.0
2015-12-07,48.0,11.0,44.0,385.0,156.0,44.0
2015-12-08,70.0,8.0,55.0,377.0,171.0,47.0
2015-12-09,43.0,9.0,46.0,376.0,168.0,43.0
2015-12-10,52.0,5.0,48.0,370.0,172.0,42.0
2015-12-11,53.0,13.0,30.0,427.0,179.0,40.0
2015-12-12,60.0,10.0,42.0,381.0,216.0,45.0
2015-12-13,37.0,5.0,27.0,365.0,199.0,17.0
2015-12-14,42.0,9.0,45.0,418.0,179.0,45.0
2015-12-15,69.0,13.0,41.0,436.0,175.0,57.0
2015-12-16,57.0,9.0,46.0,393.0,166.0,51.0
2015-12-17,52.0,7.0,44.0,408.0,155.0,61.0
2015-12-18,51.0,7.0,38.0,346.0,166.0,43.0
2015-12-19,51.0,7.0,36.0,359.0,168.0,45.0
2015-12-20,55.0,7.0,50.0,354.0,192.0,34.0
2015-12-21,39.0,4.0,38.0,352.0,158.0,58.0
2015-12-22,44.0,4.0,45.0,408.0,152.0,40.0
2015-12-23,40.0,6.0,42.0,463.0,156.0,45.0
2015-12-24,13.0,6.0,31.0,380.0,196.0,47.0
2015-12-25,12.0,3.0,29.0,250.0,190.0,14.0
2015-12-26,48.0,6.0,46.0,326.0,186.0,25.0
2015-12-27,44.0,6.0,36.0,346.0,173.0,21.0
2015-12-28,22.0,10.0,38.0,288.0,128.0,28.0
2015-12-29,55.0,5.0,42.0,330.0,144.0,44.0
2015-12-30,45.0,5.0,43.0,289.0,175.0,45.0
2015-12-31,28.0,7.0,37.0,318.0,154.0,64.0
2016-01-01,28.0,8.0,66.0,317.0,448.0,154.0
2016-01-02,34.0,7.0,41.0,301.0,147.0,43.0
2016-01-03,34.0,2.0,39.0,341.0,172.0,29.0
2016-01-04,28.0,4.0,34.0,353.0,155.0,51.0
2016-01-05,45.0,1.0,42.0,314.0,167.0,54.0
2016-01-06,39.0,2.0,52.0,321.0,158.0,54.0
2016-01-07,58.0,5.0,41.0,369.0,178.0,55.0
2016-01-08,59.0,10.0,47.0,398.0,180.0,48.0
2016-01-09,48.0,4.0,42.0,329.0,191.0,35.0
2016-01-10,39.0,4.0,53.0,289.0,170.0,38.0
2016-01-11,18.0,3.0,32.0,280.0,134.0,45.0
2016-01-12,39.0,5.0,35.0,297.0,128.0,43.0
2016-01-13,46.0,7.0,52.0,347.0,147.0,52.0
2016-01-14,58.0,6.0,45.0,366.0,204.0,53.0
2016-01-15,54.0,6.0,44.0,375.0,199.0,54.0
2016-01-16,48.0,5.0,45.0,330.0,176.0,44.0
2016-01-17,34.0,1.0,40.0,250.0,180.0,31.0
2016-01-18,39.0,2.0,41.0,278.0,118.0,33.0
2016-01-19,39.0,6.0,46.0,333.0,134.0,51.0
2016-01-20,39.0,9.0,31.0,333.0,156.0,50.0
2016-01-21,36.0,8.0,47.0,350.0,151.0,36.0
2016-01-22,69.0,10.0,34.0,389.0,155.0,42.0
2016-01-23,56.0,4.0,43.0,390.0,183.0,43.0
2016-01-24,42.0,3.0,50.0,373.0,181.0,23.0
2016-01-25,41.0,7.0,49.0,385.0,206.0,53.0
2016-01-26,49.0,8.0,52.0,313.0,157.0,60.0
2016-01-27,45.0,5.0,31.0,356.0,165.0,67.0
2016-01-28,130.0,6.0,44.0,355.0,166.0,49.0
2016-01-29,53.0,8.0,42.0,421.0,165.0,56.0
2016-01-30,50.0,10.0,39.0,374.0,218.0,50.0
2016-01-31,37.0,3.0,45.0,342.0,214.0,23.0
2016-02-01,56.0,7.0,67.0,385.0,199.0,115.0
2016-02-02,45.0,8.0,38.0,292.0,156.0,71.0
2016-02-03,56.0,8.0,59.0,330.0,170.0,53.0
2016-02-04,70.0,5.0,46.0,310.0,190.0,47.0
2016-02-05,53.0,6.0,49.0,337.0,165.0,48.0
2016-02-06,61.0,9.0,41.0,325.0,194.0,65.0
2016-02-07,36.0,3.0,59.0,308.0,184.0,25.0
2016-02-08,38.0,10.0,41.0,286.0,148.0,45.0
2016-02-09,41.0,4.0,45.0,252.0,154.0,48.0
2016-02-10,59.0,3.0,53.0,242.0,149.0,59.0
2016-02-11,54.0,1.0,49.0,281.0,148.0,48.0
2016-02-12,82.0,5.0,41.0,302.0,148.0,64.0
2016-02-13,61.0,5.0,36.0,295.0,160.0,39.0
2016-02-14,36.0,4.0,36.0,242.0,169.0,26.0
2016-02-15,55.0,8.0,40.0,245.0,154.0,49.0
2016-02-16,44.0,3.0,32.0,317.0,176.0,52.0
2016-02-17,54.0,6.0,44.0,287.0,190.0,57.0
2016-02-18,52.0,9.0,47.0,359.0,169.0,42.0
2016-02-19,82.0,5.0,53.0,408.0,173.0,49.0
2016-02-20,61.0,3.0,39.0,317.0,229.0,51.0
2016-02-21,60.0,7.0,41.0,331.0,240.0,27.0
2016-02-22,54.0,6.0,37.0,312.0,181.0,48.0
2016-02-23,43.0,7.0,49.0,304.0,177.0,50.0
2016-02-24,40.0,3.0,50.0,274.0,168.0,43.0
2016-02-25,107.0,4.0,50.0,305.0,172.0,58.0
2016-02-26,65.0,7.0,47.0,345.0,210.0,63.0
2016-02-27,54.0,5.0,37.0,341.0,197.0,55.0
2016-02-28,45.0,6.0,41.0,298.0,200.0,30.0
2016-02-29,41.0,9.0,55.0,311.0,185.0,44.0
2016-03-01,62.0,8.0,79.0,334.0,190.0,121.0
2016-03-02,69.0,9.0,47.0,281.0,162.0,38.0
2016-03-03,68.0,5.0,42.0,298.0,145.0,55.0
2016-03-04,77.0,7.0,45.0,347.0,176.0,49.0
2016-03-05,48.0,6.0,45.0,359.0,200.0,38.0
2016-03-06,60.0,11.0,56.0,344.0,201.0,42.0
2016-03-07,77.0,8.0,52.0,373.0,209.0,73.0
2016-03-08,46.0,14.0,63.0,349.0,209.0,40.0
2016-03-09,69.0,9.0,56.0,260.0,232.0,49.0
2016-03-10,65.0,6.0,55.0,358.0,179.0,47.0
2016-03-11,71.0,9.0,53.0,341.0,209.0,48.0
2016-03-12,49.0,5.0,57.0,360.0,241.0,31.0
2016-03-13,46.0,2.0,35.0,295.0,210.0,38.0
2016-03-14,51.0,6.0,46.0,324.0,193.0,62.0
2016-03-15,62.0,8.0,52.0,324.0,207.0,57.0
2016-03-16,65.0,12.0,51.0,334.0,223.0,58.0
2016-03-17,61.0,6.0,49.0,362.0,208.0,50.0
2016-03-18,77.0,16.0,44.0,376.0,218.0,58.0
2016-03-19,68.0,8.0,32.0,348.0,195.0,46.0
2016-03-20,51.0,4.0,51.0,321.0,221.0,35.0
2016-03-21,50.0,9.0,67.0,313.0,199.0,59.0
2016-03-22,64.0,11.0,48.0,317.0,239.0,43.0
2016-03-23,41.0,3.0,58.0,336.0,200.0,47.0
2016-03-24,48.0,7.0,54.0,329.0,190.0,48.0
2016-03-25,59.0,6.0,57.0,361.0,188.0,45.0
2016-03-26,67.0,9.0,41.0,349.0,224.0,45.0
2016-03-27,37.0,9.0,44.0,303.0,221.0,17.0
2016-03-28,59.0,9.0,54.0,345.0,219.0,53.0
2016-03-29,74.0,8.0,55.0,342.0,209.0,49.0
2016-03-30,59.0,6.0,48.0,340.0,223.0,40.0
2016-03-31,59.0,4.0,47.0,330.0,259.0,54.0
2016-04-01,52.0,10.0,73.0,351.0,214.0,98.0
2016-04-02,59.0,10.0,40.0,310.0,180.0,50.0
2016-04-03,59.0,8.0,45.0,318.0,225.0,49.0
2016-04-04,48.0,4.0,50.0,328.0,163.0,64.0
2016-04-05,73.0,9.0,56.0,315.0,166.0,53.0
2016-04-06,75.0,5.0,46.0,295.0,202.0,35.0
2016-04-07,104.0,8.0,52.0,336.0,193.0,46.0
2016-04-08,52.0,10.0,41.0,332.0,147.0,40.0
2016-04-09,59.0,7.0,45.0,327.0,195.0,55.0
2016-04-10,48.0,12.0,56.0,330.0,205.0,51.0
2016-04-11,43.0,7.0,47.0,330.0,175.0,70.0
2016-04-12,73.0,10.0,42.0,328.0,177.0,67.0
2016-04-13,74.0,5.0,41.0,314.0,218.0,61.0
2016-04-14,69.0,10.0,34.0,336.0,190.0,50.0
2016-04-15,100.0,11.0,52.0,395.0,189.0,61.0
2016-04-16,60.0,10.0,51.0,338.0,245.0,28.0
2016-04-17,56.0,6.0,46.0,334.0,232.0,34.0
2016-04-18,52.0,16.0,35.0,376.0,199.0,59.0
2016-04-19,61.0,8.0,28.0,345.0,207.0,53.0
2016-04-20,69.0,8.0,41.0,344.0,174.0,47.0
2016-04-21,74.0,5.0,54.0,329.0,196.0,54.0
2016-04-22,73.0,4.0,51.0,358.0,195.0,46.0
2016-04-23,57.0,10.0,54.0,311.0,222.0,37.0
2016-04-24,77.0,10.0,45.0,327.0,259.0,30.0
2016-04-25,47.0,6.0,58.0,362.0,236.0,46.0
2016-04-26,67.0,8.0,49.0,324.0,190.0,52.0
2016-04-27,52.0,7.0,58.0,312.0,194.0,35.0
2016-04-28,54.0,8.0,52.0,361.0,201.0,55.0
2016-04-29,64.0,9.0,41.0,340.0,219.0,41.0
2016-04-30,46.0,5.0,37.0,302.0,176.0,36.0
2016-05-01,30.0,11.0,67.0,361.0,238.0,89.0
2016-05-02,55.0,19.0,57.0,366.0,202.0,55.0
2016-05-03,73.0,12.0,60.0,323.0,213.0,53.0
2016-05-04,69.0,9.0,48.0,308.0,205.0,39.0
2016-05-05,61.0,8.0,49.0,348.0,180.0,51.0
2016-05-06,50.0,3.0,47.0,392.0,239.0,63.0
2016-05-07,24.0,3.0,27.0,391.0,242.0,53.0
2016-05-08,47.0,13.0,41.0,316.0,270.0,39.0
2016-05-09,53.0,10.0,48.0,342.0,223.0,53.0
2016-05-10,55.0,8.0,53.0,338.0,204.0,51.0
2016-05-11,60.0,8.0,42.0,378.0,213.0,55.0
2016-05-12,62.0,10.0,37.0,330.0,204.0,43.0
2016-05-13,65.0,9.0,53.0,403.0,217.0,58.0
2016-05-14,63.0,5.0,61.0,357.0,199.0,34.0
2016-05-15,54.0,5.0,54.0,353.0,242.0,30.0
2016-05-16,66.0,6.0,58.0,364.0,230.0,58.0
2016-05-17,59.0,10.0,60.0,331.0,186.0,42.0
2016-05-18,63.0,11.0,42.0,419.0,222.0,42.0
2016-05-19,107.0,6.0,51.0,360.0,199.0,39.0
2016-05-20,71.0,8.0,52.0,409.0,212.0,50.0
2016-05-21,54.0,10.0,49.0,403.0,233.0,42.0
2016-05-22,62.0,10.0,43.0,359.0,254.0,22.0
2016-05-23,65.0,8.0,60.0,370.0,222.0,56.0
2016-05-24,62.0,14.0,41.0,391.0,242.0,53.0
2016-05-25,45.0,6.0,51.0,330.0,238.0,47.0
2016-05-26,53.0,6.0,65.0,359.0,244.0,38.0
2016-05-27,61.0,11.0,59.0,401.0,231.0,34.0
2016-05-28,71.0,9.0,46.0,393.0,242.0,30.0
2016-05-29,64.0,12.0,46.0,376.0,274.0,26.0
2016-05-30,61.0,8.0,49.0,378.0,295.0,26.0
2016-05-31,61.0,7.0,64.0,359.0,214.0,49.0
2016-06-01,64.0,13.0,72.0,391.0,245.0,106.0
2016-06-02,58.0,13.0,51.0,381.0,244.0,49.0
2016-06-03,77.0,11.0,64.0,367.0,256.0,42.0
2016-06-04,55.0,8.0,45.0,344.0,272.0,102.0
2016-06-05,55.0,6.0,38.0,362.0,248.0,69.0
2016-06-06,58.0,6.0,58.0,364.0,232.0,72.0
2016-06-07,70.0,8.0,37.0,354.0,208.0,77.0
2016-06-08,71.0,11.0,42.0,378.0,189.0,51.0
2016-06-09,59.0,10.0,51.0,320.0,207.0,76.0
2016-06-10,54.0,4.0,42.0,396.0,214.0,52.0
2016-06-11,56.0,16.0,48.0,388.0,259.0,47.0
2016-06-12,76.0,6.0,53.0,422.0,271.0,21.0
2016-06-13,43.0,11.0,48.0,379.0,238.0,74.0
2016-06-14,68.0,8.0,61.0,374.0,250.0,74.0
2016-06-15,69.0,12.0,51.0,368.0,229.0,56.0
2016-06-16,57.0,12.0,65.0,403.0,237.0,43.0
2016-06-17,55.0,7.0,54.0,395.0,258.0,55.0
2016-06-18,47.0,7.0,40.0,383.0,254.0,30.0
2016-06-19,33.0,15.0,37.0,384.0,314.0,26.0
2016-06-20,47.0,7.0,62.0,400.0,282.0,54.0
2016-06-21,44.0,9.0,59.0,407.0,258.0,45.0
2016-06-22,48.0,18.0,50.0,356.0,223.0,54.0
2016-06-23,55.0,15.0,50.0,390.0,238.0,51.0
2016-06-24,63.0,12.0,39.0,420.0,227.0,45.0
2016-06-25,45.0,9.0,49.0,434.0,237.0,36.0
2016-06-26,29.0,9.0,49.0,386.0,275.0,23.0
2016-06-27,53.0,7.0,47.0,387.0,225.0,49.0
2016-06-28,63.0,9.0,49.0,377.0,211.0,57.0
2016-06-29,67.0,9.0,46.0,399.0,225.0,57.0
2016-06-30,93.0,9.0,52.0,434.0,210.0,50.0
2016-07-01,83.0,14.0,57.0,441.0,240.0,106.0
2016-07-02,67.0,8.0,66.0,357.0,232.0,26.0
2016-07-03,71.0,10.0,47.0,386.0,237.0,29.0
2016-07-04,54.0,17.0,55.0,405.0,297.0,16.0
2016-07-05,68.0,6.0,51.0,420.0,304.0,44.0
2016-07-06,53.0,7.0,48.0,381.0,211.0,42.0
2016-07-07,65.0,11.0,42.0,407.0,194.0,68.0
2016-07-08,52.0,9.0,51.0,412.0,219.0,46.0
2016-07-09,43.0,7.0,39.0,361.0,237.0,40.0
2016-07-10,35.0,10.0,46.0,386.0,245.0,36.0
2016-07-11,38.0,7.0,53.0,359.0,205.0,37.0
2016-07-12,52.0,4.0,60.0,381.0,211.0,69.0
2016-07-13,58.0,4.0,44.0,378.0,185.0,57.0
2016-07-14,63.0,8.0,56.0,421.0,173.0,46.0
2016-07-15,60.0,7.0,51.0,458.0,214.0,52.0
2016-07-16,42.0,8.0,42.0,430.0,220.0,38.0
2016-07-17,46.0,8.0,46.0,415.0,240.0,30.0
2016-07-18,48.0,9.0,55.0,434.0,202.0,49.0
2016-07-19,58.0,6.0,50.0,436.0,192.0,49.0
2016-07-20,46.0,8.0,54.0,439.0,213.0,60.0
2016-07-21,54.0,3.0,60.0,415.0,194.0,58.0
2016-07-22,67.0,8.0,44.0,399.0,220.0,52.0
2016-07-23,42.0,8.0,24.0,454.0,240.0,42.0
2016-07-24,45.0,7.0,41.0,406.0,261.0,29.0
2016-07-25,60.0,11.0,50.0,431.0,216.0,57.0
2016-07-26,63.0,5.0,45.0,472.0,226.0,62.0
2016-07-27,52.0,4.0,52.0,430.0,211.0,46.0
2016-07-28,60.0,6.0,45.0,397.0,204.0,61.0
2016-07-29,49.0,5.0,58.0,437.0,199.0,53.0
2016-07-30,50.0,11.0,47.0,513.0,260.0,43.0
2016-07-31,30.0,9.0,29.0,474.0,236.0,35.0
2016-08-01,43.0,7.0,59.0,416.0,217.0,113.0
2016-08-02,39.0,6.0,51.0,396.0,233.0,63.0
2016-08-03,53.0,8.0,52.0,408.0,190.0,59.0
2016-08-04,47.0,5.0,60.0,393.0,226.0,59.0
2016-08-05,51.0,12.0,50.0,459.0,233.0,55.0
2016-08-06,41.0,4.0,52.0,407.0,281.0,41.0
2016-08-07,48.0,12.0,38.0,435.0,261.0,42.0
2016-08-08,37.0,8.0,41.0,436.0,209.0,70.0
2016-08-09,46.0,9.0,60.0,340.0,207.0,60.0
2016-08-10,42.0,4.0,51.0,359.0,202.0,61.0
2016-08-11,61.0,7.0,53.0,448.0,225.0,56.0
2016-08-12,50.0,3.0,52.0,434.0,165.0,39.0
2016-08-13,30.0,13.0,52.0,453.0,230.0,46.0
2016-08-14,36.0,5.0,46.0,451.0,276.0,27.0
2016-08-15,37.0,5.0,58.0,450.0,213.0,76.0
2016-08-16,40.0,7.0,64.0,428.0,208.0,66.0
2016-08-17,47.0,2.0,42.0,485.0,224.0,60.0
2016-08-18,58.0,5.0,54.0,388.0,204.0,55.0
2016-08-19,47.0,8.0,41.0,433.0,213.0,48.0
2016-08-20,35.0,7.0,47.0,439.0,261.0,52.0
2016-08-21,31.0,8.0,39.0,406.0,267.0,33.0
2016-08-22,31.0,5.0,46.0,423.0,178.0,43.0
2016-08-23,40.0,7.0,48.0,400.0,211.0,45.0
2016-08-24,40.0,8.0,57.0,471.0,192.0,54.0
2016-08-25,32.0,7.0,48.0,461.0,181.0,40.0
2016-08-26,43.0,8.0,46.0,446.0,205.0,54.0
2016-08-27,33.0,7.0,36.0,431.0,264.0,45.0
2016-08-28,38.0,7.0,37.0,403.0,279.0,41.0
2016-08-29,44.0,6.0,46.0,476.0,255.0,53.0
2016-08-30,39.0,6.0,34.0,427.0,194.0,55.0
2016-08-31,41.0,12.0,49.0,430.0,206.0,37.0
2016-09-01,77.0,7.0,56.0,492.0,242.0,121.0
2016-09-02,55.0,6.0,42.0,431.0,206.0,55.0
2016-09-03,68.0,10.0,48.0,462.0,205.0,33.0
2016-09-04,58.0,9.0,38.0,384.0,245.0,41.0
2016-09-05,54.0,12.0,44.0,411.0,260.0,39.0
2016-09-06,42.0,12.0,57.0,394.0,193.0,61.0
2016-09-07,40.0,7.0,46.0,354.0,220.0,50.0
2016-09-08,39.0,9.0,50.0,450.0,198.0,45.0
2016-09-09,50.0,6.0,43.0,428.0,229.0,62.0
2016-09-10,37.0,4.0,39.0,428.0,222.0,37.0
2016-09-11,33.0,11.0,36.0,421.0,224.0,30.0
2016-09-12,42.0,9.0,55.0,425.0,211.0,49.0
2016-09-13,41.0,4.0,41.0,433.0,213.0,53.0
2016-09-14,61.0,6.0,62.0,429.0,200.0,59.0
2016-09-15,36.0,10.0,47.0,443.0,221.0,65.0
2016-09-16,38.0,9.0,39.0,436.0,210.0,68.0
2016-09-17,39.0,9.0,43.0,454.0,252.0,36.0
2016-09-18,37.0,14.0,40.0,401.0,264.0,24.0
2016-09-19,29.0,9.0,42.0,399.0,187.0,46.0
2016-09-20,39.0,5.0,51.0,430.0,203.0,61.0
2016-09-21,42.0,8.0,47.0,378.0,201.0,55.0
2016-09-22,60.0,7.0,48.0,426.0,226.0,59.0
2016-09-23,85.0,9.0,38.0,424.0,225.0,59.0
2016-09-24,25.0,7.0,57.0,422.0,267.0,55.0
2016-09-25,27.0,7.0,47.0,435.0,261.0,32.0
2016-09-26,34.0,8.0,44.0,427.0,185.0,64.0
2016-09-27,43.0,7.0,42.0,403.0,199.0,38.0
2016-09-28,37.0,3.0,33.0,363.0,156.0,42.0
2016-09-29,37.0,4.0,40.0,381.0,175.0,65.0
2016-09-30,38.0,13.0,45.0,422.0,197.0,57.0
2016-10-01,29.0,8.0,56.0,448.0,207.0,87.0
2016-10-02,28.0,12.0,38.0,369.0,237.0,22.0
2016-10-03,24.0,8.0,45.0,428.0,198.0,65.0
2016-10-04,49.0,11.0,47.0,384.0,187.0,64.0
2016-10-05,53.0,16.0,67.0,395.0,207.0,64.0
2016-10-06,35.0,11.0,56.0,401.0,187.0,61.0
2016-10-07,41.0,9.0,66.0,459.0,218.0,68.0
2016-10-08,26.0,10.0,36.0,397.0,210.0,34.0
2016-10-09,21.0,6.0,38.0,374.0,216.0,26.0
2016-10-10,36.0,7.0,38.0,397.0,184.0,54.0
2016-10-11,32.0,8.0,62.0,360.0,177.0,54.0
2016-10-12,35.0,8.0,58.0,423.0,182.0,33.0
2016-10-13,41.0,7.0,48.0,341.0,191.0,64.0
2016-10-14,47.0,6.0,43.0,445.0,214.0,66.0
2016-10-15,39.0,9.0,52.0,423.0,242.0,54.0
2016-10-16,44.0,5.0,42.0,381.0,274.0,41.0
2016-10-17,45.0,11.0,60.0,418.0,227.0,55.0
2016-10-18,47.0,15.0,50.0,378.0,235.0,43.0
2016-10-19,39.0,12.0,54.0,370.0,201.0,33.0
2016-10-20,38.0,4.0,40.0,388.0,199.0,45.0
2016-10-21,41.0,6.0,44.0,414.0,200.0,54.0
2016-10-22,35.0,11.0,38.0,414.0,206.0,67.0
2016-10-23,41.0,8.0,45.0,408.0,246.0,35.0
2016-10-24,48.0,7.0,50.0,410.0,202.0,52.0
2016-10-25,40.0,8.0,44.0,420.0,176.0,45.0
2016-10-26,29.0,8.0,43.0,383.0,176.0,58.0
2016-10-27,33.0,11.0,40.0,417.0,178.0,49.0
2016-10-28,37.0,9.0,35.0,455.0,192.0,73.0
2016-10-29,42.0,9.0,44.0,409.0,260.0,67.0
2016-10-30,34.0,15.0,52.0,363.0,270.0,51.0
2016-10-31,29.0,12.0,57.0,479.0,223.0,65.0
2016-11-01,47.0,4.0,61.0,428.0,237.0,105.0
2016-11-02,24.0,5.0,37.0,428.0,212.0,38.0
2016-11-03,12.0,9.0,46.0,395.0,270.0,51.0
2016-11-04,22.0,5.0,38.0,457.0,201.0,59.0
2016-11-05,37.0,9.0,35.0,452.0,246.0,39.0
2016-11-06,38.0,10.0,38.0,395.0,239.0,32.0
2016-11-07,30.0,7.0,52.0,417.0,182.0,45.0
2016-11-08,40.0,11.0,43.0,317.0,181.0,49.0
2016-11-09,30.0,7.0,35.0,395.0,171.0,39.0
2016-11-10,34.0,6.0,48.0,409.0,169.0,51.0
2016-11-11,66.0,5.0,61.0,445.0,168.0,53.0
2016-11-12,45.0,5.0,41.0,436.0,218.0,34.0
2016-11-13,40.0,5.0,44.0,357.0,184.0,28.0
2016-11-14,31.0,9.0,44.0,362.0,180.0,41.0
2016-11-15,37.0,4.0,52.0,388.0,174.0,53.0
2016-11-16,49.0,7.0,39.0,408.0,203.0,62.0
2016-11-17,69.0,5.0,44.0,449.0,196.0,43.0
2016-11-18,52.0,8.0,52.0,445.0,177.0,59.0
2016-11-19,21.0,5.0,37.0,397.0,178.0,38.0
2016-11-20,33.0,6.0,44.0,342.0,193.0,43.0
2016-11-21,38.0,13.0,49.0,380.0,145.0,58.0
2016-11-22,47.0,15.0,42.0,403.0,158.0,55.0
2016-11-23,28.0,6.0,45.0,404.0,149.0,65.0
2016-11-24,8.0,5.0,42.0,277.0,184.0,18.0
2016-11-25,43.0,6.0,28.0,385.0,164.0,62.0
2016-11-26,49.0,14.0,43.0,406.0,175.0,30.0
2016-11-27,49.0,9.0,48.0,360.0,200.0,27.0
2016-11-28,23.0,2.0,40.0,425.0,156.0,47.0
2016-11-29,50.0,10.0,40.0,379.0,164.0,54.0
2016-11-30,46.0,3.0,34.0,366.0,191.0,56.0
2016-12-01,26.0,10.0,60.0,413.0,171.0,101.0
2016-12-02,55.0,10.0,62.0,447.0,196.0,60.0
2016-12-03,34.0,7.0,39.0,452.0,177.0,48.0
2016-12-04,26.0,5.0,34.0,320.0,186.0,22.0
2016-12-05,30.0,12.0,47.0,356.0,166.0,61.0
2016-12-06,44.0,4.0,40.0,383.0,166.0,51.0
2016-12-07,26.0,4.0,45.0,372.0,167.0,43.0
2016-12-08,29.0,9.0,41.0,336.0,145.0,45.0
2016-12-09,40.0,3.0,53.0,340.0,163.0,66.0
2016-12-10,40.0,5.0,48.0,331.0,150.0,38.0
2016-12-11,26.0,5.0,28.0,271.0,152.0,28.0
2016-12-12,39.0,4.0,48.0,338.0,135.0,63.0
2016-12-13,32.0,9.0,50.0,300.0,129.0,51.0
2016-12-14,34.0,7.0,39.0,338.0,140.0,50.0
2016-12-15,23.0,4.0,39.0,305.0,134.0,71.0
2016-12-16,31.0,2.0,34.0,386.0,170.0,65.0
2016-12-17,35.0,2.0,28.0,345.0,151.0,51.0
2016-12-18,32.0,6.0,33.0,238.0,184.0,33.0
2016-12-19,23.0,,71.0,333.0,165.0,65.0
2016-12-20,38.0,7.0,62.0,384.0,144.0,55.0
2016-12-21,39.0,10.0,48.0,395.0,164.0,70.0
2016-12-22,32.0,3.0,41.0,399.0,170.0,57.0
2016-12-23,37.0,5.0,47.0,406.0,173.0,59.0
2016-12-24,14.0,4.0,35.0,354.0,162.0,33.0
2016-12-25,9.0,1.0,32.0,247.0,183.0,15.0
2016-12-26,23.0,8.0,37.0,352.0,189.0,34.0
2016-12-27,39.0,5.0,38.0,343.0,163.0,72.0
2016-12-28,32.0,7.0,57.0,412.0,145.0,69.0
2016-12-29,42.0,10.0,47.0,334.0,155.0,59.0
2016-12-30,38.0,7.0,58.0,400.0,168.0,70.0
2016-12-31,23.0,4.0,44.0,388.0,207.0,36.0
2017-01-01,21.0,10.0,76.0,412.0,435.0,113.0
2017-01-02,40.0,5.0,45.0,313.0,156.0,50.0
2017-01-03,47.0,8.0,43.0,361.0,181.0,74.0
2017-01-04,34.0,2.0,54.0,327.0,135.0,58.0
2017-01-05,31.0,6.0,57.0,319.0,133.0,60.0
2017-01-06,38.0,8.0,41.0,327.0,141.0,39.0
2017-01-07,39.0,6.0,45.0,311.0,173.0,43.0
2017-01-08,34.0,9.0,55.0,299.0,166.0,25.0
2017-01-09,53.0,5.0,51.0,403.0,141.0,54.0
2017-01-10,28.0,4.0,57.0,379.0,169.0,66.0
2017-01-11,40.0,8.0,55.0,330.0,171.0,54.0
2017-01-12,40.0,5.0,71.0,333.0,150.0,44.0
2017-01-13,50.0,4.0,58.0,448.0,175.0,63.0
2017-01-14,61.0,5.0,52.0,333.0,183.0,48.0
2017-01-15,46.0,9.0,43.0,343.0,173.0,41.0
2017-01-16,31.0,7.0,40.0,354.0,179.0,40.0
2017-01-17,48.0,7.0,43.0,390.0,154.0,58.0
2017-01-18,41.0,6.0,51.0,389.0,157.0,61.0
2017-01-19,73.0,6.0,51.0,375.0,168.0,62.0
2017-01-20,58.0,15.0,54.0,424.0,183.0,49.0
2017-01-21,64.0,7.0,49.0,416.0,205.0,44.0
2017-01-22,59.0,11.0,63.0,374.0,204.0,29.0
2017-01-23,43.0,12.0,46.0,430.0,195.0,62.0
2017-01-24,41.0,7.0,51.0,404.0,170.0,59.0
2017-01-25,40.0,6.0,48.0,410.0,186.0,59.0
2017-01-26,42.0,8.0,38.0,373.0,166.0,46.0
2017-01-27,78.0,7.0,61.0,390.0,176.0,66.0
2017-01-28,56.0,7.0,37.0,400.0,180.0,48.0
2017-01-29,55.0,7.0,39.0,343.0,160.0,29.0
2017-01-30,37.0,7.0,46.0,404.0,191.0,69.0
2017-01-31,50.0,14.0,48.0,396.0,167.0,54.0
2017-02-01,59.0,15.0,66.0,389.0,194.0,83.0
2017-02-02,41.0,5.0,41.0,354.0,154.0,74.0
2017-02-03,71.0,7.0,48.0,342.0,144.0,53.0
2017-02-04,47.0,2.0,43.0,344.0,170.0,29.0
2017-02-05,43.0,6.0,41.0,359.0,204.0,38.0
2017-02-06,39.0,7.0,46.0,401.0,194.0,73.0
2017-02-07,31.0,9.0,47.0,355.0,178.0,69.0
2017-02-08,41.0,2.0,58.0,335.0,170.0,58.0
2017-02-09,55.0,5.0,52.0,349.0,152.0,53.0
2017-02-10,58.0,10.0,61.0,356.0,194.0,63.0
2017-02-11,37.0,11.0,45.0,392.0,173.0,46.0
2017-02-12,43.0,7.0,39.0,333.0,217.0,37.0
2017-02-13,43.0,9.0,55.0,386.0,171.0,52.0
2017-02-14,36.0,12.0,65.0,343.0,210.0,45.0
2017-02-15,51.0,7.0,55.0,329.0,180.0,46.0
2017-02-16,51.0,8.0,44.0,355.0,163.0,49.0
2017-02-17,67.0,10.0,61.0,425.0,191.0,71.0
2017-02-18,60.0,9.0,57.0,360.0,216.0,42.0
2017-02-19,39.0,8.0,34.0,355.0,207.0,29.0
2017-02-20,53.0,8.0,45.0,362.0,197.0,45.0
2017-02-21,47.0,12.0,50.0,331.0,187.0,48.0
2017-02-22,50.0,9.0,65.0,314.0,213.0,48.0
2017-02-23,77.0,7.0,64.0,289.0,163.0,51.0
2017-02-24,50.0,8.0,48.0,321.0,177.0,52.0
2017-02-25,50.0,3.0,34.0,307.0,162.0,37.0
2017-02-26,51.0,3.0,51.0,270.0,166.0,33.0
2017-02-27,41.0,2.0,45.0,308.0,179.0,54.0
2017-02-28,40.0,6.0,31.0,320.0,165.0,63.0
2017-03-01,48.0,8.0,69.0,308.0,169.0,107.0
2017-03-02,71.0,3.0,55.0,274.0,164.0,57.0
2017-03-03,60.0,7.0,45.0,326.0,169.0,66.0
2017-03-04,60.0,8.0,36.0,305.0,180.0,44.0
2017-03-05,48.0,11.0,45.0,336.0,186.0,28.0
2017-03-06,41.0,5.0,44.0,349.0,190.0,52.0
2017-03-07,39.0,9.0,59.0,318.0,197.0,58.0
2017-03-08,61.0,7.0,51.0,286.0,195.0,65.0
2017-03-09,61.0,8.0,49.0,333.0,178.0,45.0
2017-03-10,53.0,12.0,56.0,316.0,171.0,55.0
2017-03-11,46.0,4.0,53.0,320.0,197.0,33.0
2017-03-12,44.0,4.0,52.0,248.0,163.0,39.0
2017-03-13,31.0,6.0,44.0,248.0,166.0,44.0
2017-03-14,27.0,5.0,41.0,206.0,132.0,55.0
2017-03-15,51.0,7.0,44.0,281.0,166.0,54.0
2017-03-16,50.0,10.0,53.0,321.0,183.0,46.0
2017-03-17,55.0,8.0,54.0,359.0,180.0,51.0
2017-03-18,36.0,9.0,39.0,355.0,200.0,35.0
2017-03-19,52.0,6.0,41.0,265.0,204.0,36.0
2017-03-20,42.0,7.0,51.0,331.0,196.0,62.0
2017-03-21,53.0,6.0,49.0,301.0,187.0,50.0
2017-03-22,44.0,6.0,38.0,328.0,195.0,34.0
2017-03-23,58.0,4.0,45.0,318.0,185.0,52.0
2017-03-24,66.0,6.0,49.0,379.0,221.0,56.0
2017-03-25,52.0,8.0,52.0,340.0,207.0,32.0
2017-03-26,50.0,10.0,48.0,332.0,221.0,41.0
2017-03-27,47.0,13.0,53.0,341.0,206.0,57.0
2017-03-28,39.0,10.0,47.0,333.0,196.0,48.0
2017-03-29,41.0,7.0,55.0,337.0,180.0,49.0
2017-03-30,50.0,9.0,43.0,347.0,183.0,52.0
2017-03-31,59.0,10.0,60.0,377.0,205.0,61.0
2017-04-01,45.0,9.0,50.0,407.0,203.0,74.0
2017-04-02,36.0,8.0,48.0,340.0,226.0,31.0
2017-04-03,42.0,5.0,41.0,355.0,184.0,60.0
2017-04-04,49.0,9.0,77.0,314.0,206.0,53.0
2017-04-05,26.0,8.0,47.0,320.0,176.0,54.0
2017-04-06,40.0,6.0,45.0,340.0,188.0,44.0
2017-04-07,61.0,7.0,56.0,357.0,165.0,54.0
2017-04-08,53.0,5.0,40.0,344.0,203.0,48.0
2017-04-09,58.0,6.0,48.0,351.0,264.0,31.0
2017-04-10,44.0,10.0,60.0,312.0,178.0,75.0
2017-04-11,78.0,7.0,63.0,331.0,172.0,50.0
2017-04-12,37.0,13.0,54.0,367.0,192.0,61.0
2017-04-13,51.0,7.0,45.0,333.0,170.0,56.0
2017-04-14,63.0,9.0,57.0,367.0,212.0,61.0
2017-04-15,47.0,15.0,44.0,396.0,254.0,55.0
2017-04-16,39.0,7.0,51.0,313.0,249.0,25.0
2017-04-17,38.0,8.0,63.0,352.0,223.0,54.0
2017-04-18,69.0,10.0,61.0,342.0,212.0,40.0
2017-04-19,52.0,7.0,52.0,389.0,197.0,57.0
2017-04-20,56.0,9.0,42.0,374.0,189.0,41.0
2017-04-21,83.0,4.0,74.0,394.0,202.0,56.0
2017-04-22,53.0,8.0,54.0,324.0,220.0,41.0
2017-04-23,55.0,7.0,52.0,335.0,226.0,27.0
2017-04-24,47.0,10.0,43.0,351.0,232.0,49.0
2017-04-25,57.0,11.0,53.0,381.0,201.0,53.0
2017-04-26,67.0,12.0,55.0,339.0,244.0,39.0
2017-04-27,54.0,10.0,63.0,337.0,201.0,49.0
2017-04-28,83.0,21.0,48.0,369.0,251.0,56.0
2017-04-29,37.0,7.0,41.0,325.0,164.0,39.0
2017-04-30,48.0,3.0,48.0,336.0,190.0,30.0
2017-05-01,41.0,6.0,73.0,369.0,213.0,112.0
2017-05-02,48.0,10.0,51.0,320.0,195.0,61.0
2017-05-03,52.0,8.0,57.0,354.0,215.0,53.0
2017-05-04,57.0,5.0,39.0,373.0,213.0,53.0
2017-05-05,68.0,12.0,63.0,353.0,233.0,64.0
2017-05-06,46.0,4.0,42.0,367.0,208.0,40.0
2017-05-07,24.0,10.0,40.0,311.0,221.0,24.0
2017-05-08,53.0,11.0,54.0,353.0,174.0,58.0
2017-05-09,50.0,5.0,53.0,348.0,200.0,49.0
2017-05-10,37.0,10.0,51.0,346.0,170.0,45.0
2017-05-11,58.0,5.0,42.0,377.0,213.0,35.0
2017-05-12,66.0,6.0,68.0,415.0,234.0,58.0
2017-05-13,61.0,14.0,52.0,351.0,208.0,37.0
2017-05-14,49.0,9.0,46.0,330.0,246.0,27.0
2017-05-15,55.0,10.0,59.0,422.0,247.0,74.0
2017-05-16,57.0,5.0,45.0,363.0,236.0,40.0
2017-05-17,52.0,9.0,43.0,400.0,286.0,38.0
2017-05-18,44.0,6.0,47.0,370.0,246.0,62.0
2017-05-19,59.0,4.0,44.0,407.0,203.0,59.0
2017-05-20,58.0,6.0,47.0,342.0,171.0,40.0
2017-05-21,56.0,8.0,60.0,357.0,283.0,25.0
2017-05-22,50.0,11.0,53.0,388.0,236.0,55.0
2017-05-23,58.0,9.0,58.0,347.0,218.0,42.0
2017-05-24,52.0,8.0,49.0,414.0,194.0,42.0
2017-05-25,46.0,9.0,61.0,361.0,228.0,54.0
2017-05-26,64.0,14.0,66.0,379.0,197.0,44.0
2017-05-27,78.0,22.0,33.0,380.0,249.0,39.0
2017-05-28,43.0,11.0,59.0,308.0,254.0,29.0
2017-05-29,57.0,11.0,52.0,354.0,263.0,28.0
2017-05-30,41.0,15.0,61.0,398.0,245.0,52.0
2017-05-31,51.0,9.0,58.0,352.0,219.0,46.0
2017-06-01,56.0,10.0,59.0,373.0,231.0,89.0
2017-06-02,60.0,6.0,44.0,432.0,245.0,51.0
2017-06-03,53.0,8.0,48.0,417.0,253.0,43.0
2017-06-04,52.0,9.0,40.0,398.0,283.0,36.0
2017-06-05,36.0,8.0,35.0,370.0,228.0,54.0
2017-06-06,48.0,8.0,45.0,411.0,243.0,64.0
2017-06-07,43.0,11.0,44.0,391.0,235.0,58.0
2017-06-08,40.0,13.0,49.0,400.0,211.0,55.0
2017-06-09,66.0,10.0,44.0,410.0,237.0,47.0
2017-06-10,55.0,5.0,46.0,382.0,254.0,39.0
2017-06-11,43.0,7.0,48.0,391.0,289.0,34.0
2017-06-12,54.0,3.0,43.0,369.0,228.0,42.0
2017-06-13,44.0,10.0,53.0,419.0,219.0,61.0
2017-06-14,32.0,6.0,52.0,409.0,213.0,50.0
2017-06-15,46.0,11.0,45.0,429.0,219.0,62.0
2017-06-16,59.0,11.0,57.0,394.0,245.0,65.0
2017-06-17,45.0,6.0,35.0,428.0,254.0,55.0
2017-06-18,32.0,10.0,39.0,380.0,287.0,34.0
2017-06-19,48.0,8.0,54.0,383.0,216.0,34.0
2017-06-20,45.0,8.0,36.0,441.0,224.0,47.0
2017-06-21,59.0,9.0,61.0,410.0,191.0,52.0
2017-06-22,40.0,9.0,47.0,445.0,206.0,68.0
2017-06-23,54.0,6.0,44.0,424.0,196.0,52.0
2017-06-24,52.0,4.0,44.0,415.0,258.0,44.0
2017-06-25,35.0,4.0,50.0,383.0,295.0,28.0
2017-06-26,43.0,11.0,54.0,411.0,216.0,50.0
2017-06-27,54.0,8.0,45.0,397.0,220.0,44.0
2017-06-28,44.0,7.0,45.0,378.0,183.0,44.0
2017-06-29,41.0,8.0,49.0,407.0,216.0,53.0
2017-06-30,54.0,9.0,51.0,402.0,214.0,42.0
2017-07-01,62.0,9.0,72.0,407.0,255.0,80.0
2017-07-02,56.0,12.0,45.0,395.0,248.0,21.0
2017-07-03,81.0,9.0,46.0,434.0,219.0,70.0
2017-07-04,51.0,15.0,51.0,388.0,257.0,31.0
2017-07-05,55.0,13.0,52.0,421.0,259.0,51.0
2017-07-06,46.0,9.0,46.0,410.0,219.0,44.0
2017-07-07,47.0,13.0,33.0,376.0,220.0,67.0
2017-07-08,51.0,9.0,48.0,374.0,231.0,45.0
2017-07-09,52.0,10.0,45.0,407.0,282.0,25.0
2017-07-10,64.0,8.0,49.0,408.0,192.0,58.0
2017-07-11,47.0,11.0,51.0,395.0,205.0,58.0
2017-07-12,39.0,4.0,47.0,387.0,170.0,40.0
2017-07-13,63.0,7.0,41.0,428.0,227.0,46.0
2017-07-14,55.0,14.0,40.0,406.0,229.0,50.0
2017-07-15,60.0,8.0,56.0,444.0,255.0,59.0
2017-07-16,58.0,10.0,44.0,401.0,267.0,32.0
2017-07-17,42.0,9.0,58.0,470.0,197.0,59.0
2017-07-18,55.0,8.0,53.0,395.0,214.0,63.0
2017-07-19,64.0,9.0,46.0,396.0,199.0,51.0
2017-07-20,50.0,4.0,52.0,401.0,201.0,49.0
2017-07-21,53.0,12.0,41.0,411.0,198.0,42.0
2017-07-22,47.0,3.0,38.0,393.0,232.0,37.0
2017-07-23,42.0,11.0,42.0,418.0,292.0,37.0
2017-07-24,45.0,5.0,61.0,392.0,201.0,75.0
2017-07-25,49.0,8.0,65.0,461.0,195.0,67.0
2017-07-26,55.0,11.0,52.0,382.0,199.0,51.0
2017-07-27,48.0,8.0,49.0,424.0,217.0,45.0
2017-07-28,49.0,6.0,50.0,469.0,211.0,64.0
2017-07-29,55.0,5.0,52.0,379.0,264.0,38.0
2017-07-30,50.0,9.0,45.0,394.0,285.0,33.0
2017-07-31,46.0,12.0,56.0,414.0,206.0,49.0
2017-08-01,50.0,3.0,84.0,480.0,215.0,75.0
2017-08-02,51.0,8.0,68.0,377.0,212.0,51.0
2017-08-03,51.0,8.0,45.0,453.0,224.0,64.0
2017-08-04,60.0,9.0,52.0,531.0,195.0,75.0
2017-08-05,41.0,7.0,60.0,534.0,223.0,59.0
2017-08-06,50.0,7.0,49.0,450.0,280.0,28.0
2017-08-07,54.0,7.0,42.0,422.0,195.0,51.0
2017-08-08,65.0,8.0,48.0,391.0,196.0,56.0
2017-08-09,54.0,9.0,51.0,379.0,218.0,59.0
2017-08-10,45.0,7.0,45.0,430.0,207.0,53.0
2017-08-11,49.0,9.0,36.0,432.0,201.0,38.0
2017-08-12,56.0,8.0,28.0,426.0,245.0,48.0
2017-08-13,37.0,7.0,49.0,370.0,237.0,29.0
2017-08-14,43.0,7.0,43.0,454.0,218.0,46.0
2017-08-15,34.0,6.0,38.0,468.0,195.0,47.0
2017-08-16,35.0,9.0,46.0,424.0,217.0,61.0
2017-08-17,45.0,8.0,56.0,412.0,189.0,54.0
2017-08-18,65.0,8.0,57.0,442.0,236.0,45.0
2017-08-19,57.0,16.0,42.0,457.0,270.0,47.0
2017-08-20,39.0,7.0,50.0,393.0,252.0,30.0
2017-08-21,32.0,9.0,37.0,397.0,224.0,50.0
2017-08-22,46.0,7.0,46.0,422.0,212.0,44.0
2017-08-23,49.0,8.0,47.0,408.0,193.0,40.0
2017-08-24,54.0,9.0,54.0,439.0,182.0,60.0
2017-08-25,94.0,6.0,31.0,388.0,192.0,53.0
2017-08-26,45.0,8.0,42.0,406.0,236.0,42.0
2017-08-27,33.0,9.0,39.0,395.0,249.0,28.0
2017-08-28,45.0,10.0,40.0,359.0,173.0,60.0
2017-08-29,65.0,15.0,41.0,366.0,189.0,48.0
2017-08-30,72.0,13.0,34.0,413.0,201.0,50.0
2017-08-31,77.0,15.0,47.0,328.0,209.0,51.0
2017-09-01,79.0,8.0,58.0,413.0,207.0,90.0
2017-09-02,74.0,8.0,49.0,386.0,214.0,35.0
2017-09-03,68.0,8.0,47.0,350.0,246.0,34.0
2017-09-04,66.0,6.0,53.0,316.0,245.0,27.0
2017-09-05,67.0,5.0,36.0,324.0,200.0,67.0
2017-09-06,47.0,10.0,33.0,336.0,162.0,57.0
2017-09-07,48.0,7.0,34.0,388.0,193.0,55.0
2017-09-08,40.0,11.0,42.0,361.0,199.0,46.0
2017-09-09,39.0,10.0,39.0,369.0,219.0,54.0
2017-09-10,41.0,9.0,39.0,358.0,252.0,37.0
2017-09-11,41.0,8.0,46.0,354.0,176.0,60.0
2017-09-12,55.0,6.0,38.0,366.0,197.0,58.0
2017-09-13,45.0,9.0,37.0,369.0,192.0,50.0
2017-09-14,44.0,3.0,44.0,368.0,211.0,60.0
2017-09-15,43.0,8.0,35.0,429.0,232.0,54.0
2017-09-16,53.0,12.0,45.0,431.0,247.0,40.0
2017-09-17,30.0,9.0,38.0,410.0,282.0,40.0
2017-09-18,34.0,11.0,42.0,394.0,227.0,64.0
2017-09-19,44.0,7.0,40.0,363.0,207.0,44.0
2017-09-20,49.0,11.0,48.0,409.0,246.0,61.0
2017-09-21,48.0,11.0,39.0,416.0,228.0,59.0
2017-09-22,59.0,6.0,46.0,403.0,236.0,43.0
2017-09-23,45.0,15.0,39.0,411.0,273.0,45.0
2017-09-24,41.0,4.0,43.0,398.0,281.0,39.0
2017-09-25,54.0,7.0,50.0,410.0,237.0,60.0
2017-09-26,48.0,8.0,48.0,375.0,212.0,55.0
2017-09-27,52.0,4.0,34.0,367.0,213.0,49.0
2017-09-28,45.0,6.0,45.0,359.0,211.0,45.0
2017-09-29,64.0,10.0,34.0,421.0,219.0,56.0
2017-09-30,45.0,6.0,29.0,385.0,225.0,51.0
2017-10-01,41.0,4.0,53.0,381.0,260.0,49.0
2017-10-02,41.0,8.0,42.0,396.0,208.0,52.0
2017-10-03,47.0,11.0,55.0,388.0,189.0,46.0
2017-10-04,44.0,8.0,43.0,403.0,193.0,45.0
2017-10-05,52.0,9.0,50.0,377.0,205.0,51.0
2017-10-06,52.0,5.0,47.0,386.0,202.0,55.0
2017-10-07,30.0,8.0,35.0,398.0,198.0,38.0
2017-10-08,33.0,12.0,25.0,365.0,250.0,30.0
2017-10-09,34.0,14.0,38.0,394.0,214.0,48.0
2017-10-10,32.0,10.0,46.0,373.0,180.0,53.0
2017-10-11,40.0,7.0,29.0,344.0,153.0,38.0
2017-10-12,46.0,7.0,52.0,394.0,198.0,67.0
2017-10-13,50.0,10.0,37.0,407.0,216.0,46.0
2017-10-14,26.0,4.0,38.0,353.0,188.0,33.0
2017-10-15,25.0,6.0,20.0,352.0,195.0,37.0
2017-10-16,31.0,10.0,47.0,422.0,196.0,48.0
2017-10-17,49.0,3.0,41.0,352.0,196.0,65.0
2017-10-18,48.0,9.0,46.0,399.0,212.0,56.0
2017-10-19,33.0,11.0,46.0,402.0,219.0,55.0
2017-10-20,51.0,5.0,40.0,459.0,228.0,57.0
2017-10-21,46.0,10.0,41.0,410.0,247.0,52.0
2017-10-22,41.0,7.0,37.0,385.0,232.0,30.0
2017-10-23,40.0,4.0,59.0,399.0,168.0,58.0
2017-10-24,48.0,6.0,39.0,378.0,165.0,47.0
2017-10-25,50.0,9.0,41.0,376.0,186.0,48.0
2017-10-26,61.0,11.0,39.0,378.0,194.0,59.0
2017-10-27,41.0,12.0,47.0,460.0,187.0,65.0
2017-10-28,36.0,8.0,48.0,388.0,189.0,48.0
2017-10-29,44.0,7.0,41.0,362.0,205.0,31.0
2017-10-30,47.0,7.0,37.0,376.0,187.0,50.0
2017-10-31,28.0,5.0,67.0,395.0,203.0,46.0
2017-11-01,44.0,7.0,46.0,376.0,205.0,79.0
2017-11-02,36.0,9.0,49.0,381.0,200.0,42.0
2017-11-03,48.0,5.0,37.0,441.0,179.0,72.0
2017-11-04,46.0,10.0,44.0,404.0,210.0,38.0
2017-11-05,52.0,6.0,36.0,389.0,242.0,45.0
2017-11-06,43.0,12.0,49.0,388.0,181.0,41.0
2017-11-07,45.0,15.0,46.0,356.0,171.0,41.0
2017-11-08,41.0,4.0,40.0,414.0,217.0,39.0
2017-11-09,54.0,7.0,48.0,315.0,173.0,50.0
2017-11-10,47.0,8.0,44.0,350.0,166.0,57.0
2017-11-11,37.0,6.0,34.0,373.0,191.0,45.0
2017-11-12,31.0,4.0,39.0,355.0,205.0,29.0
2017-11-13,40.0,10.0,42.0,371.0,189.0,61.0
2017-11-14,49.0,6.0,54.0,370.0,166.0,47.0
2017-11-15,43.0,3.0,52.0,367.0,184.0,52.0
2017-11-16,62.0,6.0,46.0,422.0,163.0,50.0
2017-11-17,51.0,6.0,48.0,397.0,163.0,54.0
2017-11-18,34.0,6.0,35.0,394.0,181.0,41.0
2017-11-19,39.0,5.0,26.0,361.0,223.0,32.0
2017-11-20,51.0,4.0,32.0,425.0,188.0,51.0
2017-11-21,45.0,5.0,39.0,373.0,168.0,39.0
2017-11-22,49.0,5.0,37.0,360.0,142.0,53.0
2017-11-23,15.0,3.0,24.0,290.0,185.0,25.0
2017-11-24,42.0,2.0,45.0,371.0,165.0,53.0
2017-11-25,41.0,4.0,43.0,394.0,203.0,26.0
2017-11-26,40.0,7.0,39.0,357.0,190.0,29.0
2017-11-27,34.0,6.0,47.0,429.0,194.0,58.0
2017-11-28,65.0,10.0,49.0,389.0,191.0,73.0
2017-11-29,44.0,6.0,54.0,408.0,192.0,60.0
2017-11-30,59.0,6.0,40.0,400.0,170.0,64.0
2017-12-01,53.0,6.0,51.0,435.0,224.0,65.0
2017-12-02,56.0,7.0,38.0,407.0,196.0,47.0
2017-12-03,25.0,9.0,36.0,352.0,222.0,31.0
2017-12-04,58.0,3.0,34.0,445.0,211.0,54.0
2017-12-05,44.0,8.0,43.0,360.0,172.0,69.0
2017-12-06,43.0,4.0,51.0,361.0,193.0,53.0
2017-12-07,32.0,5.0,37.0,334.0,160.0,52.0
2017-12-08,41.0,6.0,38.0,394.0,198.0,50.0
2017-12-09,31.0,10.0,29.0,365.0,175.0,45.0
2017-12-10,37.0,10.0,44.0,346.0,181.0,42.0
2017-12-11,27.0,8.0,52.0,405.0,178.0,59.0
2017-12-12,31.0,5.0,38.0,355.0,177.0,67.0
2017-12-13,42.0,2.0,48.0,363.0,181.0,54.0
2017-12-14,28.0,4.0,46.0,379.0,185.0,61.0
2017-12-15,32.0,7.0,73.0,387.0,186.0,71.0
2017-12-16,47.0,6.0,38.0,419.0,199.0,58.0
2017-12-17,50.0,6.0,31.0,378.0,198.0,58.0
2017-12-18,33.0,3.0,54.0,396.0,169.0,64.0
2017-12-19,33.0,6.0,51.0,430.0,185.0,46.0
2017-12-20,47.0,9.0,43.0,375.0,173.0,43.0
2017-12-21,43.0,6.0,35.0,412.0,175.0,62.0
2017-12-22,48.0,9.0,38.0,436.0,179.0,61.0
2017-12-23,30.0,4.0,38.0,391.0,207.0,40.0
2017-12-24,14.0,1.0,20.0,291.0,149.0,21.0
2017-12-25,5.0,1.0,21.0,190.0,160.0,14.0
2017-12-26,25.0,9.0,36.0,269.0,136.0,46.0
2017-12-27,32.0,3.0,40.0,266.0,127.0,43.0
2017-12-28,37.0,6.0,41.0,331.0,122.0,51.0
2017-12-29,31.0,6.0,37.0,302.0,139.0,45.0
2017-12-30,36.0,6.0,35.0,302.0,173.0,60.0
2017-12-31,32.0,3.0,25.0,287.0,171.0,23.0
