Date,Consensual,Disturbance,Property,Violent,White Collar,Total
2015-01-01,12.0,48.0,833.0,381.0,25.0,1299.0
2015-01-02,3.0,14.0,347.0,122.0,26.0,512.0
2015-01-03,2.0,15.0,319.0,139.0,14.0,489.0
2015-01-04,5.0,11.0,325.0,151.0,14.0,506.0
2015-01-05,5.0,21.0,432.0,141.0,21.0,620.0
2015-01-06,3.0,9.0,324.0,148.0,18.0,502.0
2015-01-07,4.0,20.0,342.0,125.0,23.0,514.0
2015-01-08,5.0,16.0,376.0,118.0,24.0,539.0
2015-01-09,8.0,12.0,425.0,156.0,15.0,616.0
2015-01-10,2.0,17.0,411.0,162.0,11.0,603.0
2015-01-11,3.0,10.0,319.0,160.0,11.0,503.0
2015-01-12,5.0,15.0,363.0,119.0,15.0,517.0
2015-01-13,6.0,20.0,328.0,127.0,15.0,496.0
2015-01-14,2.0,21.0,382.0,148.0,11.0,564.0
2015-01-15,8.0,25.0,454.0,122.0,16.0,625.0
2015-01-16,5.0,18.0,403.0,132.0,15.0,573.0
2015-01-17,3.0,14.0,368.0,167.0,10.0,562.0
2015-01-18,4.0,10.0,348.0,136.0,7.0,505.0
2015-01-19,5.0,16.0,312.0,141.0,8.0,482.0
2015-01-20,3.0,17.0,438.0,122.0,14.0,594.0
2015-01-21,3.0,23.0,393.0,129.0,10.0,558.0
2015-01-22,6.0,15.0,364.0,157.0,21.0,563.0
2015-01-23,13.0,17.0,411.0,129.0,8.0,578.0
2015-01-24,7.0,15.0,356.0,171.0,17.0,566.0
2015-01-25,6.0,18.0,352.0,158.0,6.0,540.0
2015-01-26,2.0,14.0,431.0,170.0,21.0,638.0
2015-01-27,3.0,28.0,377.0,141.0,21.0,570.0
2015-01-28,6.0,18.0,358.0,137.0,9.0,528.0
2015-01-29,8.0,16.0,370.0,150.0,14.0,558.0
2015-01-30,5.0,18.0,415.0,154.0,16.0,608.0
2015-01-31,3.0,23.0,349.0,178.0,12.0,565.0
2015-02-01,5.0,34.0,464.0,226.0,16.0,745.0
2015-02-02,3.0,24.0,392.0,140.0,25.0,584.0
2015-02-03,6.0,16.0,367.0,106.0,23.0,518.0
2015-02-04,1.0,20.0,369.0,147.0,19.0,556.0
2015-02-05,4.0,17.0,361.0,138.0,14.0,534.0
2015-02-06,7.0,29.0,369.0,159.0,16.0,580.0
2015-02-07,6.0,23.0,368.0,137.0,11.0,545.0
2015-02-08,8.0,14.0,292.0,192.0,12.0,518.0
2015-02-09,11.0,20.0,374.0,145.0,15.0,565.0
2015-02-10,5.0,23.0,355.0,126.0,12.0,521.0
2015-02-11,3.0,28.0,374.0,123.0,13.0,541.0
2015-02-12,4.0,21.0,413.0,154.0,15.0,607.0
2015-02-13,10.0,19.0,432.0,154.0,16.0,631.0
2015-02-14,7.0,26.0,357.0,177.0,6.0,573.0
2015-02-15,4.0,20.0,390.0,168.0,12.0,594.0
2015-02-16,3.0,14.0,385.0,155.0,8.0,565.0
2015-02-17,1.0,15.0,369.0,116.0,13.0,514.0
2015-02-18,5.0,21.0,383.0,136.0,15.0,560.0
2015-02-19,4.0,15.0,378.0,164.0,19.0,580.0
2015-02-20,5.0,13.0,429.0,144.0,13.0,604.0
2015-02-21,6.0,20.0,363.0,149.0,11.0,549.0
2015-02-22,7.0,15.0,328.0,164.0,7.0,521.0
2015-02-23,4.0,18.0,351.0,147.0,13.0,533.0
2015-02-24,5.0,26.0,343.0,135.0,16.0,525.0
2015-02-25,5.0,17.0,376.0,120.0,24.0,542.0
2015-02-26,14.0,17.0,370.0,142.0,17.0,560.0
2015-02-27,6.0,26.0,396.0,151.0,18.0,597.0
2015-02-28,3.0,13.0,338.0,156.0,16.0,526.0
2015-03-01,7.0,36.0,508.0,225.0,24.0,800.0
2015-03-02,6.0,6.0,416.0,138.0,19.0,585.0
2015-03-03,,11.0,385.0,141.0,15.0,
2015-03-04,3.0,20.0,334.0,138.0,14.0,509.0
2015-03-05,4.0,21.0,355.0,138.0,14.0,532.0
2015-03-06,10.0,17.0,413.0,150.0,15.0,605.0
2015-03-07,7.0,23.0,363.0,179.0,10.0,582.0
2015-03-08,6.0,16.0,292.0,156.0,5.0,475.0
2015-03-09,10.0,19.0,363.0,150.0,17.0,559.0
2015-03-10,5.0,19.0,368.0,160.0,14.0,566.0
2015-03-11,2.0,14.0,368.0,169.0,22.0,575.0
2015-03-12,3.0,22.0,349.0,147.0,20.0,541.0
2015-03-13,5.0,18.0,369.0,169.0,11.0,572.0
2015-03-14,5.0,14.0,389.0,197.0,14.0,619.0
2015-03-15,10.0,15.0,381.0,191.0,9.0,606.0
2015-03-16,2.0,26.0,377.0,171.0,10.0,586.0
2015-03-17,4.0,20.0,375.0,148.0,17.0,564.0
2015-03-18,4.0,21.0,322.0,150.0,14.0,511.0
2015-03-19,9.0,28.0,338.0,143.0,12.0,530.0
2015-03-20,2.0,23.0,433.0,167.0,14.0,639.0
2015-03-21,5.0,16.0,335.0,188.0,12.0,556.0
2015-03-22,1.0,11.0,347.0,198.0,6.0,563.0
2015-03-23,10.0,11.0,377.0,151.0,12.0,561.0
2015-03-24,1.0,17.0,371.0,173.0,11.0,573.0
2015-03-25,6.0,22.0,369.0,165.0,13.0,575.0
2015-03-26,5.0,16.0,378.0,169.0,13.0,581.0
2015-03-27,7.0,23.0,411.0,171.0,16.0,628.0
2015-03-28,4.0,9.0,354.0,215.0,13.0,595.0
2015-03-29,1.0,9.0,313.0,169.0,7.0,499.0
2015-03-30,7.0,18.0,380.0,136.0,17.0,558.0
2015-03-31,6.0,22.0,380.0,158.0,11.0,577.0
2015-04-01,5.0,34.0,530.0,172.0,31.0,772.0
2015-04-02,9.0,15.0,353.0,136.0,13.0,526.0
2015-04-03,6.0,14.0,406.0,177.0,23.0,626.0
2015-04-04,6.0,15.0,314.0,176.0,11.0,522.0
2015-04-05,5.0,11.0,279.0,191.0,14.0,500.0
2015-04-06,5.0,22.0,324.0,157.0,10.0,518.0
2015-04-07,4.0,20.0,336.0,132.0,16.0,508.0
2015-04-08,4.0,22.0,316.0,127.0,20.0,489.0
2015-04-09,1.0,12.0,351.0,150.0,17.0,531.0
2015-04-10,6.0,22.0,396.0,145.0,15.0,584.0
2015-04-11,7.0,8.0,339.0,181.0,10.0,545.0
2015-04-12,4.0,17.0,319.0,171.0,4.0,515.0
2015-04-13,3.0,27.0,374.0,163.0,15.0,582.0
2015-04-14,6.0,22.0,365.0,139.0,22.0,554.0
2015-04-15,4.0,26.0,424.0,179.0,17.0,650.0
2015-04-16,7.0,12.0,374.0,163.0,11.0,567.0
2015-04-17,7.0,19.0,400.0,148.0,16.0,590.0
2015-04-18,10.0,14.0,337.0,195.0,18.0,574.0
2015-04-19,3.0,14.0,322.0,184.0,7.0,530.0
2015-04-20,3.0,23.0,361.0,157.0,18.0,562.0
2015-04-21,1.0,14.0,360.0,135.0,16.0,526.0
2015-04-22,5.0,16.0,387.0,141.0,20.0,569.0
2015-04-23,3.0,20.0,356.0,146.0,10.0,535.0
2015-04-24,5.0,10.0,382.0,128.0,18.0,543.0
2015-04-25,3.0,13.0,367.0,156.0,8.0,547.0
2015-04-26,11.0,21.0,351.0,159.0,6.0,548.0
2015-04-27,,11.0,375.0,142.0,7.0,
2015-04-28,3.0,27.0,365.0,150.0,20.0,565.0
2015-04-29,5.0,14.0,348.0,169.0,12.0,548.0
2015-04-30,8.0,17.0,348.0,175.0,20.0,568.0
2015-05-01,5.0,34.0,530.0,233.0,30.0,832.0
2015-05-02,3.0,14.0,363.0,215.0,15.0,610.0
2015-05-03,7.0,11.0,334.0,181.0,3.0,536.0
2015-05-04,2.0,24.0,343.0,148.0,18.0,535.0
2015-05-05,4.0,17.0,385.0,136.0,20.0,562.0
2015-05-06,7.0,16.0,330.0,140.0,15.0,508.0
2015-05-07,9.0,14.0,379.0,115.0,10.0,527.0
2015-05-08,4.0,27.0,361.0,135.0,19.0,546.0
2015-05-09,5.0,16.0,338.0,178.0,7.0,544.0
2015-05-10,10.0,18.0,318.0,168.0,11.0,525.0
2015-05-11,2.0,19.0,390.0,151.0,21.0,583.0
2015-05-12,4.0,25.0,376.0,156.0,10.0,571.0
2015-05-13,2.0,22.0,345.0,151.0,7.0,527.0
2015-05-14,3.0,21.0,361.0,135.0,13.0,533.0
2015-05-15,9.0,21.0,431.0,198.0,24.0,683.0
2015-05-16,2.0,22.0,337.0,180.0,10.0,551.0
2015-05-17,5.0,12.0,307.0,182.0,9.0,515.0
2015-05-18,1.0,11.0,370.0,158.0,13.0,553.0
2015-05-19,5.0,14.0,405.0,157.0,19.0,600.0
2015-05-20,5.0,12.0,394.0,160.0,20.0,591.0
2015-05-21,5.0,21.0,403.0,150.0,23.0,602.0
2015-05-22,12.0,23.0,394.0,139.0,18.0,586.0
2015-05-23,6.0,20.0,345.0,124.0,12.0,507.0
2015-05-24,9.0,19.0,353.0,186.0,9.0,576.0
2015-05-25,5.0,16.0,333.0,169.0,11.0,534.0
2015-05-26,2.0,26.0,332.0,167.0,18.0,545.0
2015-05-27,4.0,19.0,354.0,145.0,12.0,534.0
2015-05-28,1.0,18.0,377.0,144.0,17.0,557.0
2015-05-29,8.0,22.0,417.0,152.0,17.0,616.0
2015-05-30,8.0,17.0,386.0,195.0,13.0,619.0
2015-05-31,3.0,16.0,354.0,176.0,3.0,552.0
2015-06-01,5.0,39.0,542.0,236.0,37.0,859.0
2015-06-02,5.0,14.0,351.0,169.0,21.0,560.0
2015-06-03,5.0,17.0,335.0,143.0,22.0,522.0
2015-06-04,4.0,10.0,343.0,165.0,22.0,544.0
2015-06-05,7.0,17.0,375.0,164.0,18.0,581.0
2015-06-06,9.0,21.0,355.0,176.0,7.0,568.0
2015-06-07,2.0,7.0,283.0,206.0,6.0,504.0
2015-06-08,3.0,18.0,352.0,161.0,18.0,552.0
2015-06-09,4.0,14.0,371.0,138.0,18.0,545.0
2015-06-10,7.0,14.0,363.0,158.0,16.0,558.0
2015-06-11,8.0,23.0,412.0,156.0,16.0,615.0
2015-06-12,7.0,18.0,401.0,171.0,21.0,618.0
2015-06-13,5.0,18.0,346.0,161.0,12.0,542.0
2015-06-14,11.0,21.0,289.0,174.0,11.0,506.0
2015-06-15,4.0,24.0,436.0,170.0,16.0,650.0
2015-06-16,2.0,16.0,319.0,151.0,9.0,497.0
2015-06-17,2.0,18.0,375.0,160.0,19.0,574.0
2015-06-18,6.0,16.0,402.0,139.0,10.0,573.0
2015-06-19,7.0,18.0,381.0,177.0,9.0,592.0
2015-06-20,4.0,23.0,376.0,195.0,8.0,606.0
2015-06-21,7.0,23.0,298.0,204.0,11.0,543.0
2015-06-22,1.0,20.0,337.0,183.0,24.0,565.0
2015-06-23,5.0,24.0,354.0,155.0,13.0,551.0
2015-06-24,4.0,20.0,364.0,153.0,19.0,560.0
2015-06-25,6.0,16.0,332.0,155.0,19.0,528.0
2015-06-26,6.0,20.0,433.0,179.0,11.0,649.0
2015-06-27,3.0,21.0,370.0,190.0,12.0,596.0
2015-06-28,3.0,14.0,330.0,211.0,4.0,562.0
2015-06-29,7.0,25.0,385.0,164.0,12.0,593.0
2015-06-30,5.0,16.0,366.0,156.0,10.0,553.0
2015-07-01,8.0,23.0,529.0,212.0,20.0,792.0
2015-07-02,1.0,14.0,340.0,169.0,12.0,536.0
2015-07-03,4.0,22.0,408.0,175.0,22.0,631.0
2015-07-04,4.0,19.0,334.0,229.0,8.0,594.0
2015-07-05,3.0,22.0,330.0,176.0,11.0,542.0
2015-07-06,2.0,17.0,400.0,160.0,18.0,597.0
2015-07-07,3.0,13.0,355.0,143.0,14.0,528.0
2015-07-08,5.0,17.0,381.0,159.0,20.0,582.0
2015-07-09,6.0,20.0,369.0,146.0,11.0,552.0
2015-07-10,4.0,16.0,352.0,167.0,23.0,562.0
2015-07-11,5.0,13.0,327.0,193.0,11.0,549.0
2015-07-12,8.0,22.0,323.0,166.0,8.0,527.0
2015-07-13,4.0,15.0,410.0,151.0,16.0,596.0
2015-07-14,6.0,14.0,356.0,150.0,19.0,545.0
2015-07-15,6.0,19.0,443.0,176.0,18.0,662.0
2015-07-16,6.0,20.0,332.0,135.0,19.0,512.0
2015-07-17,6.0,22.0,389.0,179.0,15.0,611.0
2015-07-18,5.0,13.0,328.0,167.0,10.0,523.0
2015-07-19,6.0,18.0,348.0,215.0,4.0,591.0
2015-07-20,2.0,28.0,418.0,174.0,18.0,640.0
2015-07-21,5.0,25.0,387.0,167.0,21.0,605.0
2015-07-22,3.0,24.0,358.0,177.0,24.0,586.0
2015-07-23,6.0,18.0,387.0,170.0,15.0,596.0
2015-07-24,5.0,26.0,383.0,160.0,12.0,586.0
2015-07-25,1.0,12.0,405.0,200.0,12.0,630.0
2015-07-26,6.0,13.0,363.0,224.0,8.0,614.0
2015-07-27,1.0,23.0,419.0,187.0,18.0,648.0
2015-07-28,1.0,22.0,422.0,157.0,10.0,612.0
2015-07-29,7.0,23.0,419.0,151.0,14.0,614.0
2015-07-30,8.0,18.0,392.0,175.0,16.0,609.0
2015-07-31,5.0,15.0,441.0,184.0,12.0,657.0
2015-08-01,3.0,36.0,525.0,274.0,25.0,863.0
2015-08-02,4.0,18.0,399.0,193.0,9.0,623.0
2015-08-03,9.0,21.0,422.0,158.0,18.0,628.0
2015-08-04,2.0,17.0,386.0,144.0,20.0,569.0
2015-08-05,7.0,13.0,404.0,174.0,21.0,619.0
2015-08-06,3.0,22.0,371.0,178.0,22.0,596.0
2015-08-07,4.0,15.0,399.0,138.0,16.0,572.0
2015-08-08,3.0,15.0,342.0,187.0,10.0,557.0
2015-08-09,10.0,11.0,333.0,178.0,7.0,539.0
2015-08-10,3.0,25.0,382.0,152.0,18.0,580.0
2015-08-11,7.0,10.0,328.0,163.0,14.0,522.0
2015-08-12,6.0,22.0,381.0,161.0,16.0,586.0
2015-08-13,9.0,12.0,381.0,145.0,9.0,556.0
2015-08-14,4.0,14.0,419.0,133.0,18.0,588.0
2015-08-15,4.0,27.0,420.0,193.0,15.0,659.0
2015-08-16,8.0,18.0,374.0,185.0,7.0,592.0
2015-08-17,6.0,22.0,405.0,156.0,11.0,600.0
2015-08-18,5.0,21.0,328.0,171.0,24.0,549.0
2015-08-19,6.0,23.0,387.0,175.0,20.0,611.0
2015-08-20,5.0,17.0,402.0,195.0,18.0,637.0
2015-08-21,5.0,28.0,414.0,174.0,14.0,635.0
2015-08-22,9.0,13.0,397.0,210.0,10.0,639.0
2015-08-23,3.0,14.0,358.0,203.0,7.0,585.0
2015-08-24,1.0,21.0,423.0,170.0,18.0,633.0
2015-08-25,,14.0,411.0,175.0,16.0,
2015-08-26,1.0,18.0,394.0,156.0,15.0,584.0
2015-08-27,3.0,16.0,359.0,170.0,15.0,563.0
2015-08-28,5.0,17.0,399.0,186.0,23.0,630.0
2015-08-29,9.0,17.0,377.0,219.0,12.0,634.0
2015-08-30,13.0,13.0,315.0,205.0,9.0,555.0
2015-08-31,6.0,20.0,388.0,153.0,27.0,594.0
2015-09-01,3.0,34.0,544.0,212.0,24.0,817.0
2015-09-02,4.0,16.0,349.0,141.0,19.0,529.0
2015-09-03,9.0,24.0,384.0,151.0,25.0,593.0
2015-09-04,7.0,18.0,419.0,144.0,15.0,603.0
2015-09-05,4.0,27.0,374.0,168.0,15.0,588.0
2015-09-06,2.0,12.0,312.0,194.0,7.0,527.0
2015-09-07,1.0,13.0,324.0,211.0,9.0,558.0
2015-09-08,5.0,22.0,361.0,165.0,18.0,571.0
2015-09-09,6.0,13.0,342.0,184.0,15.0,560.0
2015-09-10,7.0,17.0,373.0,184.0,15.0,596.0
2015-09-11,8.0,31.0,405.0,207.0,15.0,666.0
2015-09-12,7.0,14.0,330.0,197.0,17.0,565.0
2015-09-13,4.0,18.0,357.0,215.0,10.0,604.0
2015-09-14,2.0,18.0,393.0,156.0,17.0,586.0
2015-09-15,8.0,23.0,434.0,153.0,14.0,632.0
2015-09-16,5.0,16.0,392.0,138.0,19.0,570.0
2015-09-17,1.0,22.0,383.0,158.0,13.0,577.0
2015-09-18,5.0,21.0,448.0,167.0,21.0,662.0
2015-09-19,3.0,11.0,343.0,194.0,13.0,564.0
2015-09-20,4.0,14.0,365.0,240.0,15.0,638.0
2015-09-21,3.0,18.0,348.0,188.0,17.0,574.0
2015-09-22,2.0,20.0,394.0,162.0,7.0,585.0
2015-09-23,7.0,20.0,377.0,166.0,19.0,589.0
2015-09-24,6.0,15.0,404.0,188.0,14.0,627.0
2015-09-25,7.0,18.0,410.0,190.0,13.0,638.0
2015-09-26,4.0,30.0,380.0,216.0,16.0,646.0
2015-09-27,5.0,22.0,327.0,204.0,7.0,565.0
2015-09-28,5.0,21.0,379.0,183.0,13.0,601.0
2015-09-29,8.0,17.0,383.0,163.0,19.0,590.0
2015-09-30,7.0,16.0,403.0,173.0,23.0,622.0
2015-10-01,7.0,34.0,522.0,209.0,25.0,797.0
2015-10-02,4.0,18.0,399.0,159.0,10.0,590.0
2015-10-03,5.0,20.0,397.0,212.0,18.0,652.0
2015-10-04,6.0,14.0,301.0,202.0,9.0,532.0
2015-10-05,8.0,22.0,401.0,140.0,13.0,584.0
2015-10-06,3.0,17.0,343.0,159.0,21.0,543.0
2015-10-07,4.0,25.0,350.0,160.0,23.0,562.0
2015-10-08,5.0,16.0,387.0,192.0,16.0,616.0
2015-10-09,7.0,19.0,410.0,179.0,12.0,627.0
2015-10-10,2.0,17.0,400.0,211.0,15.0,645.0
2015-10-11,4.0,12.0,351.0,213.0,7.0,587.0
2015-10-12,5.0,16.0,374.0,184.0,18.0,597.0
2015-10-13,5.0,11.0,361.0,183.0,16.0,576.0
2015-10-14,8.0,23.0,383.0,161.0,16.0,591.0
2015-10-15,6.0,27.0,490.0,190.0,13.0,726.0
2015-10-16,5.0,16.0,491.0,171.0,13.0,696.0
2015-10-17,8.0,18.0,411.0,223.0,10.0,670.0
2015-10-18,1.0,19.0,354.0,185.0,10.0,569.0
2015-10-19,3.0,16.0,394.0,159.0,13.0,585.0
2015-10-20,4.0,11.0,434.0,173.0,12.0,634.0
2015-10-21,5.0,12.0,400.0,124.0,11.0,552.0
2015-10-22,7.0,12.0,343.0,160.0,10.0,532.0
2015-10-23,4.0,21.0,416.0,162.0,18.0,621.0
2015-10-24,6.0,18.0,339.0,193.0,7.0,563.0
2015-10-25,5.0,21.0,359.0,205.0,15.0,605.0
2015-10-26,4.0,14.0,408.0,136.0,14.0,576.0
2015-10-27,1.0,18.0,399.0,162.0,16.0,596.0
2015-10-28,5.0,25.0,394.0,157.0,17.0,598.0
2015-10-29,6.0,20.0,383.0,146.0,15.0,570.0
2015-10-30,4.0,25.0,414.0,150.0,9.0,602.0
2015-10-31,9.0,19.0,472.0,223.0,10.0,733.0
2015-11-01,5.0,37.0,546.0,283.0,27.0,898.0
2015-11-02,3.0,14.0,364.0,144.0,21.0,546.0
2015-11-03,,10.0,375.0,113.0,12.0,
2015-11-04,6.0,15.0,330.0,154.0,20.0,525.0
2015-11-05,5.0,18.0,350.0,130.0,17.0,520.0
2015-11-06,7.0,13.0,408.0,150.0,11.0,589.0
2015-11-07,2.0,18.0,360.0,141.0,7.0,528.0
2015-11-08,2.0,22.0,322.0,172.0,12.0,530.0
2015-11-09,7.0,10.0,416.0,117.0,18.0,568.0
2015-11-10,,15.0,374.0,112.0,16.0,
2015-11-11,2.0,16.0,349.0,112.0,12.0,491.0
2015-11-12,6.0,16.0,372.0,134.0,15.0,543.0
2015-11-13,8.0,14.0,435.0,130.0,19.0,606.0
2015-11-14,3.0,17.0,399.0,147.0,13.0,579.0
2015-11-15,4.0,14.0,418.0,200.0,12.0,648.0
2015-11-16,6.0,16.0,384.0,170.0,23.0,599.0
2015-11-17,4.0,21.0,375.0,126.0,18.0,544.0
2015-11-18,4.0,17.0,370.0,174.0,16.0,581.0
2015-11-19,8.0,14.0,368.0,159.0,11.0,560.0
2015-11-20,5.0,17.0,466.0,148.0,18.0,654.0
2015-11-21,4.0,13.0,403.0,162.0,7.0,589.0
2015-11-22,7.0,17.0,386.0,181.0,13.0,604.0
2015-11-23,4.0,15.0,418.0,140.0,23.0,600.0
2015-11-24,5.0,20.0,377.0,147.0,14.0,563.0
2015-11-25,5.0,6.0,439.0,146.0,15.0,611.0
2015-11-26,1.0,14.0,284.0,126.0,4.0,429.0
2015-11-27,4.0,11.0,340.0,140.0,16.0,511.0
2015-11-28,,14.0,391.0,159.0,8.0,
2015-11-29,7.0,16.0,338.0,173.0,7.0,541.0
2015-11-30,4.0,17.0,399.0,135.0,14.0,569.0
2015-12-01,4.0,29.0,533.0,208.0,30.0,804.0
2015-12-02,5.0,31.0,347.0,140.0,15.0,538.0
2015-12-03,1.0,21.0,390.0,137.0,16.0,565.0
2015-12-04,,19.0,427.0,158.0,13.0,
2015-12-05,6.0,15.0,373.0,160.0,13.0,567.0
2015-12-06,4.0,17.0,399.0,167.0,7.0,594.0
2015-12-07,1.0,18.0,373.0,140.0,16.0,548.0
2015-12-08,3.0,17.0,361.0,148.0,9.0,538.0
2015-12-09,2.0,24.0,383.0,183.0,19.0,611.0
2015-12-10,4.0,21.0,377.0,159.0,21.0,582.0
2015-12-11,2.0,15.0,439.0,151.0,13.0,620.0
2015-12-12,5.0,9.0,389.0,165.0,11.0,579.0
2015-12-13,3.0,21.0,388.0,182.0,8.0,602.0
2015-12-14,3.0,15.0,364.0,145.0,16.0,543.0
2015-12-15,3.0,22.0,491.0,150.0,21.0,687.0
2015-12-16,9.0,15.0,386.0,129.0,15.0,554.0
2015-12-17,5.0,11.0,346.0,139.0,15.0,516.0
2015-12-18,2.0,13.0,410.0,149.0,22.0,596.0
2015-12-19,1.0,19.0,383.0,171.0,12.0,586.0
2015-12-20,3.0,14.0,410.0,163.0,12.0,602.0
2015-12-21,5.0,13.0,443.0,143.0,14.0,618.0
2015-12-22,3.0,9.0,411.0,128.0,16.0,567.0
2015-12-23,3.0,16.0,451.0,135.0,16.0,621.0
2015-12-24,6.0,13.0,418.0,171.0,13.0,621.0
2015-12-25,8.0,16.0,266.0,166.0,3.0,459.0
2015-12-26,10.0,13.0,343.0,134.0,7.0,507.0
2015-12-27,4.0,17.0,319.0,152.0,7.0,499.0
2015-12-28,3.0,11.0,364.0,135.0,28.0,541.0
2015-12-29,4.0,10.0,362.0,125.0,11.0,512.0
2015-12-30,1.0,8.0,388.0,135.0,13.0,545.0
2015-12-31,8.0,11.0,431.0,150.0,20.0,620.0
2016-01-01,8.0,44.0,707.0,375.0,28.0,1162.0
2016-01-02,4.0,9.0,365.0,137.0,13.0,528.0
2016-01-03,1.0,9.0,316.0,167.0,8.0,501.0
2016-01-04,2.0,15.0,387.0,133.0,22.0,559.0
2016-01-05,1.0,16.0,428.0,147.0,20.0,612.0
2016-01-06,2.0,10.0,356.0,110.0,17.0,495.0
2016-01-07,10.0,16.0,376.0,139.0,14.0,555.0
2016-01-08,7.0,18.0,416.0,136.0,15.0,592.0
2016-01-09,4.0,9.0,386.0,142.0,11.0,552.0
2016-01-10,7.0,15.0,346.0,140.0,5.0,513.0
2016-01-11,6.0,29.0,383.0,158.0,26.0,602.0
2016-01-12,6.0,11.0,355.0,126.0,12.0,510.0
2016-01-13,6.0,21.0,378.0,138.0,12.0,555.0
2016-01-14,4.0,22.0,402.0,127.0,19.0,574.0
2016-01-15,7.0,29.0,498.0,157.0,22.0,713.0
2016-01-16,2.0,15.0,416.0,171.0,19.0,623.0
2016-01-17,3.0,11.0,381.0,182.0,7.0,584.0
2016-01-18,5.0,25.0,399.0,142.0,10.0,581.0
2016-01-19,4.0,11.0,404.0,123.0,21.0,563.0
2016-01-20,9.0,18.0,405.0,157.0,22.0,611.0
2016-01-21,3.0,13.0,449.0,172.0,24.0,661.0
2016-01-22,8.0,21.0,456.0,160.0,16.0,661.0
2016-01-23,6.0,17.0,400.0,167.0,9.0,599.0
2016-01-24,3.0,20.0,378.0,160.0,7.0,568.0
2016-01-25,4.0,19.0,428.0,146.0,21.0,618.0
2016-01-26,4.0,15.0,402.0,140.0,23.0,584.0
2016-01-27,6.0,12.0,369.0,135.0,19.0,541.0
2016-01-28,3.0,22.0,404.0,135.0,19.0,583.0
2016-01-29,5.0,20.0,439.0,179.0,22.0,665.0
2016-01-30,7.0,12.0,392.0,143.0,6.0,560.0
2016-01-31,8.0,11.0,352.0,153.0,8.0,532.0
2016-02-01,7.0,48.0,578.0,182.0,33.0,848.0
2016-02-02,5.0,19.0,416.0,131.0,19.0,590.0
2016-02-03,6.0,20.0,419.0,140.0,16.0,601.0
2016-02-04,4.0,13.0,383.0,125.0,21.0,546.0
2016-02-05,6.0,18.0,416.0,182.0,25.0,647.0
2016-02-06,8.0,18.0,343.0,167.0,16.0,552.0
2016-02-07,4.0,18.0,364.0,209.0,10.0,605.0
2016-02-08,6.0,21.0,347.0,172.0,20.0,566.0
2016-02-09,3.0,22.0,379.0,169.0,20.0,593.0
2016-02-10,3.0,17.0,376.0,169.0,16.0,581.0
2016-02-11,9.0,13.0,390.0,132.0,12.0,556.0
2016-02-12,3.0,24.0,356.0,175.0,15.0,573.0
2016-02-13,7.0,12.0,357.0,169.0,8.0,553.0
2016-02-14,4.0,16.0,286.0,213.0,6.0,525.0
2016-02-15,8.0,17.0,345.0,173.0,10.0,553.0
2016-02-16,4.0,25.0,368.0,165.0,19.0,581.0
2016-02-17,3.0,14.0,397.0,144.0,18.0,576.0
2016-02-18,4.0,15.0,383.0,156.0,17.0,575.0
2016-02-19,5.0,19.0,409.0,175.0,13.0,621.0
2016-02-20,4.0,20.0,384.0,181.0,11.0,600.0
2016-02-21,3.0,17.0,359.0,202.0,10.0,591.0
2016-02-22,5.0,18.0,359.0,160.0,19.0,561.0
2016-02-23,3.0,19.0,359.0,150.0,14.0,545.0
2016-02-24,4.0,11.0,389.0,165.0,18.0,587.0
2016-02-25,3.0,14.0,355.0,145.0,19.0,536.0
2016-02-26,3.0,17.0,402.0,190.0,26.0,638.0
2016-02-27,6.0,10.0,364.0,223.0,19.0,622.0
2016-02-28,,23.0,342.0,220.0,9.0,
2016-02-29,2.0,19.0,360.0,156.0,20.0,557.0
2016-03-01,8.0,30.0,513.0,206.0,34.0,791.0
2016-03-02,4.0,17.0,366.0,144.0,15.0,546.0
2016-03-03,6.0,15.0,368.0,128.0,17.0,534.0
2016-03-04,5.0,9.0,400.0,152.0,16.0,582.0
2016-03-05,5.0,11.0,395.0,172.0,8.0,591.0
2016-03-06,5.0,23.0,345.0,176.0,7.0,556.0
2016-03-07,2.0,12.0,387.0,142.0,17.0,560.0
2016-03-08,7.0,16.0,389.0,146.0,26.0,584.0
2016-03-09,7.0,10.0,368.0,155.0,17.0,557.0
2016-03-10,11.0,16.0,401.0,147.0,15.0,590.0
2016-03-11,5.0,18.0,376.0,128.0,19.0,546.0
2016-03-12,9.0,23.0,347.0,179.0,18.0,576.0
2016-03-13,6.0,12.0,319.0,218.0,6.0,561.0
2016-03-14,7.0,23.0,359.0,186.0,24.0,599.0
2016-03-15,6.0,18.0,384.0,161.0,20.0,589.0
2016-03-16,3.0,15.0,401.0,175.0,8.0,602.0
2016-03-17,8.0,26.0,336.0,177.0,22.0,569.0
2016-03-18,4.0,11.0,395.0,167.0,14.0,591.0
2016-03-19,4.0,17.0,380.0,168.0,10.0,579.0
2016-03-20,7.0,16.0,354.0,166.0,5.0,548.0
2016-03-21,4.0,19.0,358.0,152.0,29.0,562.0
2016-03-22,4.0,19.0,373.0,159.0,16.0,571.0
2016-03-23,7.0,11.0,409.0,146.0,17.0,590.0
2016-03-24,8.0,13.0,395.0,167.0,26.0,609.0
2016-03-25,11.0,16.0,451.0,156.0,18.0,652.0
2016-03-26,2.0,18.0,348.0,193.0,10.0,571.0
2016-03-27,2.0,9.0,325.0,190.0,6.0,532.0
2016-03-28,3.0,11.0,390.0,144.0,19.0,567.0
2016-03-29,2.0,19.0,400.0,137.0,25.0,583.0
2016-03-30,6.0,17.0,365.0,169.0,18.0,575.0
2016-03-31,4.0,10.0,354.0,161.0,34.0,563.0
2016-04-01,10.0,32.0,566.0,207.0,36.0,851.0
2016-04-02,5.0,20.0,342.0,210.0,19.0,596.0
2016-04-03,6.0,14.0,351.0,205.0,11.0,587.0
2016-04-04,4.0,24.0,405.0,153.0,23.0,609.0
2016-04-05,7.0,21.0,366.0,178.0,17.0,589.0
2016-04-06,7.0,13.0,370.0,175.0,16.0,581.0
2016-04-07,4.0,14.0,400.0,157.0,21.0,596.0
2016-04-08,5.0,23.0,434.0,171.0,24.0,657.0
2016-04-09,6.0,12.0,372.0,161.0,11.0,562.0
2016-04-10,6.0,22.0,355.0,220.0,12.0,615.0
2016-04-11,1.0,22.0,375.0,189.0,22.0,609.0
2016-04-12,1.0,16.0,371.0,181.0,30.0,599.0
2016-04-13,2.0,18.0,372.0,160.0,23.0,575.0
2016-04-14,1.0,14.0,408.0,156.0,29.0,608.0
2016-04-15,10.0,22.0,466.0,214.0,16.0,728.0
2016-04-16,3.0,12.0,401.0,211.0,14.0,641.0
2016-04-17,5.0,22.0,376.0,224.0,13.0,640.0
2016-04-18,6.0,26.0,378.0,179.0,22.0,611.0
2016-04-19,4.0,14.0,380.0,177.0,16.0,591.0
2016-04-20,12.0,25.0,379.0,183.0,18.0,617.0
2016-04-21,3.0,17.0,363.0,146.0,25.0,554.0
2016-04-22,7.0,20.0,393.0,170.0,20.0,610.0
2016-04-23,11.0,19.0,353.0,195.0,4.0,582.0
2016-04-24,6.0,24.0,364.0,190.0,11.0,595.0
2016-04-25,4.0,13.0,378.0,171.0,17.0,583.0
2016-04-26,5.0,24.0,386.0,162.0,25.0,602.0
2016-04-27,5.0,27.0,368.0,167.0,17.0,584.0
2016-04-28,6.0,19.0,388.0,125.0,18.0,556.0
2016-04-29,9.0,18.0,386.0,161.0,23.0,597.0
2016-04-30,10.0,27.0,398.0,192.0,5.0,632.0
2016-05-01,6.0,36.0,485.0,257.0,14.0,798.0
2016-05-02,7.0,12.0,415.0,176.0,20.0,630.0
2016-05-03,3.0,22.0,393.0,165.0,16.0,599.0
2016-05-04,2.0,13.0,349.0,157.0,16.0,537.0
2016-05-05,1.0,27.0,392.0,183.0,20.0,623.0
2016-05-06,6.0,29.0,413.0,139.0,24.0,611.0
2016-05-07,7.0,27.0,383.0,162.0,11.0,590.0
2016-05-08,5.0,25.0,355.0,185.0,16.0,586.0
2016-05-09,5.0,17.0,332.0,149.0,20.0,523.0
2016-05-10,2.0,21.0,378.0,136.0,17.0,554.0
2016-05-11,8.0,16.0,363.0,154.0,19.0,560.0
2016-05-12,6.0,16.0,406.0,145.0,20.0,593.0
2016-05-13,5.0,14.0,414.0,173.0,17.0,623.0
2016-05-14,3.0,14.0,403.0,192.0,8.0,620.0
2016-05-15,2.0,23.0,360.0,209.0,13.0,607.0
2016-05-16,3.0,20.0,425.0,160.0,16.0,624.0
2016-05-17,3.0,14.0,389.0,153.0,18.0,577.0
2016-05-18,4.0,25.0,382.0,169.0,17.0,597.0
2016-05-19,6.0,17.0,404.0,156.0,24.0,607.0
2016-05-20,1.0,18.0,434.0,191.0,20.0,664.0
2016-05-21,8.0,23.0,367.0,185.0,10.0,593.0
2016-05-22,6.0,20.0,381.0,183.0,10.0,600.0
2016-05-23,10.0,17.0,396.0,170.0,16.0,609.0
2016-05-24,8.0,30.0,418.0,160.0,16.0,632.0
2016-05-25,4.0,28.0,425.0,142.0,19.0,618.0
2016-05-26,4.0,18.0,401.0,171.0,17.0,611.0
2016-05-27,8.0,12.0,434.0,173.0,26.0,653.0
2016-05-28,7.0,15.0,401.0,151.0,10.0,584.0
2016-05-29,12.0,18.0,379.0,204.0,16.0,629.0
2016-05-30,3.0,13.0,324.0,211.0,8.0,559.0
2016-05-31,6.0,6.0,376.0,163.0,24.0,575.0
2016-06-01,3.0,35.0,516.0,239.0,34.0,827.0
2016-06-02,4.0,19.0,406.0,156.0,25.0,610.0
2016-06-03,3.0,19.0,426.0,192.0,21.0,661.0
2016-06-04,6.0,11.0,348.0,189.0,7.0,561.0
2016-06-05,4.0,12.0,322.0,165.0,9.0,512.0
2016-06-06,7.0,22.0,394.0,169.0,18.0,610.0
2016-06-07,6.0,22.0,354.0,169.0,19.0,570.0
2016-06-08,2.0,24.0,404.0,173.0,19.0,622.0
2016-06-09,1.0,22.0,432.0,155.0,19.0,629.0
2016-06-10,4.0,22.0,422.0,177.0,25.0,650.0
2016-06-11,3.0,12.0,376.0,179.0,8.0,578.0
2016-06-12,5.0,18.0,367.0,216.0,5.0,611.0
2016-06-13,3.0,20.0,403.0,157.0,22.0,605.0
2016-06-14,6.0,16.0,385.0,156.0,19.0,582.0
2016-06-15,4.0,19.0,425.0,159.0,28.0,635.0
2016-06-16,5.0,16.0,398.0,171.0,24.0,614.0
2016-06-17,6.0,16.0,433.0,171.0,15.0,641.0
2016-06-18,1.0,20.0,387.0,194.0,17.0,619.0
2016-06-19,11.0,15.0,327.0,228.0,4.0,585.0
2016-06-20,6.0,30.0,418.0,188.0,20.0,662.0
2016-06-21,11.0,13.0,409.0,173.0,18.0,624.0
2016-06-22,3.0,22.0,414.0,164.0,24.0,627.0
2016-06-23,4.0,23.0,418.0,169.0,24.0,638.0
2016-06-24,4.0,14.0,374.0,198.0,14.0,604.0
2016-06-25,3.0,19.0,421.0,193.0,17.0,653.0
2016-06-26,6.0,20.0,402.0,213.0,8.0,649.0
2016-06-27,2.0,17.0,423.0,221.0,16.0,679.0
2016-06-28,3.0,18.0,409.0,175.0,24.0,629.0
2016-06-29,6.0,17.0,336.0,191.0,26.0,576.0
2016-06-30,3.0,19.0,423.0,143.0,29.0,617.0
2016-07-01,10.0,23.0,550.0,216.0,31.0,830.0
2016-07-02,2.0,25.0,380.0,188.0,14.0,609.0
2016-07-03,9.0,18.0,373.0,185.0,8.0,593.0
2016-07-04,6.0,17.0,373.0,233.0,8.0,637.0
2016-07-05,1.0,19.0,412.0,197.0,19.0,648.0
2016-07-06,3.0,22.0,406.0,180.0,22.0,633.0
2016-07-07,4.0,25.0,359.0,139.0,19.0,546.0
2016-07-08,9.0,21.0,427.0,166.0,25.0,648.0
2016-07-09,1.0,19.0,329.0,163.0,25.0,537.0
2016-07-10,7.0,23.0,352.0,223.0,18.0,623.0
2016-07-11,7.0,17.0,414.0,135.0,26.0,599.0
2016-07-12,5.0,19.0,351.0,129.0,17.0,521.0
2016-07-13,7.0,21.0,408.0,136.0,18.0,590.0
2016-07-14,8.0,16.0,429.0,136.0,20.0,609.0
2016-07-15,8.0,12.0,446.0,163.0,26.0,655.0
2016-07-16,5.0,15.0,424.0,187.0,7.0,638.0
2016-07-17,4.0,11.0,352.0,180.0,8.0,555.0
2016-07-18,9.0,18.0,376.0,175.0,16.0,594.0
2016-07-19,7.0,11.0,412.0,152.0,14.0,596.0
2016-07-20,7.0,17.0,441.0,180.0,20.0,665.0
2016-07-21,3.0,11.0,404.0,162.0,17.0,597.0
2016-07-22,6.0,18.0,443.0,206.0,18.0,691.0
2016-07-23,2.0,19.0,387.0,194.0,9.0,611.0
2016-07-24,12.0,20.0,331.0,203.0,4.0,570.0
2016-07-25,7.0,21.0,381.0,176.0,22.0,607.0
2016-07-26,4.0,23.0,389.0,178.0,33.0,627.0
2016-07-27,10.0,17.0,396.0,156.0,17.0,596.0
2016-07-28,9.0,20.0,398.0,168.0,16.0,611.0
2016-07-29,7.0,19.0,403.0,192.0,22.0,643.0
2016-07-30,6.0,22.0,431.0,183.0,11.0,653.0
2016-07-31,9.0,20.0,378.0,180.0,8.0,595.0
2016-08-01,3.0,26.0,566.0,233.0,30.0,858.0
2016-08-02,6.0,19.0,408.0,162.0,18.0,613.0
2016-08-03,8.0,17.0,413.0,177.0,15.0,630.0
2016-08-04,5.0,21.0,395.0,156.0,24.0,601.0
2016-08-05,5.0,17.0,432.0,169.0,21.0,644.0
2016-08-06,6.0,7.0,396.0,171.0,12.0,592.0
2016-08-07,5.0,17.0,358.0,187.0,14.0,581.0
2016-08-08,5.0,22.0,409.0,175.0,22.0,633.0
2016-08-09,9.0,11.0,391.0,134.0,23.0,568.0
2016-08-10,8.0,16.0,398.0,137.0,27.0,586.0
2016-08-11,7.0,18.0,396.0,166.0,15.0,602.0
2016-08-12,9.0,18.0,386.0,142.0,13.0,568.0
2016-08-13,1.0,27.0,413.0,179.0,6.0,626.0
2016-08-14,4.0,18.0,351.0,186.0,3.0,562.0
2016-08-15,9.0,17.0,421.0,199.0,28.0,674.0
2016-08-16,6.0,16.0,372.0,170.0,17.0,581.0
2016-08-17,2.0,19.0,415.0,163.0,19.0,618.0
2016-08-18,5.0,19.0,387.0,156.0,8.0,575.0
2016-08-19,5.0,28.0,416.0,172.0,20.0,641.0
2016-08-20,2.0,24.0,447.0,207.0,18.0,698.0
2016-08-21,1.0,20.0,345.0,216.0,13.0,595.0
2016-08-22,3.0,14.0,425.0,178.0,15.0,635.0
2016-08-23,5.0,24.0,389.0,158.0,22.0,598.0
2016-08-24,4.0,20.0,409.0,184.0,13.0,630.0
2016-08-25,5.0,21.0,387.0,154.0,19.0,586.0
2016-08-26,5.0,27.0,464.0,178.0,22.0,696.0
2016-08-27,6.0,13.0,398.0,180.0,12.0,609.0
2016-08-28,3.0,12.0,340.0,218.0,14.0,587.0
2016-08-29,7.0,15.0,397.0,146.0,21.0,586.0
2016-08-30,4.0,15.0,408.0,152.0,14.0,593.0
2016-08-31,8.0,30.0,375.0,142.0,21.0,576.0
2016-09-01,12.0,39.0,524.0,244.0,38.0,857.0
2016-09-02,7.0,12.0,454.0,170.0,23.0,666.0
2016-09-03,5.0,21.0,373.0,183.0,18.0,600.0
2016-09-04,7.0,16.0,365.0,157.0,9.0,554.0
2016-09-05,7.0,16.0,382.0,209.0,6.0,620.0
2016-09-06,6.0,19.0,360.0,158.0,16.0,559.0
2016-09-07,1.0,21.0,371.0,107.0,21.0,521.0
2016-09-08,1.0,25.0,413.0,145.0,19.0,603.0
2016-09-09,7.0,13.0,373.0,158.0,27.0,578.0
2016-09-10,6.0,19.0,391.0,180.0,14.0,610.0
2016-09-11,3.0,12.0,343.0,174.0,7.0,539.0
2016-09-12,4.0,15.0,387.0,149.0,15.0,570.0
2016-09-13,5.0,17.0,371.0,154.0,15.0,562.0
2016-09-14,5.0,15.0,411.0,144.0,21.0,596.0
2016-09-15,4.0,25.0,411.0,140.0,14.0,594.0
2016-09-16,7.0,25.0,422.0,192.0,12.0,658.0
2016-09-17,9.0,17.0,380.0,210.0,11.0,627.0
2016-09-18,7.0,13.0,357.0,193.0,10.0,580.0
2016-09-19,2.0,20.0,398.0,194.0,22.0,636.0
2016-09-20,3.0,22.0,371.0,196.0,15.0,607.0
2016-09-21,3.0,21.0,425.0,177.0,18.0,644.0
2016-09-22,2.0,21.0,405.0,158.0,27.0,613.0
2016-09-23,12.0,18.0,428.0,165.0,22.0,645.0
2016-09-24,4.0,23.0,382.0,201.0,8.0,618.0
2016-09-25,5.0,13.0,382.0,188.0,8.0,596.0
2016-09-26,6.0,23.0,355.0,180.0,18.0,582.0
2016-09-27,3.0,21.0,366.0,155.0,20.0,565.0
2016-09-28,6.0,22.0,406.0,162.0,18.0,614.0
2016-09-29,3.0,22.0,383.0,149.0,19.0,576.0
2016-09-30,3.0,21.0,393.0,186.0,24.0,627.0
2016-10-01,5.0,29.0,530.0,227.0,28.0,819.0
2016-10-02,5.0,15.0,362.0,225.0,8.0,615.0
2016-10-03,8.0,20.0,407.0,167.0,24.0,626.0
2016-10-04,4.0,15.0,378.0,138.0,15.0,550.0
2016-10-05,4.0,21.0,385.0,160.0,18.0,588.0
2016-10-06,6.0,16.0,373.0,137.0,17.0,549.0
2016-10-07,4.0,13.0,461.0,163.0,10.0,651.0
2016-10-08,4.0,14.0,386.0,189.0,12.0,605.0
2016-10-09,6.0,23.0,334.0,205.0,5.0,573.0
2016-10-10,8.0,26.0,413.0,195.0,17.0,659.0
2016-10-11,8.0,13.0,438.0,151.0,25.0,635.0
2016-10-12,5.0,14.0,405.0,143.0,12.0,579.0
2016-10-13,6.0,20.0,394.0,156.0,16.0,592.0
2016-10-14,4.0,20.0,429.0,166.0,20.0,639.0
2016-10-15,6.0,25.0,455.0,184.0,17.0,687.0
2016-10-16,8.0,16.0,334.0,206.0,8.0,572.0
2016-10-17,4.0,17.0,411.0,161.0,26.0,619.0
2016-10-18,2.0,22.0,425.0,168.0,16.0,633.0
2016-10-19,7.0,24.0,389.0,148.0,22.0,590.0
2016-10-20,7.0,18.0,429.0,161.0,11.0,626.0
2016-10-21,7.0,18.0,415.0,162.0,9.0,611.0
2016-10-22,12.0,16.0,382.0,178.0,11.0,599.0
2016-10-23,3.0,21.0,403.0,210.0,4.0,641.0
2016-10-24,5.0,19.0,422.0,164.0,30.0,640.0
2016-10-25,7.0,13.0,429.0,159.0,12.0,620.0
2016-10-26,3.0,23.0,418.0,146.0,19.0,609.0
2016-10-27,8.0,19.0,416.0,150.0,13.0,606.0
2016-10-28,6.0,24.0,461.0,166.0,26.0,683.0
2016-10-29,5.0,17.0,439.0,156.0,11.0,628.0
2016-10-30,4.0,7.0,387.0,203.0,10.0,611.0
2016-10-31,6.0,15.0,475.0,195.0,14.0,705.0
2016-11-01,4.0,41.0,558.0,220.0,33.0,856.0
2016-11-02,5.0,24.0,366.0,154.0,24.0,573.0
2016-11-03,5.0,17.0,405.0,148.0,17.0,592.0
2016-11-04,9.0,25.0,382.0,153.0,23.0,592.0
2016-11-05,8.0,12.0,385.0,172.0,13.0,590.0
2016-11-06,11.0,21.0,381.0,182.0,9.0,604.0
2016-11-07,1.0,14.0,406.0,150.0,12.0,583.0
2016-11-08,3.0,25.0,346.0,151.0,14.0,539.0
2016-11-09,5.0,17.0,393.0,183.0,17.0,615.0
2016-11-10,6.0,16.0,426.0,168.0,17.0,633.0
2016-11-11,8.0,19.0,386.0,176.0,11.0,600.0
2016-11-12,4.0,12.0,368.0,191.0,4.0,579.0
2016-11-13,6.0,17.0,377.0,178.0,7.0,585.0
2016-11-14,3.0,11.0,402.0,156.0,21.0,593.0
2016-11-15,8.0,18.0,378.0,140.0,25.0,569.0
2016-11-16,7.0,18.0,379.0,136.0,18.0,558.0
2016-11-17,5.0,14.0,393.0,128.0,13.0,553.0
2016-11-18,7.0,11.0,441.0,164.0,17.0,640.0
2016-11-19,12.0,9.0,371.0,175.0,15.0,582.0
2016-11-20,8.0,5.0,387.0,159.0,3.0,562.0
2016-11-21,4.0,12.0,407.0,127.0,17.0,567.0
2016-11-22,5.0,12.0,397.0,155.0,16.0,585.0
2016-11-23,4.0,20.0,460.0,132.0,13.0,629.0
2016-11-24,2.0,25.0,353.0,159.0,10.0,549.0
2016-11-25,2.0,14.0,379.0,135.0,25.0,555.0
2016-11-26,2.0,11.0,380.0,151.0,23.0,567.0
2016-11-27,5.0,13.0,359.0,161.0,12.0,550.0
2016-11-28,3.0,19.0,404.0,154.0,22.0,602.0
2016-11-29,3.0,14.0,351.0,127.0,15.0,510.0
2016-11-30,3.0,19.0,393.0,145.0,9.0,569.0
2016-12-01,7.0,24.0,514.0,193.0,24.0,762.0
2016-12-02,2.0,17.0,421.0,169.0,13.0,622.0
2016-12-03,5.0,18.0,360.0,176.0,15.0,574.0
2016-12-04,1.0,16.0,384.0,163.0,7.0,571.0
2016-12-05,2.0,13.0,415.0,187.0,30.0,647.0
2016-12-06,6.0,11.0,445.0,140.0,18.0,620.0
2016-12-07,3.0,16.0,366.0,146.0,15.0,546.0
2016-12-08,3.0,19.0,409.0,148.0,17.0,596.0
2016-12-09,11.0,14.0,450.0,165.0,20.0,660.0
2016-12-10,2.0,16.0,412.0,203.0,13.0,646.0
2016-12-11,9.0,12.0,374.0,174.0,8.0,577.0
2016-12-12,1.0,14.0,417.0,168.0,26.0,626.0
2016-12-13,3.0,10.0,371.0,171.0,16.0,571.0
2016-12-14,9.0,14.0,436.0,164.0,19.0,642.0
2016-12-15,9.0,14.0,494.0,147.0,22.0,686.0
2016-12-16,4.0,22.0,478.0,148.0,23.0,675.0
2016-12-17,9.0,14.0,418.0,154.0,13.0,608.0
2016-12-18,8.0,20.0,378.0,185.0,13.0,604.0
2016-12-19,3.0,15.0,423.0,147.0,33.0,621.0
2016-12-20,7.0,19.0,459.0,161.0,16.0,662.0
2016-12-21,3.0,10.0,420.0,129.0,9.0,571.0
2016-12-22,10.0,17.0,439.0,139.0,19.0,624.0
2016-12-23,4.0,11.0,498.0,148.0,12.0,673.0
2016-12-24,2.0,15.0,407.0,141.0,14.0,579.0
2016-12-25,5.0,16.0,296.0,158.0,5.0,480.0
2016-12-26,9.0,14.0,334.0,161.0,14.0,532.0
2016-12-27,3.0,17.0,377.0,130.0,14.0,541.0
2016-12-28,6.0,12.0,401.0,137.0,14.0,570.0
2016-12-29,8.0,10.0,406.0,135.0,19.0,578.0
2016-12-30,5.0,11.0,437.0,152.0,20.0,625.0
2016-12-31,5.0,16.0,387.0,165.0,4.0,577.0
2017-01-01,8.0,33.0,610.0,324.0,24.0,999.0
2017-01-02,1.0,18.0,361.0,127.0,13.0,520.0
2017-01-03,3.0,13.0,413.0,134.0,21.0,584.0
2017-01-04,4.0,14.0,383.0,118.0,17.0,536.0
2017-01-05,3.0,17.0,424.0,131.0,21.0,596.0
2017-01-06,5.0,18.0,461.0,164.0,15.0,663.0
2017-01-07,7.0,13.0,377.0,182.0,8.0,587.0
2017-01-08,1.0,20.0,362.0,176.0,12.0,571.0
2017-01-09,3.0,18.0,412.0,144.0,19.0,596.0
2017-01-10,7.0,9.0,448.0,125.0,19.0,608.0
2017-01-11,2.0,17.0,416.0,162.0,10.0,607.0
2017-01-12,7.0,15.0,413.0,129.0,17.0,581.0
2017-01-13,3.0,14.0,436.0,128.0,19.0,600.0
2017-01-14,3.0,16.0,434.0,168.0,10.0,631.0
2017-01-15,9.0,21.0,412.0,178.0,9.0,629.0
2017-01-16,5.0,18.0,443.0,145.0,14.0,625.0
2017-01-17,7.0,6.0,422.0,174.0,24.0,633.0
2017-01-18,3.0,18.0,400.0,149.0,16.0,586.0
2017-01-19,5.0,15.0,419.0,134.0,17.0,590.0
2017-01-20,2.0,14.0,463.0,127.0,17.0,623.0
2017-01-21,,15.0,415.0,168.0,5.0,
2017-01-22,7.0,25.0,356.0,167.0,6.0,561.0
2017-01-23,4.0,24.0,381.0,146.0,14.0,569.0
2017-01-24,5.0,24.0,379.0,152.0,22.0,582.0
2017-01-25,5.0,18.0,416.0,146.0,25.0,610.0
2017-01-26,5.0,15.0,406.0,134.0,19.0,579.0
2017-01-27,9.0,13.0,436.0,135.0,22.0,615.0
2017-01-28,4.0,18.0,410.0,201.0,8.0,641.0
2017-01-29,10.0,15.0,398.0,170.0,10.0,603.0
2017-01-30,3.0,22.0,452.0,162.0,19.0,658.0
2017-01-31,3.0,24.0,421.0,159.0,17.0,624.0
2017-02-01,4.0,33.0,536.0,192.0,29.0,794.0
2017-02-02,2.0,26.0,378.0,145.0,17.0,568.0
2017-02-03,1.0,17.0,390.0,153.0,15.0,576.0
2017-02-04,11.0,13.0,413.0,174.0,9.0,620.0
2017-02-05,8.0,17.0,390.0,181.0,10.0,606.0
2017-02-06,1.0,18.0,377.0,161.0,23.0,580.0
2017-02-07,3.0,22.0,427.0,148.0,22.0,622.0
2017-02-08,7.0,38.0,346.0,149.0,16.0,556.0
2017-02-09,6.0,10.0,379.0,152.0,18.0,565.0
2017-02-10,4.0,16.0,479.0,164.0,21.0,684.0
2017-02-11,6.0,13.0,406.0,186.0,11.0,622.0
2017-02-12,5.0,12.0,376.0,200.0,4.0,597.0
2017-02-13,4.0,19.0,362.0,166.0,14.0,565.0
2017-02-14,3.0,12.0,383.0,164.0,17.0,579.0
2017-02-15,7.0,18.0,443.0,154.0,19.0,641.0
2017-02-16,,21.0,396.0,142.0,17.0,
2017-02-17,5.0,18.0,438.0,131.0,19.0,611.0
2017-02-18,1.0,19.0,430.0,182.0,14.0,646.0
2017-02-19,5.0,16.0,373.0,187.0,12.0,593.0
2017-02-20,5.0,20.0,378.0,151.0,12.0,566.0
2017-02-21,8.0,20.0,442.0,159.0,13.0,642.0
2017-02-22,8.0,20.0,403.0,149.0,12.0,592.0
2017-02-23,12.0,19.0,349.0,131.0,22.0,533.0
2017-02-24,7.0,11.0,413.0,167.0,21.0,619.0
2017-02-25,1.0,21.0,384.0,158.0,15.0,579.0
2017-02-26,5.0,15.0,340.0,165.0,11.0,536.0
2017-02-27,4.0,16.0,424.0,151.0,15.0,610.0
2017-02-28,4.0,16.0,389.0,142.0,14.0,565.0
2017-03-01,7.0,34.0,500.0,220.0,35.0,796.0
2017-03-02,6.0,22.0,400.0,138.0,27.0,593.0
2017-03-03,6.0,20.0,431.0,175.0,15.0,647.0
2017-03-04,5.0,14.0,402.0,166.0,14.0,601.0
2017-03-05,3.0,21.0,354.0,173.0,9.0,560.0
2017-03-06,8.0,18.0,391.0,131.0,13.0,561.0
2017-03-07,5.0,17.0,374.0,167.0,12.0,575.0
2017-03-08,6.0,19.0,374.0,152.0,22.0,573.0
2017-03-09,7.0,20.0,386.0,171.0,13.0,597.0
2017-03-10,8.0,17.0,439.0,183.0,20.0,667.0
2017-03-11,3.0,18.0,367.0,195.0,7.0,590.0
2017-03-12,8.0,9.0,289.0,195.0,9.0,510.0
2017-03-13,5.0,19.0,410.0,173.0,20.0,627.0
2017-03-14,5.0,22.0,390.0,198.0,11.0,626.0
2017-03-15,4.0,19.0,412.0,189.0,20.0,644.0
2017-03-16,8.0,21.0,400.0,175.0,10.0,614.0
2017-03-17,9.0,22.0,451.0,178.0,20.0,680.0
2017-03-18,3.0,19.0,412.0,222.0,12.0,668.0
2017-03-19,2.0,12.0,350.0,176.0,4.0,544.0
2017-03-20,4.0,18.0,371.0,162.0,24.0,579.0
2017-03-21,5.0,23.0,387.0,147.0,14.0,576.0
2017-03-22,6.0,16.0,393.0,152.0,16.0,583.0
2017-03-23,7.0,17.0,404.0,190.0,21.0,639.0
2017-03-24,4.0,16.0,430.0,156.0,19.0,625.0
2017-03-25,10.0,14.0,434.0,192.0,18.0,668.0
2017-03-26,1.0,20.0,361.0,190.0,6.0,578.0
2017-03-27,9.0,18.0,433.0,157.0,15.0,632.0
2017-03-28,1.0,18.0,397.0,149.0,17.0,582.0
2017-03-29,6.0,18.0,440.0,175.0,17.0,656.0
2017-03-30,5.0,22.0,402.0,147.0,17.0,593.0
2017-03-31,1.0,15.0,446.0,183.0,23.0,668.0
2017-04-01,6.0,33.0,479.0,207.0,24.0,749.0
2017-04-02,5.0,18.0,367.0,182.0,11.0,583.0
2017-04-03,7.0,15.0,408.0,160.0,22.0,612.0
2017-04-04,5.0,22.0,398.0,177.0,23.0,625.0
2017-04-05,7.0,12.0,363.0,197.0,18.0,597.0
2017-04-06,2.0,16.0,398.0,164.0,18.0,598.0
2017-04-07,3.0,21.0,419.0,155.0,18.0,616.0
2017-04-08,2.0,22.0,387.0,160.0,10.0,581.0
2017-04-09,4.0,11.0,353.0,186.0,11.0,565.0
2017-04-10,3.0,18.0,421.0,167.0,22.0,631.0
2017-04-11,3.0,20.0,353.0,137.0,12.0,525.0
2017-04-12,6.0,22.0,348.0,152.0,20.0,548.0
2017-04-13,7.0,14.0,396.0,156.0,22.0,595.0
2017-04-14,6.0,12.0,405.0,129.0,16.0,568.0
2017-04-15,6.0,13.0,377.0,190.0,16.0,602.0
2017-04-16,4.0,17.0,369.0,183.0,10.0,583.0
2017-04-17,9.0,33.0,396.0,185.0,21.0,644.0
2017-04-18,5.0,26.0,411.0,173.0,18.0,633.0
2017-04-19,4.0,14.0,379.0,179.0,19.0,595.0
2017-04-20,6.0,22.0,390.0,146.0,13.0,577.0
2017-04-21,6.0,13.0,445.0,164.0,27.0,655.0
2017-04-22,7.0,16.0,439.0,214.0,4.0,680.0
2017-04-23,3.0,15.0,344.0,194.0,7.0,563.0
2017-04-24,8.0,23.0,419.0,170.0,23.0,643.0
2017-04-25,6.0,26.0,397.0,166.0,22.0,617.0
2017-04-26,7.0,22.0,401.0,163.0,9.0,602.0
2017-04-27,2.0,21.0,425.0,160.0,22.0,630.0
2017-04-28,5.0,14.0,449.0,176.0,24.0,668.0
2017-04-29,12.0,20.0,404.0,205.0,11.0,652.0
2017-04-30,6.0,15.0,391.0,234.0,9.0,655.0
2017-05-01,3.0,28.0,531.0,235.0,26.0,823.0
2017-05-02,4.0,14.0,366.0,158.0,29.0,571.0
2017-05-03,8.0,15.0,416.0,188.0,18.0,645.0
2017-05-04,4.0,19.0,371.0,173.0,9.0,576.0
2017-05-05,8.0,20.0,475.0,204.0,18.0,725.0
2017-05-06,3.0,13.0,408.0,170.0,10.0,604.0
2017-05-07,3.0,17.0,350.0,140.0,2.0,512.0
2017-05-08,6.0,15.0,410.0,154.0,23.0,608.0
2017-05-09,9.0,14.0,402.0,129.0,15.0,569.0
2017-05-10,1.0,21.0,410.0,149.0,18.0,599.0
2017-05-11,4.0,24.0,402.0,172.0,12.0,614.0
2017-05-12,3.0,20.0,410.0,186.0,24.0,643.0
2017-05-13,3.0,17.0,381.0,171.0,13.0,585.0
2017-05-14,1.0,21.0,336.0,166.0,4.0,528.0
2017-05-15,3.0,39.0,407.0,138.0,28.0,615.0
2017-05-16,7.0,25.0,374.0,157.0,17.0,580.0
2017-05-17,5.0,25.0,361.0,179.0,12.0,582.0
2017-05-18,3.0,15.0,385.0,178.0,16.0,597.0
2017-05-19,4.0,24.0,438.0,186.0,21.0,673.0
2017-05-20,4.0,17.0,419.0,207.0,11.0,658.0
2017-05-21,2.0,20.0,344.0,206.0,11.0,583.0
2017-05-22,4.0,18.0,407.0,178.0,14.0,621.0
2017-05-23,2.0,27.0,376.0,177.0,14.0,596.0
2017-05-24,9.0,16.0,399.0,197.0,17.0,638.0
2017-05-25,7.0,18.0,358.0,187.0,17.0,587.0
2017-05-26,1.0,25.0,524.0,241.0,14.0,805.0
2017-05-27,3.0,18.0,403.0,197.0,15.0,636.0
2017-05-28,3.0,25.0,330.0,192.0,11.0,561.0
2017-05-29,6.0,18.0,341.0,204.0,8.0,577.0
2017-05-30,7.0,19.0,392.0,157.0,25.0,600.0
2017-05-31,6.0,22.0,389.0,179.0,22.0,618.0
2017-06-01,9.0,25.0,505.0,234.0,37.0,810.0
2017-06-02,9.0,27.0,395.0,189.0,26.0,646.0
2017-06-03,1.0,25.0,368.0,211.0,18.0,623.0
2017-06-04,6.0,9.0,344.0,206.0,14.0,579.0
2017-06-05,2.0,20.0,420.0,164.0,25.0,631.0
2017-06-06,4.0,29.0,404.0,181.0,16.0,634.0
2017-06-07,9.0,22.0,401.0,172.0,22.0,626.0
2017-06-08,4.0,22.0,383.0,151.0,19.0,579.0
2017-06-09,7.0,15.0,429.0,159.0,21.0,631.0
2017-06-10,6.0,18.0,383.0,192.0,11.0,610.0
2017-06-11,7.0,20.0,349.0,179.0,15.0,570.0
2017-06-12,4.0,24.0,373.0,173.0,16.0,590.0
2017-06-13,3.0,21.0,337.0,163.0,20.0,544.0
2017-06-14,2.0,24.0,393.0,194.0,18.0,631.0
2017-06-15,8.0,23.0,399.0,201.0,24.0,655.0
2017-06-16,13.0,22.0,395.0,169.0,17.0,616.0
2017-06-17,3.0,19.0,392.0,190.0,11.0,615.0
2017-06-18,10.0,24.0,340.0,238.0,8.0,620.0
2017-06-19,3.0,16.0,359.0,159.0,22.0,559.0
2017-06-20,7.0,20.0,405.0,192.0,22.0,646.0
2017-06-21,5.0,24.0,355.0,167.0,22.0,573.0
2017-06-22,7.0,14.0,387.0,190.0,16.0,614.0
2017-06-23,5.0,25.0,442.0,195.0,21.0,688.0
2017-06-24,4.0,8.0,419.0,211.0,11.0,653.0
2017-06-25,2.0,15.0,378.0,231.0,11.0,637.0
2017-06-26,4.0,28.0,406.0,171.0,20.0,629.0
2017-06-27,7.0,10.0,394.0,178.0,18.0,607.0
2017-06-28,10.0,24.0,361.0,169.0,24.0,588.0
2017-06-29,3.0,14.0,366.0,200.0,11.0,594.0
2017-06-30,4.0,20.0,478.0,173.0,20.0,695.0
2017-07-01,8.0,20.0,460.0,245.0,23.0,756.0
2017-07-02,6.0,11.0,390.0,178.0,10.0,595.0
2017-07-03,4.0,26.0,400.0,186.0,21.0,637.0
2017-07-04,4.0,25.0,380.0,246.0,10.0,665.0
2017-07-05,6.0,16.0,386.0,179.0,20.0,607.0
2017-07-06,13.0,17.0,360.0,176.0,20.0,586.0
2017-07-07,6.0,13.0,425.0,197.0,23.0,664.0
2017-07-08,2.0,21.0,374.0,208.0,14.0,619.0
2017-07-09,6.0,16.0,326.0,232.0,15.0,595.0
2017-07-10,3.0,21.0,378.0,191.0,21.0,614.0
2017-07-11,3.0,17.0,386.0,177.0,28.0,611.0
2017-07-12,4.0,25.0,373.0,176.0,24.0,602.0
2017-07-13,7.0,30.0,419.0,177.0,22.0,655.0
2017-07-14,,23.0,425.0,197.0,21.0,
2017-07-15,6.0,18.0,440.0,207.0,13.0,684.0
2017-07-16,5.0,20.0,380.0,229.0,11.0,645.0
2017-07-17,7.0,21.0,384.0,190.0,15.0,617.0
2017-07-18,7.0,18.0,417.0,197.0,19.0,658.0
2017-07-19,7.0,24.0,412.0,203.0,11.0,657.0
2017-07-20,10.0,21.0,437.0,184.0,8.0,660.0
2017-07-21,8.0,25.0,450.0,215.0,20.0,718.0
2017-07-22,5.0,16.0,439.0,193.0,20.0,673.0
2017-07-23,8.0,24.0,438.0,211.0,9.0,690.0
2017-07-24,2.0,22.0,398.0,178.0,17.0,617.0
2017-07-25,5.0,19.0,426.0,148.0,17.0,615.0
2017-07-26,9.0,18.0,397.0,178.0,16.0,618.0
2017-07-27,7.0,13.0,428.0,183.0,14.0,645.0
2017-07-28,7.0,16.0,414.0,185.0,21.0,643.0
2017-07-29,2.0,19.0,416.0,177.0,15.0,629.0
2017-07-30,5.0,16.0,348.0,234.0,17.0,620.0
2017-07-31,4.0,14.0,427.0,187.0,22.0,654.0
2017-08-01,4.0,29.0,498.0,199.0,26.0,756.0
2017-08-02,10.0,18.0,420.0,174.0,16.0,638.0
2017-08-03,8.0,19.0,391.0,197.0,25.0,640.0
2017-08-04,5.0,14.0,422.0,173.0,7.0,621.0
2017-08-05,10.0,24.0,394.0,224.0,8.0,660.0
2017-08-06,4.0,24.0,357.0,203.0,7.0,595.0
2017-08-07,7.0,16.0,415.0,181.0,15.0,634.0
2017-08-08,2.0,20.0,363.0,166.0,9.0,560.0
2017-08-09,6.0,15.0,380.0,159.0,12.0,572.0
2017-08-10,9.0,29.0,387.0,173.0,21.0,619.0
2017-08-11,8.0,14.0,413.0,162.0,16.0,613.0
2017-08-12,6.0,16.0,410.0,200.0,3.0,635.0
2017-08-13,7.0,18.0,371.0,199.0,8.0,603.0
2017-08-14,7.0,13.0,407.0,175.0,20.0,622.0
2017-08-15,9.0,18.0,410.0,175.0,23.0,635.0
2017-08-16,4.0,10.0,404.0,169.0,15.0,602.0
2017-08-17,4.0,22.0,401.0,168.0,23.0,618.0
2017-08-18,3.0,14.0,434.0,183.0,16.0,650.0
2017-08-19,4.0,14.0,423.0,173.0,10.0,624.0
2017-08-20,9.0,15.0,351.0,221.0,8.0,604.0
2017-08-21,4.0,23.0,409.0,173.0,18.0,627.0
2017-08-22,7.0,17.0,396.0,179.0,12.0,611.0
2017-08-23,8.0,19.0,399.0,168.0,16.0,610.0
2017-08-24,8.0,14.0,392.0,170.0,15.0,599.0
2017-08-25,6.0,26.0,443.0,167.0,23.0,665.0
2017-08-26,1.0,22.0,416.0,229.0,4.0,672.0
2017-08-27,7.0,17.0,372.0,227.0,9.0,632.0
2017-08-28,4.0,29.0,414.0,187.0,18.0,652.0
2017-08-29,8.0,19.0,379.0,183.0,18.0,607.0
2017-08-30,9.0,21.0,393.0,154.0,25.0,602.0
2017-08-31,10.0,26.0,454.0,205.0,16.0,711.0
2017-09-01,4.0,42.0,536.0,290.0,24.0,896.0
2017-09-02,3.0,20.0,387.0,220.0,13.0,643.0
2017-09-03,6.0,18.0,345.0,258.0,8.0,635.0
2017-09-04,5.0,21.0,355.0,193.0,17.0,591.0
2017-09-05,3.0,21.0,400.0,187.0,19.0,630.0
2017-09-06,8.0,32.0,389.0,173.0,14.0,616.0
2017-09-07,8.0,16.0,364.0,158.0,10.0,556.0
2017-09-08,9.0,18.0,448.0,183.0,15.0,673.0
2017-09-09,5.0,17.0,412.0,205.0,10.0,649.0
2017-09-10,7.0,21.0,345.0,233.0,7.0,613.0
2017-09-11,6.0,21.0,412.0,194.0,16.0,649.0
2017-09-12,4.0,23.0,411.0,179.0,19.0,636.0
2017-09-13,5.0,25.0,416.0,173.0,11.0,630.0
2017-09-14,3.0,22.0,429.0,163.0,16.0,633.0
2017-09-15,4.0,27.0,471.0,199.0,17.0,718.0
2017-09-16,10.0,24.0,415.0,210.0,11.0,670.0
2017-09-17,2.0,25.0,369.0,207.0,5.0,608.0
2017-09-18,4.0,21.0,413.0,169.0,20.0,627.0
2017-09-19,6.0,19.0,369.0,164.0,19.0,577.0
2017-09-20,4.0,23.0,395.0,175.0,10.0,607.0
2017-09-21,7.0,20.0,407.0,181.0,16.0,631.0
2017-09-22,7.0,19.0,472.0,172.0,17.0,687.0
2017-09-23,6.0,21.0,365.0,174.0,9.0,575.0
2017-09-24,6.0,13.0,402.0,220.0,6.0,647.0
2017-09-25,6.0,17.0,432.0,148.0,22.0,625.0
2017-09-26,5.0,21.0,393.0,176.0,14.0,609.0
2017-09-27,8.0,14.0,424.0,157.0,18.0,621.0
2017-09-28,7.0,19.0,402.0,178.0,13.0,619.0
2017-09-29,6.0,28.0,441.0,184.0,15.0,674.0
2017-09-30,4.0,14.0,421.0,175.0,15.0,629.0
2017-10-01,5.0,36.0,453.0,231.0,18.0,743.0
2017-10-02,5.0,20.0,388.0,178.0,18.0,609.0
2017-10-03,10.0,26.0,375.0,154.0,18.0,583.0
2017-10-04,9.0,19.0,388.0,143.0,10.0,569.0
2017-10-05,8.0,12.0,430.0,147.0,16.0,613.0
2017-10-06,8.0,27.0,485.0,153.0,13.0,686.0
2017-10-07,4.0,18.0,460.0,231.0,12.0,725.0
2017-10-08,4.0,18.0,369.0,198.0,5.0,594.0
2017-10-09,6.0,19.0,386.0,156.0,16.0,583.0
2017-10-10,6.0,23.0,383.0,161.0,19.0,592.0
2017-10-11,6.0,23.0,346.0,159.0,13.0,547.0
2017-10-12,5.0,17.0,380.0,166.0,21.0,589.0
2017-10-13,5.0,24.0,463.0,178.0,9.0,679.0
2017-10-14,6.0,20.0,425.0,218.0,7.0,676.0
2017-10-15,3.0,29.0,402.0,222.0,14.0,670.0
2017-10-16,4.0,28.0,391.0,197.0,14.0,634.0
2017-10-17,2.0,31.0,408.0,203.0,21.0,665.0
2017-10-18,5.0,11.0,406.0,191.0,25.0,638.0
2017-10-19,5.0,20.0,415.0,164.0,23.0,627.0
2017-10-20,8.0,27.0,509.0,216.0,19.0,779.0
2017-10-21,5.0,16.0,432.0,209.0,12.0,674.0
2017-10-22,7.0,13.0,397.0,202.0,4.0,623.0
2017-10-23,5.0,20.0,421.0,185.0,17.0,648.0
2017-10-24,13.0,18.0,393.0,202.0,14.0,640.0
2017-10-25,6.0,15.0,443.0,219.0,22.0,705.0
2017-10-26,4.0,16.0,377.0,222.0,9.0,628.0
2017-10-27,6.0,16.0,454.0,198.0,21.0,695.0
2017-10-28,5.0,23.0,436.0,202.0,8.0,674.0
2017-10-29,3.0,19.0,352.0,233.0,8.0,615.0
2017-10-30,4.0,20.0,389.0,175.0,16.0,604.0
2017-10-31,8.0,15.0,473.0,198.0,20.0,714.0
2017-11-01,5.0,29.0,467.0,225.0,24.0,750.0
2017-11-02,5.0,30.0,413.0,151.0,23.0,622.0
2017-11-03,6.0,20.0,483.0,177.0,22.0,708.0
2017-11-04,4.0,13.0,392.0,183.0,17.0,609.0
2017-11-05,5.0,18.0,380.0,191.0,4.0,598.0
2017-11-06,7.0,23.0,394.0,164.0,20.0,608.0
2017-11-07,5.0,25.0,399.0,153.0,13.0,595.0
2017-11-08,5.0,18.0,364.0,187.0,21.0,595.0
2017-11-09,3.0,29.0,359.0,173.0,13.0,577.0
2017-11-10,6.0,16.0,413.0,183.0,18.0,636.0
2017-11-11,3.0,15.0,370.0,178.0,7.0,573.0
2017-11-12,3.0,18.0,391.0,205.0,8.0,625.0
2017-11-13,3.0,26.0,431.0,175.0,21.0,656.0
2017-11-14,6.0,22.0,401.0,174.0,15.0,618.0
2017-11-15,2.0,22.0,391.0,179.0,23.0,617.0
2017-11-16,8.0,18.0,403.0,176.0,12.0,617.0
2017-11-17,3.0,16.0,430.0,186.0,13.0,648.0
2017-11-18,1.0,16.0,372.0,216.0,13.0,618.0
2017-11-19,4.0,16.0,354.0,168.0,5.0,547.0
2017-11-20,3.0,21.0,396.0,169.0,25.0,614.0
2017-11-21,6.0,19.0,409.0,174.0,12.0,620.0
2017-11-22,7.0,12.0,475.0,164.0,11.0,669.0
2017-11-23,8.0,17.0,352.0,197.0,4.0,578.0
2017-11-24,9.0,11.0,352.0,200.0,20.0,592.0
2017-11-25,5.0,20.0,390.0,179.0,7.0,601.0
2017-11-26,2.0,17.0,407.0,194.0,5.0,625.0
2017-11-27,5.0,17.0,412.0,144.0,15.0,593.0
2017-11-28,6.0,18.0,430.0,166.0,14.0,634.0
2017-11-29,6.0,23.0,421.0,167.0,10.0,627.0
2017-11-30,3.0,13.0,381.0,165.0,10.0,572.0
2017-12-01,7.0,19.0,509.0,204.0,26.0,765.0
2017-12-02,3.0,14.0,396.0,186.0,16.0,615.0
2017-12-03,4.0,19.0,371.0,174.0,11.0,579.0
2017-12-04,1.0,19.0,403.0,143.0,21.0,587.0
2017-12-05,10.0,12.0,386.0,154.0,15.0,577.0
2017-12-06,7.0,16.0,385.0,156.0,11.0,575.0
2017-12-07,5.0,17.0,371.0,155.0,12.0,560.0
2017-12-08,6.0,19.0,426.0,151.0,6.0,608.0
2017-12-09,3.0,18.0,391.0,200.0,9.0,621.0
2017-12-10,6.0,19.0,396.0,198.0,8.0,627.0
2017-12-11,10.0,25.0,384.0,173.0,11.0,603.0
2017-12-12,5.0,24.0,410.0,156.0,16.0,611.0
2017-12-13,8.0,16.0,421.0,143.0,13.0,601.0
2017-12-14,6.0,18.0,421.0,153.0,8.0,606.0
2017-12-15,6.0,22.0,456.0,213.0,29.0,726.0
2017-12-16,7.0,17.0,373.0,152.0,14.0,563.0
2017-12-17,6.0,20.0,379.0,178.0,11.0,594.0
2017-12-18,1.0,20.0,469.0,154.0,17.0,661.0
2017-12-19,6.0,16.0,399.0,133.0,21.0,575.0
2017-12-20,2.0,17.0,451.0,151.0,23.0,644.0
2017-12-21,1.0,9.0,413.0,151.0,14.0,588.0
2017-12-22,3.0,16.0,449.0,175.0,11.0,654.0
2017-12-23,3.0,12.0,371.0,177.0,5.0,568.0
2017-12-24,4.0,19.0,370.0,157.0,7.0,557.0
2017-12-25,8.0,10.0,302.0,178.0,3.0,501.0
2017-12-26,2.0,17.0,374.0,129.0,10.0,532.0
2017-12-27,7.0,12.0,354.0,143.0,14.0,530.0
2017-12-28,3.0,17.0,380.0,161.0,10.0,571.0
2017-12-29,6.0,16.0,420.0,168.0,11.0,621.0
2017-12-30,7.0,12.0,368.0,165.0,8.0,560.0
2017-12-31,4.0,11.0,360.0,168.0,7.0,550.0
