Date Occurred,Consensual,Disturbance,Property,Violent,White Collar
01/01/2015,12.0,48.0,833.0,381.0,25.0
01/01/2016,8.0,44.0,707.0,375.0,28.0
01/01/2017,8.0,33.0,610.0,324.0,24.0
01/02/2015,3.0,14.0,347.0,122.0,26.0
01/02/2016,4.0,9.0,365.0,137.0,13.0
01/02/2017,1.0,18.0,361.0,127.0,13.0
01/03/2015,2.0,15.0,319.0,139.0,14.0
01/03/2016,1.0,9.0,316.0,167.0,8.0
01/03/2017,3.0,13.0,413.0,134.0,21.0
01/04/2015,5.0,11.0,325.0,151.0,14.0
01/04/2016,2.0,15.0,387.0,133.0,22.0
01/04/2017,4.0,14.0,383.0,118.0,17.0
01/05/2015,5.0,21.0,432.0,141.0,21.0
01/05/2016,1.0,16.0,428.0,147.0,20.0
01/05/2017,3.0,17.0,424.0,131.0,21.0
01/06/2015,3.0,9.0,324.0,148.0,18.0
01/06/2016,2.0,10.0,356.0,110.0,17.0
01/06/2017,5.0,18.0,461.0,164.0,15.0
01/07/2015,4.0,20.0,342.0,125.0,23.0
01/07/2016,10.0,16.0,376.0,139.0,14.0
01/07/2017,7.0,13.0,377.0,182.0,8.0
01/08/2015,5.0,16.0,376.0,118.0,24.0
01/08/2016,7.0,18.0,416.0,136.0,15.0
01/08/2017,1.0,20.0,362.0,176.0,12.0
01/09/2015,8.0,12.0,425.0,156.0,15.0
01/09/2016,4.0,9.0,386.0,142.0,11.0
01/09/2017,3.0,18.0,412.0,144.0,19.0
01/10/2015,2.0,17.0,411.0,162.0,11.0
01/10/2016,7.0,15.0,346.0,140.0,5.0
01/10/2017,7.0,9.0,448.0,125.0,19.0
01/11/2015,3.0,10.0,319.0,160.0,11.0
01/11/2016,6.0,29.0,383.0,158.0,26.0
01/11/2017,2.0,17.0,416.0,162.0,10.0
01/12/2015,5.0,15.0,363.0,119.0,15.0
01/12/2016,6.0,11.0,355.0,126.0,12.0
01/12/2017,7.0,15.0,413.0,129.0,17.0
01/13/2015,6.0,20.0,328.0,127.0,15.0
01/13/2016,6.0,21.0,378.0,138.0,12.0
01/13/2017,3.0,14.0,436.0,128.0,19.0
01/14/2015,2.0,21.0,382.0,148.0,11.0
01/14/2016,4.0,22.0,402.0,127.0,19.0
01/14/2017,3.0,16.0,434.0,168.0,10.0
01/15/2015,8.0,25.0,454.0,122.0,16.0
01/15/2016,7.0,29.0,498.0,157.0,22.0
01/15/2017,9.0,21.0,412.0,178.0,9.0
01/16/2015,5.0,18.0,403.0,132.0,15.0
01/16/2016,2.0,15.0,416.0,171.0,19.0
01/16/2017,5.0,18.0,443.0,145.0,14.0
01/17/2015,3.0,14.0,368.0,167.0,10.0
01/17/2016,3.0,11.0,381.0,182.0,7.0
01/17/2017,7.0,6.0,422.0,174.0,24.0
01/18/2015,4.0,10.0,348.0,136.0,7.0
01/18/2016,5.0,25.0,399.0,142.0,10.0
01/18/2017,3.0,18.0,400.0,149.0,16.0
01/19/2015,5.0,16.0,312.0,141.0,8.0
01/19/2016,4.0,11.0,404.0,123.0,21.0
01/19/2017,5.0,15.0,419.0,134.0,17.0
01/20/2015,3.0,17.0,438.0,122.0,14.0
01/20/2016,9.0,18.0,405.0,157.0,22.0
01/20/2017,2.0,14.0,463.0,127.0,17.0
01/21/2015,3.0,23.0,393.0,129.0,10.0
01/21/2016,3.0,13.0,449.0,172.0,24.0
01/21/2017,,15.0,415.0,168.0,5.0
01/22/2015,6.0,15.0,364.0,157.0,21.0
01/22/2016,8.0,21.0,456.0,160.0,16.0
01/22/2017,7.0,25.0,356.0,167.0,6.0
01/23/2015,13.0,17.0,411.0,129.0,8.0
01/23/2016,6.0,17.0,400.0,167.0,9.0
01/23/2017,4.0,24.0,381.0,146.0,14.0
01/24/2015,7.0,15.0,356.0,171.0,17.0
01/24/2016,3.0,20.0,378.0,160.0,7.0
01/24/2017,5.0,24.0,379.0,152.0,22.0
01/25/2015,6.0,18.0,352.0,158.0,6.0
01/25/2016,4.0,19.0,428.0,146.0,21.0
01/25/2017,5.0,18.0,416.0,146.0,25.0
01/26/2015,2.0,14.0,431.0,170.0,21.0
01/26/2016,4.0,15.0,402.0,140.0,23.0
01/26/2017,5.0,15.0,406.0,134.0,19.0
01/27/2015,3.0,28.0,377.0,141.0,21.0
01/27/2016,6.0,12.0,369.0,135.0,19.0
01/27/2017,9.0,13.0,436.0,135.0,22.0
01/28/2015,6.0,18.0,358.0,137.0,9.0
01/28/2016,3.0,22.0,404.0,135.0,19.0
01/28/2017,4.0,18.0,410.0,201.0,8.0
01/29/2015,8.0,16.0,370.0,150.0,14.0
01/29/2016,5.0,20.0,439.0,179.0,22.0
01/29/2017,10.0,15.0,398.0,170.0,10.0
01/30/2015,5.0,18.0,415.0,154.0,16.0
01/30/2016,7.0,12.0,392.0,143.0,6.0
01/30/2017,3.0,22.0,452.0,162.0,19.0
01/31/2015,3.0,23.0,349.0,178.0,12.0
01/31/2016,8.0,11.0,352.0,153.0,8.0
01/31/2017,3.0,24.0,421.0,159.0,17.0
02/01/2015,5.0,34.0,464.0,226.0,16.0
02/01/2016,7.0,48.0,578.0,182.0,33.0
02/01/2017,4.0,33.0,536.0,192.0,29.0
02/02/2015,3.0,24.0,392.0,140.0,25.0
02/02/2016,5.0,19.0,416.0,131.0,19.0
02/02/2017,2.0,26.0,378.0,145.0,17.0
02/03/2015,6.0,16.0,367.0,106.0,23.0
02/03/2016,6.0,20.0,419.0,140.0,16.0
02/03/2017,1.0,17.0,390.0,153.0,15.0
02/04/2015,1.0,20.0,369.0,147.0,19.0
02/04/2016,4.0,13.0,383.0,125.0,21.0
02/04/2017,11.0,13.0,413.0,174.0,9.0
02/05/2015,4.0,17.0,361.0,138.0,14.0
02/05/2016,6.0,18.0,416.0,182.0,25.0
02/05/2017,8.0,17.0,390.0,181.0,10.0
02/06/2015,7.0,29.0,369.0,159.0,16.0
02/06/2016,8.0,18.0,343.0,167.0,16.0
02/06/2017,1.0,18.0,377.0,161.0,23.0
02/07/2015,6.0,23.0,368.0,137.0,11.0
02/07/2016,4.0,18.0,364.0,209.0,10.0
02/07/2017,3.0,22.0,427.0,148.0,22.0
02/08/2015,8.0,14.0,292.0,192.0,12.0
02/08/2016,6.0,21.0,347.0,172.0,20.0
02/08/2017,7.0,38.0,346.0,149.0,16.0
02/09/2015,11.0,20.0,374.0,145.0,15.0
02/09/2016,3.0,22.0,379.0,169.0,20.0
02/09/2017,6.0,10.0,379.0,152.0,18.0
02/10/2015,5.0,23.0,355.0,126.0,12.0
02/10/2016,3.0,17.0,376.0,169.0,16.0
02/10/2017,4.0,16.0,479.0,164.0,21.0
02/11/2015,3.0,28.0,374.0,123.0,13.0
02/11/2016,9.0,13.0,390.0,132.0,12.0
02/11/2017,6.0,13.0,406.0,186.0,11.0
02/12/2015,4.0,21.0,413.0,154.0,15.0
02/12/2016,3.0,24.0,356.0,175.0,15.0
02/12/2017,5.0,12.0,376.0,200.0,4.0
02/13/2015,10.0,19.0,432.0,154.0,16.0
02/13/2016,7.0,12.0,357.0,169.0,8.0
02/13/2017,4.0,19.0,362.0,166.0,14.0
02/14/2015,7.0,26.0,357.0,177.0,6.0
02/14/2016,4.0,16.0,286.0,213.0,6.0
02/14/2017,3.0,12.0,383.0,164.0,17.0
02/15/2015,4.0,20.0,390.0,168.0,12.0
02/15/2016,8.0,17.0,345.0,173.0,10.0
02/15/2017,7.0,18.0,443.0,154.0,19.0
02/16/2015,3.0,14.0,385.0,155.0,8.0
02/16/2016,4.0,25.0,368.0,165.0,19.0
02/16/2017,,21.0,396.0,142.0,17.0
02/17/2015,1.0,15.0,369.0,116.0,13.0
02/17/2016,3.0,14.0,397.0,144.0,18.0
02/17/2017,5.0,18.0,438.0,131.0,19.0
02/18/2015,5.0,21.0,383.0,136.0,15.0
02/18/2016,4.0,15.0,383.0,156.0,17.0
02/18/2017,1.0,19.0,430.0,182.0,14.0
02/19/2015,4.0,15.0,378.0,164.0,19.0
02/19/2016,5.0,19.0,409.0,175.0,13.0
02/19/2017,5.0,16.0,373.0,187.0,12.0
02/20/2015,5.0,13.0,429.0,144.0,13.0
02/20/2016,4.0,20.0,384.0,181.0,11.0
02/20/2017,5.0,20.0,378.0,151.0,12.0
02/21/2015,6.0,20.0,363.0,149.0,11.0
02/21/2016,3.0,17.0,359.0,202.0,10.0
02/21/2017,8.0,20.0,442.0,159.0,13.0
02/22/2015,7.0,15.0,328.0,164.0,7.0
02/22/2016,5.0,18.0,359.0,160.0,19.0
02/22/2017,8.0,20.0,403.0,149.0,12.0
02/23/2015,4.0,18.0,351.0,147.0,13.0
02/23/2016,3.0,19.0,359.0,150.0,14.0
02/23/2017,12.0,19.0,349.0,131.0,22.0
02/24/2015,5.0,26.0,343.0,135.0,16.0
02/24/2016,4.0,11.0,389.0,165.0,18.0
02/24/2017,7.0,11.0,413.0,167.0,21.0
02/25/2015,5.0,17.0,376.0,120.0,24.0
02/25/2016,3.0,14.0,355.0,145.0,19.0
02/25/2017,1.0,21.0,384.0,158.0,15.0
02/26/2015,14.0,17.0,370.0,142.0,17.0
02/26/2016,3.0,17.0,402.0,190.0,26.0
02/26/2017,5.0,15.0,340.0,165.0,11.0
02/27/2015,6.0,26.0,396.0,151.0,18.0
02/27/2016,6.0,10.0,364.0,223.0,19.0
02/27/2017,4.0,16.0,424.0,151.0,15.0
02/28/2015,3.0,13.0,338.0,156.0,16.0
02/28/2016,,23.0,342.0,220.0,9.0
02/28/2017,4.0,16.0,389.0,142.0,14.0
02/29/2016,2.0,19.0,360.0,156.0,20.0
03/01/2015,7.0,36.0,508.0,225.0,24.0
03/01/2016,8.0,30.0,513.0,206.0,34.0
03/01/2017,7.0,34.0,500.0,220.0,35.0
03/02/2015,6.0,6.0,416.0,138.0,19.0
03/02/2016,4.0,17.0,366.0,144.0,15.0
03/02/2017,6.0,22.0,400.0,138.0,27.0
03/03/2015,,11.0,385.0,141.0,15.0
03/03/2016,6.0,15.0,368.0,128.0,17.0
03/03/2017,6.0,20.0,431.0,175.0,15.0
03/04/2015,3.0,20.0,334.0,138.0,14.0
03/04/2016,5.0,9.0,400.0,152.0,16.0
03/04/2017,5.0,14.0,402.0,166.0,14.0
03/05/2015,4.0,21.0,355.0,138.0,14.0
03/05/2016,5.0,11.0,395.0,172.0,8.0
03/05/2017,3.0,21.0,354.0,173.0,9.0
03/06/2015,10.0,17.0,413.0,150.0,15.0
03/06/2016,5.0,23.0,345.0,176.0,7.0
03/06/2017,8.0,18.0,391.0,131.0,13.0
03/07/2015,7.0,23.0,363.0,179.0,10.0
03/07/2016,2.0,12.0,387.0,142.0,17.0
03/07/2017,5.0,17.0,374.0,167.0,12.0
03/08/2015,6.0,16.0,292.0,156.0,5.0
03/08/2016,7.0,16.0,389.0,146.0,26.0
03/08/2017,6.0,19.0,374.0,152.0,22.0
03/09/2015,10.0,19.0,363.0,150.0,17.0
03/09/2016,7.0,10.0,368.0,155.0,17.0
03/09/2017,7.0,20.0,386.0,171.0,13.0
03/10/2015,5.0,19.0,368.0,160.0,14.0
03/10/2016,11.0,16.0,401.0,147.0,15.0
03/10/2017,8.0,17.0,439.0,183.0,20.0
03/11/2015,2.0,14.0,368.0,169.0,22.0
03/11/2016,5.0,18.0,376.0,128.0,19.0
03/11/2017,3.0,18.0,367.0,195.0,7.0
03/12/2015,3.0,22.0,349.0,147.0,20.0
03/12/2016,9.0,23.0,347.0,179.0,18.0
03/12/2017,8.0,9.0,289.0,195.0,9.0
03/13/2015,5.0,18.0,369.0,169.0,11.0
03/13/2016,6.0,12.0,319.0,218.0,6.0
03/13/2017,5.0,19.0,410.0,173.0,20.0
03/14/2015,5.0,14.0,389.0,197.0,14.0
03/14/2016,7.0,23.0,359.0,186.0,24.0
03/14/2017,5.0,22.0,390.0,198.0,11.0
03/15/2015,10.0,15.0,381.0,191.0,9.0
03/15/2016,6.0,18.0,384.0,161.0,20.0
03/15/2017,4.0,19.0,412.0,189.0,20.0
03/16/2015,2.0,26.0,377.0,171.0,10.0
03/16/2016,3.0,15.0,401.0,175.0,8.0
03/16/2017,8.0,21.0,400.0,175.0,10.0
03/17/2015,4.0,20.0,375.0,148.0,17.0
03/17/2016,8.0,26.0,336.0,177.0,22.0
03/17/2017,9.0,22.0,451.0,178.0,20.0
03/18/2015,4.0,21.0,322.0,150.0,14.0
03/18/2016,4.0,11.0,395.0,167.0,14.0
03/18/2017,3.0,19.0,412.0,222.0,12.0
03/19/2015,9.0,28.0,338.0,143.0,12.0
03/19/2016,4.0,17.0,380.0,168.0,10.0
03/19/2017,2.0,12.0,350.0,176.0,4.0
03/20/2015,2.0,23.0,433.0,167.0,14.0
03/20/2016,7.0,16.0,354.0,166.0,5.0
03/20/2017,4.0,18.0,371.0,162.0,24.0
03/21/2015,5.0,16.0,335.0,188.0,12.0
03/21/2016,4.0,19.0,358.0,152.0,29.0
03/21/2017,5.0,23.0,387.0,147.0,14.0
03/22/2015,1.0,11.0,347.0,198.0,6.0
03/22/2016,4.0,19.0,373.0,159.0,16.0
03/22/2017,6.0,16.0,393.0,152.0,16.0
03/23/2015,10.0,11.0,377.0,151.0,12.0
03/23/2016,7.0,11.0,409.0,146.0,17.0
03/23/2017,7.0,17.0,404.0,190.0,21.0
03/24/2015,1.0,17.0,371.0,173.0,11.0
03/24/2016,8.0,13.0,395.0,167.0,26.0
03/24/2017,4.0,16.0,430.0,156.0,19.0
03/25/2015,6.0,22.0,369.0,165.0,13.0
03/25/2016,11.0,16.0,451.0,156.0,18.0
03/25/2017,10.0,14.0,434.0,192.0,18.0
03/26/2015,5.0,16.0,378.0,169.0,13.0
03/26/2016,2.0,18.0,348.0,193.0,10.0
03/26/2017,1.0,20.0,361.0,190.0,6.0
03/27/2015,7.0,23.0,411.0,171.0,16.0
03/27/2016,2.0,9.0,325.0,190.0,6.0
03/27/2017,9.0,18.0,433.0,157.0,15.0
03/28/2015,4.0,9.0,354.0,215.0,13.0
03/28/2016,3.0,11.0,390.0,144.0,19.0
03/28/2017,1.0,18.0,397.0,149.0,17.0
03/29/2015,1.0,9.0,313.0,169.0,7.0
03/29/2016,2.0,19.0,400.0,137.0,25.0
03/29/2017,6.0,18.0,440.0,175.0,17.0
03/30/2015,7.0,18.0,380.0,136.0,17.0
03/30/2016,6.0,17.0,365.0,169.0,18.0
03/30/2017,5.0,22.0,402.0,147.0,17.0
03/31/2015,6.0,22.0,380.0,158.0,11.0
03/31/2016,4.0,10.0,354.0,161.0,34.0
03/31/2017,1.0,15.0,446.0,183.0,23.0
04/01/2015,5.0,34.0,530.0,172.0,31.0
04/01/2016,10.0,32.0,566.0,207.0,36.0
04/01/2017,6.0,33.0,479.0,207.0,24.0
04/02/2015,9.0,15.0,353.0,136.0,13.0
04/02/2016,5.0,20.0,342.0,210.0,19.0
04/02/2017,5.0,18.0,367.0,182.0,11.0
04/03/2015,6.0,14.0,406.0,177.0,23.0
04/03/2016,6.0,14.0,351.0,205.0,11.0
04/03/2017,7.0,15.0,408.0,160.0,22.0
04/04/2015,6.0,15.0,314.0,176.0,11.0
04/04/2016,4.0,24.0,405.0,153.0,23.0
04/04/2017,5.0,22.0,398.0,177.0,23.0
04/05/2015,5.0,11.0,279.0,191.0,14.0
04/05/2016,7.0,21.0,366.0,178.0,17.0
04/05/2017,7.0,12.0,363.0,197.0,18.0
04/06/2015,5.0,22.0,324.0,157.0,10.0
04/06/2016,7.0,13.0,370.0,175.0,16.0
04/06/2017,2.0,16.0,398.0,164.0,18.0
04/07/2015,4.0,20.0,336.0,132.0,16.0
04/07/2016,4.0,14.0,400.0,157.0,21.0
04/07/2017,3.0,21.0,419.0,155.0,18.0
04/08/2015,4.0,22.0,316.0,127.0,20.0
04/08/2016,5.0,23.0,434.0,171.0,24.0
04/08/2017,2.0,22.0,387.0,160.0,10.0
04/09/2015,1.0,12.0,351.0,150.0,17.0
04/09/2016,6.0,12.0,372.0,161.0,11.0
04/09/2017,4.0,11.0,353.0,186.0,11.0
04/10/2015,6.0,22.0,396.0,145.0,15.0
04/10/2016,6.0,22.0,355.0,220.0,12.0
04/10/2017,3.0,18.0,421.0,167.0,22.0
04/11/2015,7.0,8.0,339.0,181.0,10.0
04/11/2016,1.0,22.0,375.0,189.0,22.0
04/11/2017,3.0,20.0,353.0,137.0,12.0
04/12/2015,4.0,17.0,319.0,171.0,4.0
04/12/2016,1.0,16.0,371.0,181.0,30.0
04/12/2017,6.0,22.0,348.0,152.0,20.0
04/13/2015,3.0,27.0,374.0,163.0,15.0
04/13/2016,2.0,18.0,372.0,160.0,23.0
04/13/2017,7.0,14.0,396.0,156.0,22.0
04/14/2015,6.0,22.0,365.0,139.0,22.0
04/14/2016,1.0,14.0,408.0,156.0,29.0
04/14/2017,6.0,12.0,405.0,129.0,16.0
04/15/2015,4.0,26.0,424.0,179.0,17.0
04/15/2016,10.0,22.0,466.0,214.0,16.0
04/15/2017,6.0,13.0,377.0,190.0,16.0
04/16/2015,7.0,12.0,374.0,163.0,11.0
04/16/2016,3.0,12.0,401.0,211.0,14.0
04/16/2017,4.0,17.0,369.0,183.0,10.0
04/17/2015,7.0,19.0,400.0,148.0,16.0
04/17/2016,5.0,22.0,376.0,224.0,13.0
04/17/2017,9.0,33.0,396.0,185.0,21.0
04/18/2015,10.0,14.0,337.0,195.0,18.0
04/18/2016,6.0,26.0,378.0,179.0,22.0
04/18/2017,5.0,26.0,411.0,173.0,18.0
04/19/2015,3.0,14.0,322.0,184.0,7.0
04/19/2016,4.0,14.0,380.0,177.0,16.0
04/19/2017,4.0,14.0,379.0,179.0,19.0
04/20/2015,3.0,23.0,361.0,157.0,18.0
04/20/2016,12.0,25.0,379.0,183.0,18.0
04/20/2017,6.0,22.0,390.0,146.0,13.0
04/21/2015,1.0,14.0,360.0,135.0,16.0
04/21/2016,3.0,17.0,363.0,146.0,25.0
04/21/2017,6.0,13.0,445.0,164.0,27.0
04/22/2015,5.0,16.0,387.0,141.0,20.0
04/22/2016,7.0,20.0,393.0,170.0,20.0
04/22/2017,7.0,16.0,439.0,214.0,4.0
04/23/2015,3.0,20.0,356.0,146.0,10.0
04/23/2016,11.0,19.0,353.0,195.0,4.0
04/23/2017,3.0,15.0,344.0,194.0,7.0
04/24/2015,5.0,10.0,382.0,128.0,18.0
04/24/2016,6.0,24.0,364.0,190.0,11.0
04/24/2017,8.0,23.0,419.0,170.0,23.0
04/25/2015,3.0,13.0,367.0,156.0,8.0
04/25/2016,4.0,13.0,378.0,171.0,17.0
04/25/2017,6.0,26.0,397.0,166.0,22.0
04/26/2015,11.0,21.0,351.0,159.0,6.0
04/26/2016,5.0,24.0,386.0,162.0,25.0
04/26/2017,7.0,22.0,401.0,163.0,9.0
04/27/2015,,11.0,375.0,142.0,7.0
04/27/2016,5.0,27.0,368.0,167.0,17.0
04/27/2017,2.0,21.0,425.0,160.0,22.0
04/28/2015,3.0,27.0,365.0,150.0,20.0
04/28/2016,6.0,19.0,388.0,125.0,18.0
04/28/2017,5.0,14.0,449.0,176.0,24.0
04/29/2015,5.0,14.0,348.0,169.0,12.0
04/29/2016,9.0,18.0,386.0,161.0,23.0
04/29/2017,12.0,20.0,404.0,205.0,11.0
04/30/2015,8.0,17.0,348.0,175.0,20.0
04/30/2016,10.0,27.0,398.0,192.0,5.0
04/30/2017,6.0,15.0,391.0,234.0,9.0
05/01/2015,5.0,34.0,530.0,233.0,30.0
05/01/2016,6.0,36.0,485.0,257.0,14.0
05/01/2017,3.0,28.0,531.0,235.0,26.0
05/02/2015,3.0,14.0,363.0,215.0,15.0
05/02/2016,7.0,12.0,415.0,176.0,20.0
05/02/2017,4.0,14.0,366.0,158.0,29.0
05/03/2015,7.0,11.0,334.0,181.0,3.0
05/03/2016,3.0,22.0,393.0,165.0,16.0
05/03/2017,8.0,15.0,416.0,188.0,18.0
05/04/2015,2.0,24.0,343.0,148.0,18.0
05/04/2016,2.0,13.0,349.0,157.0,16.0
05/04/2017,4.0,19.0,371.0,173.0,9.0
05/05/2015,4.0,17.0,385.0,136.0,20.0
05/05/2016,1.0,27.0,392.0,183.0,20.0
05/05/2017,8.0,20.0,475.0,204.0,18.0
05/06/2015,7.0,16.0,330.0,140.0,15.0
05/06/2016,6.0,29.0,413.0,139.0,24.0
05/06/2017,3.0,13.0,408.0,170.0,10.0
05/07/2015,9.0,14.0,379.0,115.0,10.0
05/07/2016,7.0,27.0,383.0,162.0,11.0
05/07/2017,3.0,17.0,350.0,140.0,2.0
05/08/2015,4.0,27.0,361.0,135.0,19.0
05/08/2016,5.0,25.0,355.0,185.0,16.0
05/08/2017,6.0,15.0,410.0,154.0,23.0
05/09/2015,5.0,16.0,338.0,178.0,7.0
05/09/2016,5.0,17.0,332.0,149.0,20.0
05/09/2017,9.0,14.0,402.0,129.0,15.0
05/10/2015,10.0,18.0,318.0,168.0,11.0
05/10/2016,2.0,21.0,378.0,136.0,17.0
05/10/2017,1.0,21.0,410.0,149.0,18.0
05/11/2015,2.0,19.0,390.0,151.0,21.0
05/11/2016,8.0,16.0,363.0,154.0,19.0
05/11/2017,4.0,24.0,402.0,172.0,12.0
05/12/2015,4.0,25.0,376.0,156.0,10.0
05/12/2016,6.0,16.0,406.0,145.0,20.0
05/12/2017,3.0,20.0,410.0,186.0,24.0
05/13/2015,2.0,22.0,345.0,151.0,7.0
05/13/2016,5.0,14.0,414.0,173.0,17.0
05/13/2017,3.0,17.0,381.0,171.0,13.0
05/14/2015,3.0,21.0,361.0,135.0,13.0
05/14/2016,3.0,14.0,403.0,192.0,8.0
05/14/2017,1.0,21.0,336.0,166.0,4.0
05/15/2015,9.0,21.0,431.0,198.0,24.0
05/15/2016,2.0,23.0,360.0,209.0,13.0
05/15/2017,3.0,39.0,407.0,138.0,28.0
05/16/2015,2.0,22.0,337.0,180.0,10.0
05/16/2016,3.0,20.0,425.0,160.0,16.0
05/16/2017,7.0,25.0,374.0,157.0,17.0
05/17/2015,5.0,12.0,307.0,182.0,9.0
05/17/2016,3.0,14.0,389.0,153.0,18.0
05/17/2017,5.0,25.0,361.0,179.0,12.0
05/18/2015,1.0,11.0,370.0,158.0,13.0
05/18/2016,4.0,25.0,382.0,169.0,17.0
05/18/2017,3.0,15.0,385.0,178.0,16.0
05/19/2015,5.0,14.0,405.0,157.0,19.0
05/19/2016,6.0,17.0,404.0,156.0,24.0
05/19/2017,4.0,24.0,438.0,186.0,21.0
05/20/2015,5.0,12.0,394.0,160.0,20.0
05/20/2016,1.0,18.0,434.0,191.0,20.0
05/20/2017,4.0,17.0,419.0,207.0,11.0
05/21/2015,5.0,21.0,403.0,150.0,23.0
05/21/2016,8.0,23.0,367.0,185.0,10.0
05/21/2017,2.0,20.0,344.0,206.0,11.0
05/22/2015,12.0,23.0,394.0,139.0,18.0
05/22/2016,6.0,20.0,381.0,183.0,10.0
05/22/2017,4.0,18.0,407.0,178.0,14.0
05/23/2015,6.0,20.0,345.0,124.0,12.0
05/23/2016,10.0,17.0,396.0,170.0,16.0
05/23/2017,2.0,27.0,376.0,177.0,14.0
05/24/2015,9.0,19.0,353.0,186.0,9.0
05/24/2016,8.0,30.0,418.0,160.0,16.0
05/24/2017,9.0,16.0,399.0,197.0,17.0
05/25/2015,5.0,16.0,333.0,169.0,11.0
05/25/2016,4.0,28.0,425.0,142.0,19.0
05/25/2017,7.0,18.0,358.0,187.0,17.0
05/26/2015,2.0,26.0,332.0,167.0,18.0
05/26/2016,4.0,18.0,401.0,171.0,17.0
05/26/2017,1.0,25.0,524.0,241.0,14.0
05/27/2015,4.0,19.0,354.0,145.0,12.0
05/27/2016,8.0,12.0,434.0,173.0,26.0
05/27/2017,3.0,18.0,403.0,197.0,15.0
05/28/2015,1.0,18.0,377.0,144.0,17.0
05/28/2016,7.0,15.0,401.0,151.0,10.0
05/28/2017,3.0,25.0,330.0,192.0,11.0
05/29/2015,8.0,22.0,417.0,152.0,17.0
05/29/2016,12.0,18.0,379.0,204.0,16.0
05/29/2017,6.0,18.0,341.0,204.0,8.0
05/30/2015,8.0,17.0,386.0,195.0,13.0
05/30/2016,3.0,13.0,324.0,211.0,8.0
05/30/2017,7.0,19.0,392.0,157.0,25.0
05/31/2015,3.0,16.0,354.0,176.0,3.0
05/31/2016,6.0,6.0,376.0,163.0,24.0
05/31/2017,6.0,22.0,389.0,179.0,22.0
06/01/2015,5.0,39.0,542.0,236.0,37.0
06/01/2016,3.0,35.0,516.0,239.0,34.0
06/01/2017,9.0,25.0,505.0,234.0,37.0
06/02/2015,5.0,14.0,351.0,169.0,21.0
06/02/2016,4.0,19.0,406.0,156.0,25.0
06/02/2017,9.0,27.0,395.0,189.0,26.0
06/03/2015,5.0,17.0,335.0,143.0,22.0
06/03/2016,3.0,19.0,426.0,192.0,21.0
06/03/2017,1.0,25.0,368.0,211.0,18.0
06/04/2015,4.0,10.0,343.0,165.0,22.0
06/04/2016,6.0,11.0,348.0,189.0,7.0
06/04/2017,6.0,9.0,344.0,206.0,14.0
06/05/2015,7.0,17.0,375.0,164.0,18.0
06/05/2016,4.0,12.0,322.0,165.0,9.0
06/05/2017,2.0,20.0,420.0,164.0,25.0
06/06/2015,9.0,21.0,355.0,176.0,7.0
06/06/2016,7.0,22.0,394.0,169.0,18.0
06/06/2017,4.0,29.0,404.0,181.0,16.0
06/07/2015,2.0,7.0,283.0,206.0,6.0
06/07/2016,6.0,22.0,354.0,169.0,19.0
06/07/2017,9.0,22.0,401.0,172.0,22.0
06/08/2015,3.0,18.0,352.0,161.0,18.0
06/08/2016,2.0,24.0,404.0,173.0,19.0
06/08/2017,4.0,22.0,383.0,151.0,19.0
06/09/2015,4.0,14.0,371.0,138.0,18.0
06/09/2016,1.0,22.0,432.0,155.0,19.0
06/09/2017,7.0,15.0,429.0,159.0,21.0
06/10/2015,7.0,14.0,363.0,158.0,16.0
06/10/2016,4.0,22.0,422.0,177.0,25.0
06/10/2017,6.0,18.0,383.0,192.0,11.0
06/11/2015,8.0,23.0,412.0,156.0,16.0
06/11/2016,3.0,12.0,376.0,179.0,8.0
06/11/2017,7.0,20.0,349.0,179.0,15.0
06/12/2015,7.0,18.0,401.0,171.0,21.0
06/12/2016,5.0,18.0,367.0,216.0,5.0
06/12/2017,4.0,24.0,373.0,173.0,16.0
06/13/2015,5.0,18.0,346.0,161.0,12.0
06/13/2016,3.0,20.0,403.0,157.0,22.0
06/13/2017,3.0,21.0,337.0,163.0,20.0
06/14/2015,11.0,21.0,289.0,174.0,11.0
06/14/2016,6.0,16.0,385.0,156.0,19.0
06/14/2017,2.0,24.0,393.0,194.0,18.0
06/15/2015,4.0,24.0,436.0,170.0,16.0
06/15/2016,4.0,19.0,425.0,159.0,28.0
06/15/2017,8.0,23.0,399.0,201.0,24.0
06/16/2015,2.0,16.0,319.0,151.0,9.0
06/16/2016,5.0,16.0,398.0,171.0,24.0
06/16/2017,13.0,22.0,395.0,169.0,17.0
06/17/2015,2.0,18.0,375.0,160.0,19.0
06/17/2016,6.0,16.0,433.0,171.0,15.0
06/17/2017,3.0,19.0,392.0,190.0,11.0
06/18/2015,6.0,16.0,402.0,139.0,10.0
06/18/2016,1.0,20.0,387.0,194.0,17.0
06/18/2017,10.0,24.0,340.0,238.0,8.0
06/19/2015,7.0,18.0,381.0,177.0,9.0
06/19/2016,11.0,15.0,327.0,228.0,4.0
06/19/2017,3.0,16.0,359.0,159.0,22.0
06/20/2015,4.0,23.0,376.0,195.0,8.0
06/20/2016,6.0,30.0,418.0,188.0,20.0
06/20/2017,7.0,20.0,405.0,192.0,22.0
06/21/2015,7.0,23.0,298.0,204.0,11.0
06/21/2016,11.0,13.0,409.0,173.0,18.0
06/21/2017,5.0,24.0,355.0,167.0,22.0
06/22/2015,1.0,20.0,337.0,183.0,24.0
06/22/2016,3.0,22.0,414.0,164.0,24.0
06/22/2017,7.0,14.0,387.0,190.0,16.0
06/23/2015,5.0,24.0,354.0,155.0,13.0
06/23/2016,4.0,23.0,418.0,169.0,24.0
06/23/2017,5.0,25.0,442.0,195.0,21.0
06/24/2015,4.0,20.0,364.0,153.0,19.0
06/24/2016,4.0,14.0,374.0,198.0,14.0
06/24/2017,4.0,8.0,419.0,211.0,11.0
06/25/2015,6.0,16.0,332.0,155.0,19.0
06/25/2016,3.0,19.0,421.0,193.0,17.0
06/25/2017,2.0,15.0,378.0,231.0,11.0
06/26/2015,6.0,20.0,433.0,179.0,11.0
06/26/2016,6.0,20.0,402.0,213.0,8.0
06/26/2017,4.0,28.0,406.0,171.0,20.0
06/27/2015,3.0,21.0,370.0,190.0,12.0
06/27/2016,2.0,17.0,423.0,221.0,16.0
06/27/2017,7.0,10.0,394.0,178.0,18.0
06/28/2015,3.0,14.0,330.0,211.0,4.0
06/28/2016,3.0,18.0,409.0,175.0,24.0
06/28/2017,10.0,24.0,361.0,169.0,24.0
06/29/2015,7.0,25.0,385.0,164.0,12.0
06/29/2016,6.0,17.0,336.0,191.0,26.0
06/29/2017,3.0,14.0,366.0,200.0,11.0
06/30/2015,5.0,16.0,366.0,156.0,10.0
06/30/2016,3.0,19.0,423.0,143.0,29.0
06/30/2017,4.0,20.0,478.0,173.0,20.0
07/01/2015,8.0,23.0,529.0,212.0,20.0
07/01/2016,10.0,23.0,550.0,216.0,31.0
07/01/2017,8.0,20.0,460.0,245.0,23.0
07/02/2015,1.0,14.0,340.0,169.0,12.0
07/02/2016,2.0,25.0,380.0,188.0,14.0
07/02/2017,6.0,11.0,390.0,178.0,10.0
07/03/2015,4.0,22.0,408.0,175.0,22.0
07/03/2016,9.0,18.0,373.0,185.0,8.0
07/03/2017,4.0,26.0,400.0,186.0,21.0
07/04/2015,4.0,19.0,334.0,229.0,8.0
07/04/2016,6.0,17.0,373.0,233.0,8.0
07/04/2017,4.0,25.0,380.0,246.0,10.0
07/05/2015,3.0,22.0,330.0,176.0,11.0
07/05/2016,1.0,19.0,412.0,197.0,19.0
07/05/2017,6.0,16.0,386.0,179.0,20.0
07/06/2015,2.0,17.0,400.0,160.0,18.0
07/06/2016,3.0,22.0,406.0,180.0,22.0
07/06/2017,13.0,17.0,360.0,176.0,20.0
07/07/2015,3.0,13.0,355.0,143.0,14.0
07/07/2016,4.0,25.0,359.0,139.0,19.0
07/07/2017,6.0,13.0,425.0,197.0,23.0
07/08/2015,5.0,17.0,381.0,159.0,20.0
07/08/2016,9.0,21.0,427.0,166.0,25.0
07/08/2017,2.0,21.0,374.0,208.0,14.0
07/09/2015,6.0,20.0,369.0,146.0,11.0
07/09/2016,1.0,19.0,329.0,163.0,25.0
07/09/2017,6.0,16.0,326.0,232.0,15.0
07/10/2015,4.0,16.0,352.0,167.0,23.0
07/10/2016,7.0,23.0,352.0,223.0,18.0
07/10/2017,3.0,21.0,378.0,191.0,21.0
07/11/2015,5.0,13.0,327.0,193.0,11.0
07/11/2016,7.0,17.0,414.0,135.0,26.0
07/11/2017,3.0,17.0,386.0,177.0,28.0
07/12/2015,8.0,22.0,323.0,166.0,8.0
07/12/2016,5.0,19.0,351.0,129.0,17.0
07/12/2017,4.0,25.0,373.0,176.0,24.0
07/13/2015,4.0,15.0,410.0,151.0,16.0
07/13/2016,7.0,21.0,408.0,136.0,18.0
07/13/2017,7.0,30.0,419.0,177.0,22.0
07/14/2015,6.0,14.0,356.0,150.0,19.0
07/14/2016,8.0,16.0,429.0,136.0,20.0
07/14/2017,,23.0,425.0,197.0,21.0
07/15/2015,6.0,19.0,443.0,176.0,18.0
07/15/2016,8.0,12.0,446.0,163.0,26.0
07/15/2017,6.0,18.0,440.0,207.0,13.0
07/16/2015,6.0,20.0,332.0,135.0,19.0
07/16/2016,5.0,15.0,424.0,187.0,7.0
07/16/2017,5.0,20.0,380.0,229.0,11.0
07/17/2015,6.0,22.0,389.0,179.0,15.0
07/17/2016,4.0,11.0,352.0,180.0,8.0
07/17/2017,7.0,21.0,384.0,190.0,15.0
07/18/2015,5.0,13.0,328.0,167.0,10.0
07/18/2016,9.0,18.0,376.0,175.0,16.0
07/18/2017,7.0,18.0,417.0,197.0,19.0
07/19/2015,6.0,18.0,348.0,215.0,4.0
07/19/2016,7.0,11.0,412.0,152.0,14.0
07/19/2017,7.0,24.0,412.0,203.0,11.0
07/20/2015,2.0,28.0,418.0,174.0,18.0
07/20/2016,7.0,17.0,441.0,180.0,20.0
07/20/2017,10.0,21.0,437.0,184.0,8.0
07/21/2015,5.0,25.0,387.0,167.0,21.0
07/21/2016,3.0,11.0,404.0,162.0,17.0
07/21/2017,8.0,25.0,450.0,215.0,20.0
07/22/2015,3.0,24.0,358.0,177.0,24.0
07/22/2016,6.0,18.0,443.0,206.0,18.0
07/22/2017,5.0,16.0,439.0,193.0,20.0
07/23/2015,6.0,18.0,387.0,170.0,15.0
07/23/2016,2.0,19.0,387.0,194.0,9.0
07/23/2017,8.0,24.0,438.0,211.0,9.0
07/24/2015,5.0,26.0,383.0,160.0,12.0
07/24/2016,12.0,20.0,331.0,203.0,4.0
07/24/2017,2.0,22.0,398.0,178.0,17.0
07/25/2015,1.0,12.0,405.0,200.0,12.0
07/25/2016,7.0,21.0,381.0,176.0,22.0
07/25/2017,5.0,19.0,426.0,148.0,17.0
07/26/2015,6.0,13.0,363.0,224.0,8.0
07/26/2016,4.0,23.0,389.0,178.0,33.0
07/26/2017,9.0,18.0,397.0,178.0,16.0
07/27/2015,1.0,23.0,419.0,187.0,18.0
07/27/2016,10.0,17.0,396.0,156.0,17.0
07/27/2017,7.0,13.0,428.0,183.0,14.0
07/28/2015,1.0,22.0,422.0,157.0,10.0
07/28/2016,9.0,20.0,398.0,168.0,16.0
07/28/2017,7.0,16.0,414.0,185.0,21.0
07/29/2015,7.0,23.0,419.0,151.0,14.0
07/29/2016,7.0,19.0,403.0,192.0,22.0
07/29/2017,2.0,19.0,416.0,177.0,15.0
07/30/2015,8.0,18.0,392.0,175.0,16.0
07/30/2016,6.0,22.0,431.0,183.0,11.0
07/30/2017,5.0,16.0,348.0,234.0,17.0
07/31/2015,5.0,15.0,441.0,184.0,12.0
07/31/2016,9.0,20.0,378.0,180.0,8.0
07/31/2017,4.0,14.0,427.0,187.0,22.0
08/01/2015,3.0,36.0,525.0,274.0,25.0
08/01/2016,3.0,26.0,566.0,233.0,30.0
08/01/2017,4.0,29.0,498.0,199.0,26.0
08/02/2015,4.0,18.0,399.0,193.0,9.0
08/02/2016,6.0,19.0,408.0,162.0,18.0
08/02/2017,10.0,18.0,420.0,174.0,16.0
08/03/2015,9.0,21.0,422.0,158.0,18.0
08/03/2016,8.0,17.0,413.0,177.0,15.0
08/03/2017,8.0,19.0,391.0,197.0,25.0
08/04/2015,2.0,17.0,386.0,144.0,20.0
08/04/2016,5.0,21.0,395.0,156.0,24.0
08/04/2017,5.0,14.0,422.0,173.0,7.0
08/05/2015,7.0,13.0,404.0,174.0,21.0
08/05/2016,5.0,17.0,432.0,169.0,21.0
08/05/2017,10.0,24.0,394.0,224.0,8.0
08/06/2015,3.0,22.0,371.0,178.0,22.0
08/06/2016,6.0,7.0,396.0,171.0,12.0
08/06/2017,4.0,24.0,357.0,203.0,7.0
08/07/2015,4.0,15.0,399.0,138.0,16.0
08/07/2016,5.0,17.0,358.0,187.0,14.0
08/07/2017,7.0,16.0,415.0,181.0,15.0
08/08/2015,3.0,15.0,342.0,187.0,10.0
08/08/2016,5.0,22.0,409.0,175.0,22.0
08/08/2017,2.0,20.0,363.0,166.0,9.0
08/09/2015,10.0,11.0,333.0,178.0,7.0
08/09/2016,9.0,11.0,391.0,134.0,23.0
08/09/2017,6.0,15.0,380.0,159.0,12.0
08/10/2015,3.0,25.0,382.0,152.0,18.0
08/10/2016,8.0,16.0,398.0,137.0,27.0
08/10/2017,9.0,29.0,387.0,173.0,21.0
08/11/2015,7.0,10.0,328.0,163.0,14.0
08/11/2016,7.0,18.0,396.0,166.0,15.0
08/11/2017,8.0,14.0,413.0,162.0,16.0
08/12/2015,6.0,22.0,381.0,161.0,16.0
08/12/2016,9.0,18.0,386.0,142.0,13.0
08/12/2017,6.0,16.0,410.0,200.0,3.0
08/13/2015,9.0,12.0,381.0,145.0,9.0
08/13/2016,1.0,27.0,413.0,179.0,6.0
08/13/2017,7.0,18.0,371.0,199.0,8.0
08/14/2015,4.0,14.0,419.0,133.0,18.0
08/14/2016,4.0,18.0,351.0,186.0,3.0
08/14/2017,7.0,13.0,407.0,175.0,20.0
08/15/2015,4.0,27.0,420.0,193.0,15.0
08/15/2016,9.0,17.0,421.0,199.0,28.0
08/15/2017,9.0,18.0,410.0,175.0,23.0
08/16/2015,8.0,18.0,374.0,185.0,7.0
08/16/2016,6.0,16.0,372.0,170.0,17.0
08/16/2017,4.0,10.0,404.0,169.0,15.0
08/17/2015,6.0,22.0,405.0,156.0,11.0
08/17/2016,2.0,19.0,415.0,163.0,19.0
08/17/2017,4.0,22.0,401.0,168.0,23.0
08/18/2015,5.0,21.0,328.0,171.0,24.0
08/18/2016,5.0,19.0,387.0,156.0,8.0
08/18/2017,3.0,14.0,434.0,183.0,16.0
08/19/2015,6.0,23.0,387.0,175.0,20.0
08/19/2016,5.0,28.0,416.0,172.0,20.0
08/19/2017,4.0,14.0,423.0,173.0,10.0
08/20/2015,5.0,17.0,402.0,195.0,18.0
08/20/2016,2.0,24.0,447.0,207.0,18.0
08/20/2017,9.0,15.0,351.0,221.0,8.0
08/21/2015,5.0,28.0,414.0,174.0,14.0
08/21/2016,1.0,20.0,345.0,216.0,13.0
08/21/2017,4.0,23.0,409.0,173.0,18.0
08/22/2015,9.0,13.0,397.0,210.0,10.0
08/22/2016,3.0,14.0,425.0,178.0,15.0
08/22/2017,7.0,17.0,396.0,179.0,12.0
08/23/2015,3.0,14.0,358.0,203.0,7.0
08/23/2016,5.0,24.0,389.0,158.0,22.0
08/23/2017,8.0,19.0,399.0,168.0,16.0
08/24/2015,1.0,21.0,423.0,170.0,18.0
08/24/2016,4.0,20.0,409.0,184.0,13.0
08/24/2017,8.0,14.0,392.0,170.0,15.0
08/25/2015,,14.0,411.0,175.0,16.0
08/25/2016,5.0,21.0,387.0,154.0,19.0
08/25/2017,6.0,26.0,443.0,167.0,23.0
08/26/2015,1.0,18.0,394.0,156.0,15.0
08/26/2016,5.0,27.0,464.0,178.0,22.0
08/26/2017,1.0,22.0,416.0,229.0,4.0
08/27/2015,3.0,16.0,359.0,170.0,15.0
08/27/2016,6.0,13.0,398.0,180.0,12.0
08/27/2017,7.0,17.0,372.0,227.0,9.0
08/28/2015,5.0,17.0,399.0,186.0,23.0
08/28/2016,3.0,12.0,340.0,218.0,14.0
08/28/2017,4.0,29.0,414.0,187.0,18.0
08/29/2015,9.0,17.0,377.0,219.0,12.0
08/29/2016,7.0,15.0,397.0,146.0,21.0
08/29/2017,8.0,19.0,379.0,183.0,18.0
08/30/2015,13.0,13.0,315.0,205.0,9.0
08/30/2016,4.0,15.0,408.0,152.0,14.0
08/30/2017,9.0,21.0,393.0,154.0,25.0
08/31/2015,6.0,20.0,388.0,153.0,27.0
08/31/2016,8.0,30.0,375.0,142.0,21.0
08/31/2017,10.0,26.0,454.0,205.0,16.0
09/01/2015,3.0,34.0,544.0,212.0,24.0
09/01/2016,12.0,39.0,524.0,244.0,38.0
09/01/2017,4.0,42.0,536.0,290.0,24.0
09/02/2015,4.0,16.0,349.0,141.0,19.0
09/02/2016,7.0,12.0,454.0,170.0,23.0
09/02/2017,3.0,20.0,387.0,220.0,13.0
09/03/2015,9.0,24.0,384.0,151.0,25.0
09/03/2016,5.0,21.0,373.0,183.0,18.0
09/03/2017,6.0,18.0,345.0,258.0,8.0
09/04/2015,7.0,18.0,419.0,144.0,15.0
09/04/2016,7.0,16.0,365.0,157.0,9.0
09/04/2017,5.0,21.0,355.0,193.0,17.0
09/05/2015,4.0,27.0,374.0,168.0,15.0
09/05/2016,7.0,16.0,382.0,209.0,6.0
09/05/2017,3.0,21.0,400.0,187.0,19.0
09/06/2015,2.0,12.0,312.0,194.0,7.0
09/06/2016,6.0,19.0,360.0,158.0,16.0
09/06/2017,8.0,32.0,389.0,173.0,14.0
09/07/2015,1.0,13.0,324.0,211.0,9.0
09/07/2016,1.0,21.0,371.0,107.0,21.0
09/07/2017,8.0,16.0,364.0,158.0,10.0
09/08/2015,5.0,22.0,361.0,165.0,18.0
09/08/2016,1.0,25.0,413.0,145.0,19.0
09/08/2017,9.0,18.0,448.0,183.0,15.0
09/09/2015,6.0,13.0,342.0,184.0,15.0
09/09/2016,7.0,13.0,373.0,158.0,27.0
09/09/2017,5.0,17.0,412.0,205.0,10.0
09/10/2015,7.0,17.0,373.0,184.0,15.0
09/10/2016,6.0,19.0,391.0,180.0,14.0
09/10/2017,7.0,21.0,345.0,233.0,7.0
09/11/2015,8.0,31.0,405.0,207.0,15.0
09/11/2016,3.0,12.0,343.0,174.0,7.0
09/11/2017,6.0,21.0,412.0,194.0,16.0
09/12/2015,7.0,14.0,330.0,197.0,17.0
09/12/2016,4.0,15.0,387.0,149.0,15.0
09/12/2017,4.0,23.0,411.0,179.0,19.0
09/13/2015,4.0,18.0,357.0,215.0,10.0
09/13/2016,5.0,17.0,371.0,154.0,15.0
09/13/2017,5.0,25.0,416.0,173.0,11.0
09/14/2015,2.0,18.0,393.0,156.0,17.0
09/14/2016,5.0,15.0,411.0,144.0,21.0
09/14/2017,3.0,22.0,429.0,163.0,16.0
09/15/2015,8.0,23.0,434.0,153.0,14.0
09/15/2016,4.0,25.0,411.0,140.0,14.0
09/15/2017,4.0,27.0,471.0,199.0,17.0
09/16/2015,5.0,16.0,392.0,138.0,19.0
09/16/2016,7.0,25.0,422.0,192.0,12.0
09/16/2017,10.0,24.0,415.0,210.0,11.0
09/17/2015,1.0,22.0,383.0,158.0,13.0
09/17/2016,9.0,17.0,380.0,210.0,11.0
09/17/2017,2.0,25.0,369.0,207.0,5.0
09/18/2015,5.0,21.0,448.0,167.0,21.0
09/18/2016,7.0,13.0,357.0,193.0,10.0
09/18/2017,4.0,21.0,413.0,169.0,20.0
09/19/2015,3.0,11.0,343.0,194.0,13.0
09/19/2016,2.0,20.0,398.0,194.0,22.0
09/19/2017,6.0,19.0,369.0,164.0,19.0
09/20/2015,4.0,14.0,365.0,240.0,15.0
09/20/2016,3.0,22.0,371.0,196.0,15.0
09/20/2017,4.0,23.0,395.0,175.0,10.0
09/21/2015,3.0,18.0,348.0,188.0,17.0
09/21/2016,3.0,21.0,425.0,177.0,18.0
09/21/2017,7.0,20.0,407.0,181.0,16.0
09/22/2015,2.0,20.0,394.0,162.0,7.0
09/22/2016,2.0,21.0,405.0,158.0,27.0
09/22/2017,7.0,19.0,472.0,172.0,17.0
09/23/2015,7.0,20.0,377.0,166.0,19.0
09/23/2016,12.0,18.0,428.0,165.0,22.0
09/23/2017,6.0,21.0,365.0,174.0,9.0
09/24/2015,6.0,15.0,404.0,188.0,14.0
09/24/2016,4.0,23.0,382.0,201.0,8.0
09/24/2017,6.0,13.0,402.0,220.0,6.0
09/25/2015,7.0,18.0,410.0,190.0,13.0
09/25/2016,5.0,13.0,382.0,188.0,8.0
09/25/2017,6.0,17.0,432.0,148.0,22.0
09/26/2015,4.0,30.0,380.0,216.0,16.0
09/26/2016,6.0,23.0,355.0,180.0,18.0
09/26/2017,5.0,21.0,393.0,176.0,14.0
09/27/2015,5.0,22.0,327.0,204.0,7.0
09/27/2016,3.0,21.0,366.0,155.0,20.0
09/27/2017,8.0,14.0,424.0,157.0,18.0
09/28/2015,5.0,21.0,379.0,183.0,13.0
09/28/2016,6.0,22.0,406.0,162.0,18.0
09/28/2017,7.0,19.0,402.0,178.0,13.0
09/29/2015,8.0,17.0,383.0,163.0,19.0
09/29/2016,3.0,22.0,383.0,149.0,19.0
09/29/2017,6.0,28.0,441.0,184.0,15.0
09/30/2015,7.0,16.0,403.0,173.0,23.0
09/30/2016,3.0,21.0,393.0,186.0,24.0
09/30/2017,4.0,14.0,421.0,175.0,15.0
10/01/2015,7.0,34.0,522.0,209.0,25.0
10/01/2016,5.0,29.0,530.0,227.0,28.0
10/01/2017,5.0,36.0,453.0,231.0,18.0
10/02/2015,4.0,18.0,399.0,159.0,10.0
10/02/2016,5.0,15.0,362.0,225.0,8.0
10/02/2017,5.0,20.0,388.0,178.0,18.0
10/03/2015,5.0,20.0,397.0,212.0,18.0
10/03/2016,8.0,20.0,407.0,167.0,24.0
10/03/2017,10.0,26.0,375.0,154.0,18.0
10/04/2015,6.0,14.0,301.0,202.0,9.0
10/04/2016,4.0,15.0,378.0,138.0,15.0
10/04/2017,9.0,19.0,388.0,143.0,10.0
10/05/2015,8.0,22.0,401.0,140.0,13.0
10/05/2016,4.0,21.0,385.0,160.0,18.0
10/05/2017,8.0,12.0,430.0,147.0,16.0
10/06/2015,3.0,17.0,343.0,159.0,21.0
10/06/2016,6.0,16.0,373.0,137.0,17.0
10/06/2017,8.0,27.0,485.0,153.0,13.0
10/07/2015,4.0,25.0,350.0,160.0,23.0
10/07/2016,4.0,13.0,461.0,163.0,10.0
10/07/2017,4.0,18.0,460.0,231.0,12.0
10/08/2015,5.0,16.0,387.0,192.0,16.0
10/08/2016,4.0,14.0,386.0,189.0,12.0
10/08/2017,4.0,18.0,369.0,198.0,5.0
10/09/2015,7.0,19.0,410.0,179.0,12.0
10/09/2016,6.0,23.0,334.0,205.0,5.0
10/09/2017,6.0,19.0,386.0,156.0,16.0
10/10/2015,2.0,17.0,400.0,211.0,15.0
10/10/2016,8.0,26.0,413.0,195.0,17.0
10/10/2017,6.0,23.0,383.0,161.0,19.0
10/11/2015,4.0,12.0,351.0,213.0,7.0
10/11/2016,8.0,13.0,438.0,151.0,25.0
10/11/2017,6.0,23.0,346.0,159.0,13.0
10/12/2015,5.0,16.0,374.0,184.0,18.0
10/12/2016,5.0,14.0,405.0,143.0,12.0
10/12/2017,5.0,17.0,380.0,166.0,21.0
10/13/2015,5.0,11.0,361.0,183.0,16.0
10/13/2016,6.0,20.0,394.0,156.0,16.0
10/13/2017,5.0,24.0,463.0,178.0,9.0
10/14/2015,8.0,23.0,383.0,161.0,16.0
10/14/2016,4.0,20.0,429.0,166.0,20.0
10/14/2017,6.0,20.0,425.0,218.0,7.0
10/15/2015,6.0,27.0,490.0,190.0,13.0
10/15/2016,6.0,25.0,455.0,184.0,17.0
10/15/2017,3.0,29.0,402.0,222.0,14.0
10/16/2015,5.0,16.0,491.0,171.0,13.0
10/16/2016,8.0,16.0,334.0,206.0,8.0
10/16/2017,4.0,28.0,391.0,197.0,14.0
10/17/2015,8.0,18.0,411.0,223.0,10.0
10/17/2016,4.0,17.0,411.0,161.0,26.0
10/17/2017,2.0,31.0,408.0,203.0,21.0
10/18/2015,1.0,19.0,354.0,185.0,10.0
10/18/2016,2.0,22.0,425.0,168.0,16.0
10/18/2017,5.0,11.0,406.0,191.0,25.0
10/19/2015,3.0,16.0,394.0,159.0,13.0
10/19/2016,7.0,24.0,389.0,148.0,22.0
10/19/2017,5.0,20.0,415.0,164.0,23.0
10/20/2015,4.0,11.0,434.0,173.0,12.0
10/20/2016,7.0,18.0,429.0,161.0,11.0
10/20/2017,8.0,27.0,509.0,216.0,19.0
10/21/2015,5.0,12.0,400.0,124.0,11.0
10/21/2016,7.0,18.0,415.0,162.0,9.0
10/21/2017,5.0,16.0,432.0,209.0,12.0
10/22/2015,7.0,12.0,343.0,160.0,10.0
10/22/2016,12.0,16.0,382.0,178.0,11.0
10/22/2017,7.0,13.0,397.0,202.0,4.0
10/23/2015,4.0,21.0,416.0,162.0,18.0
10/23/2016,3.0,21.0,403.0,210.0,4.0
10/23/2017,5.0,20.0,421.0,185.0,17.0
10/24/2015,6.0,18.0,339.0,193.0,7.0
10/24/2016,5.0,19.0,422.0,164.0,30.0
10/24/2017,13.0,18.0,393.0,202.0,14.0
10/25/2015,5.0,21.0,359.0,205.0,15.0
10/25/2016,7.0,13.0,429.0,159.0,12.0
10/25/2017,6.0,15.0,443.0,219.0,22.0
10/26/2015,4.0,14.0,408.0,136.0,14.0
10/26/2016,3.0,23.0,418.0,146.0,19.0
10/26/2017,4.0,16.0,377.0,222.0,9.0
10/27/2015,1.0,18.0,399.0,162.0,16.0
10/27/2016,8.0,19.0,416.0,150.0,13.0
10/27/2017,6.0,16.0,454.0,198.0,21.0
10/28/2015,5.0,25.0,394.0,157.0,17.0
10/28/2016,6.0,24.0,461.0,166.0,26.0
10/28/2017,5.0,23.0,436.0,202.0,8.0
10/29/2015,6.0,20.0,383.0,146.0,15.0
10/29/2016,5.0,17.0,439.0,156.0,11.0
10/29/2017,3.0,19.0,352.0,233.0,8.0
10/30/2015,4.0,25.0,414.0,150.0,9.0
10/30/2016,4.0,7.0,387.0,203.0,10.0
10/30/2017,4.0,20.0,389.0,175.0,16.0
10/31/2015,9.0,19.0,472.0,223.0,10.0
10/31/2016,6.0,15.0,475.0,195.0,14.0
10/31/2017,8.0,15.0,473.0,198.0,20.0
11/01/2015,5.0,37.0,546.0,283.0,27.0
11/01/2016,4.0,41.0,558.0,220.0,33.0
11/01/2017,5.0,29.0,467.0,225.0,24.0
11/02/2015,3.0,14.0,364.0,144.0,21.0
11/02/2016,5.0,24.0,366.0,154.0,24.0
11/02/2017,5.0,30.0,413.0,151.0,23.0
11/03/2015,,10.0,375.0,113.0,12.0
11/03/2016,5.0,17.0,405.0,148.0,17.0
11/03/2017,6.0,20.0,483.0,177.0,22.0
11/04/2015,6.0,15.0,330.0,154.0,20.0
11/04/2016,9.0,25.0,382.0,153.0,23.0
11/04/2017,4.0,13.0,392.0,183.0,17.0
11/05/2015,5.0,18.0,350.0,130.0,17.0
11/05/2016,8.0,12.0,385.0,172.0,13.0
11/05/2017,5.0,18.0,380.0,191.0,4.0
11/06/2015,7.0,13.0,408.0,150.0,11.0
11/06/2016,11.0,21.0,381.0,182.0,9.0
11/06/2017,7.0,23.0,394.0,164.0,20.0
11/07/2015,2.0,18.0,360.0,141.0,7.0
11/07/2016,1.0,14.0,406.0,150.0,12.0
11/07/2017,5.0,25.0,399.0,153.0,13.0
11/08/2015,2.0,22.0,322.0,172.0,12.0
11/08/2016,3.0,25.0,346.0,151.0,14.0
11/08/2017,5.0,18.0,364.0,187.0,21.0
11/09/2015,7.0,10.0,416.0,117.0,18.0
11/09/2016,5.0,17.0,393.0,183.0,17.0
11/09/2017,3.0,29.0,359.0,173.0,13.0
11/10/2015,,15.0,374.0,112.0,16.0
11/10/2016,6.0,16.0,426.0,168.0,17.0
11/10/2017,6.0,16.0,413.0,183.0,18.0
11/11/2015,2.0,16.0,349.0,112.0,12.0
11/11/2016,8.0,19.0,386.0,176.0,11.0
11/11/2017,3.0,15.0,370.0,178.0,7.0
11/12/2015,6.0,16.0,372.0,134.0,15.0
11/12/2016,4.0,12.0,368.0,191.0,4.0
11/12/2017,3.0,18.0,391.0,205.0,8.0
11/13/2015,8.0,14.0,435.0,130.0,19.0
11/13/2016,6.0,17.0,377.0,178.0,7.0
11/13/2017,3.0,26.0,431.0,175.0,21.0
11/14/2015,3.0,17.0,399.0,147.0,13.0
11/14/2016,3.0,11.0,402.0,156.0,21.0
11/14/2017,6.0,22.0,401.0,174.0,15.0
11/15/2015,4.0,14.0,418.0,200.0,12.0
11/15/2016,8.0,18.0,378.0,140.0,25.0
11/15/2017,2.0,22.0,391.0,179.0,23.0
11/16/2015,6.0,16.0,384.0,170.0,23.0
11/16/2016,7.0,18.0,379.0,136.0,18.0
11/16/2017,8.0,18.0,403.0,176.0,12.0
11/17/2015,4.0,21.0,375.0,126.0,18.0
11/17/2016,5.0,14.0,393.0,128.0,13.0
11/17/2017,3.0,16.0,430.0,186.0,13.0
11/18/2015,4.0,17.0,370.0,174.0,16.0
11/18/2016,7.0,11.0,441.0,164.0,17.0
11/18/2017,1.0,16.0,372.0,216.0,13.0
11/19/2015,8.0,14.0,368.0,159.0,11.0
11/19/2016,12.0,9.0,371.0,175.0,15.0
11/19/2017,4.0,16.0,354.0,168.0,5.0
11/20/2015,5.0,17.0,466.0,148.0,18.0
11/20/2016,8.0,5.0,387.0,159.0,3.0
11/20/2017,3.0,21.0,396.0,169.0,25.0
11/21/2015,4.0,13.0,403.0,162.0,7.0
11/21/2016,4.0,12.0,407.0,127.0,17.0
11/21/2017,6.0,19.0,409.0,174.0,12.0
11/22/2015,7.0,17.0,386.0,181.0,13.0
11/22/2016,5.0,12.0,397.0,155.0,16.0
11/22/2017,7.0,12.0,475.0,164.0,11.0
11/23/2015,4.0,15.0,418.0,140.0,23.0
11/23/2016,4.0,20.0,460.0,132.0,13.0
11/23/2017,8.0,17.0,352.0,197.0,4.0
11/24/2015,5.0,20.0,377.0,147.0,14.0
11/24/2016,2.0,25.0,353.0,159.0,10.0
11/24/2017,9.0,11.0,352.0,200.0,20.0
11/25/2015,5.0,6.0,439.0,146.0,15.0
11/25/2016,2.0,14.0,379.0,135.0,25.0
11/25/2017,5.0,20.0,390.0,179.0,7.0
11/26/2015,1.0,14.0,284.0,126.0,4.0
11/26/2016,2.0,11.0,380.0,151.0,23.0
11/26/2017,2.0,17.0,407.0,194.0,5.0
11/27/2015,4.0,11.0,340.0,140.0,16.0
11/27/2016,5.0,13.0,359.0,161.0,12.0
11/27/2017,5.0,17.0,412.0,144.0,15.0
11/28/2015,,14.0,391.0,159.0,8.0
11/28/2016,3.0,19.0,404.0,154.0,22.0
11/28/2017,6.0,18.0,430.0,166.0,14.0
11/29/2015,7.0,16.0,338.0,173.0,7.0
11/29/2016,3.0,14.0,351.0,127.0,15.0
11/29/2017,6.0,23.0,421.0,167.0,10.0
11/30/2015,4.0,17.0,399.0,135.0,14.0
11/30/2016,3.0,19.0,393.0,145.0,9.0
11/30/2017,3.0,13.0,381.0,165.0,10.0
12/01/2015,4.0,29.0,533.0,208.0,30.0
12/01/2016,7.0,24.0,514.0,193.0,24.0
12/01/2017,7.0,19.0,509.0,204.0,26.0
12/02/2015,5.0,31.0,347.0,140.0,15.0
12/02/2016,2.0,17.0,421.0,169.0,13.0
12/02/2017,3.0,14.0,396.0,186.0,16.0
12/03/2015,1.0,21.0,390.0,137.0,16.0
12/03/2016,5.0,18.0,360.0,176.0,15.0
12/03/2017,4.0,19.0,371.0,174.0,11.0
12/04/2015,,19.0,427.0,158.0,13.0
12/04/2016,1.0,16.0,384.0,163.0,7.0
12/04/2017,1.0,19.0,403.0,143.0,21.0
12/05/2015,6.0,15.0,373.0,160.0,13.0
12/05/2016,2.0,13.0,415.0,187.0,30.0
12/05/2017,10.0,12.0,386.0,154.0,15.0
12/06/2015,4.0,17.0,399.0,167.0,7.0
12/06/2016,6.0,11.0,445.0,140.0,18.0
12/06/2017,7.0,16.0,385.0,156.0,11.0
12/07/2015,1.0,18.0,373.0,140.0,16.0
12/07/2016,3.0,16.0,366.0,146.0,15.0
12/07/2017,5.0,17.0,371.0,155.0,12.0
12/08/2015,3.0,17.0,361.0,148.0,9.0
12/08/2016,3.0,19.0,409.0,148.0,17.0
12/08/2017,6.0,19.0,426.0,151.0,6.0
12/09/2015,2.0,24.0,383.0,183.0,19.0
12/09/2016,11.0,14.0,450.0,165.0,20.0
12/09/2017,3.0,18.0,391.0,200.0,9.0
12/10/2015,4.0,21.0,377.0,159.0,21.0
12/10/2016,2.0,16.0,412.0,203.0,13.0
12/10/2017,6.0,19.0,396.0,198.0,8.0
12/11/2015,2.0,15.0,439.0,151.0,13.0
12/11/2016,9.0,12.0,374.0,174.0,8.0
12/11/2017,10.0,25.0,384.0,173.0,11.0
12/12/2015,5.0,9.0,389.0,165.0,11.0
12/12/2016,1.0,14.0,417.0,168.0,26.0
12/12/2017,5.0,24.0,410.0,156.0,16.0
12/13/2015,3.0,21.0,388.0,182.0,8.0
12/13/2016,3.0,10.0,371.0,171.0,16.0
12/13/2017,8.0,16.0,421.0,143.0,13.0
12/14/2015,3.0,15.0,364.0,145.0,16.0
12/14/2016,9.0,14.0,436.0,164.0,19.0
12/14/2017,6.0,18.0,421.0,153.0,8.0
12/15/2015,3.0,22.0,491.0,150.0,21.0
12/15/2016,9.0,14.0,494.0,147.0,22.0
12/15/2017,6.0,22.0,456.0,213.0,29.0
12/16/2015,9.0,15.0,386.0,129.0,15.0
12/16/2016,4.0,22.0,478.0,148.0,23.0
12/16/2017,7.0,17.0,373.0,152.0,14.0
12/17/2015,5.0,11.0,346.0,139.0,15.0
12/17/2016,9.0,14.0,418.0,154.0,13.0
12/17/2017,6.0,20.0,379.0,178.0,11.0
12/18/2015,2.0,13.0,410.0,149.0,22.0
12/18/2016,8.0,20.0,378.0,185.0,13.0
12/18/2017,1.0,20.0,469.0,154.0,17.0
12/19/2015,1.0,19.0,383.0,171.0,12.0
12/19/2016,3.0,15.0,423.0,147.0,33.0
12/19/2017,6.0,16.0,399.0,133.0,21.0
12/20/2015,3.0,14.0,410.0,163.0,12.0
12/20/2016,7.0,19.0,459.0,161.0,16.0
12/20/2017,2.0,17.0,451.0,151.0,23.0
12/21/2015,5.0,13.0,443.0,143.0,14.0
12/21/2016,3.0,10.0,420.0,129.0,9.0
12/21/2017,1.0,9.0,413.0,151.0,14.0
12/22/2015,3.0,9.0,411.0,128.0,16.0
12/22/2016,10.0,17.0,439.0,139.0,19.0
12/22/2017,3.0,16.0,449.0,175.0,11.0
12/23/2015,3.0,16.0,451.0,135.0,16.0
12/23/2016,4.0,11.0,498.0,148.0,12.0
12/23/2017,3.0,12.0,371.0,177.0,5.0
12/24/2015,6.0,13.0,418.0,171.0,13.0
12/24/2016,2.0,15.0,407.0,141.0,14.0
12/24/2017,4.0,19.0,370.0,157.0,7.0
12/25/2015,8.0,16.0,266.0,166.0,3.0
12/25/2016,5.0,16.0,296.0,158.0,5.0
12/25/2017,8.0,10.0,302.0,178.0,3.0
12/26/2015,10.0,13.0,343.0,134.0,7.0
12/26/2016,9.0,14.0,334.0,161.0,14.0
12/26/2017,2.0,17.0,374.0,129.0,10.0
12/27/2015,4.0,17.0,319.0,152.0,7.0
12/27/2016,3.0,17.0,377.0,130.0,14.0
12/27/2017,7.0,12.0,354.0,143.0,14.0
12/28/2015,3.0,11.0,364.0,135.0,28.0
12/28/2016,6.0,12.0,401.0,137.0,14.0
12/28/2017,3.0,17.0,380.0,161.0,10.0
12/29/2015,4.0,10.0,362.0,125.0,11.0
12/29/2016,8.0,10.0,406.0,135.0,19.0
12/29/2017,6.0,16.0,420.0,168.0,11.0
12/30/2015,1.0,8.0,388.0,135.0,13.0
12/30/2016,5.0,11.0,437.0,152.0,20.0
12/30/2017,7.0,12.0,368.0,165.0,8.0
12/31/2015,8.0,11.0,431.0,150.0,20.0
12/31/2016,5.0,16.0,387.0,165.0,4.0
12/31/2017,4.0,11.0,360.0,168.0,7.0
