Date,Temp (F) avg,Event,Consensual,Disturbance,Property,Violent,White Collar,Total
2015-01-01,48,Clear,12.0,48.0,833.0,381.0,25.0,1299.0
2015-01-02,50,Clear,3.0,14.0,347.0,122.0,26.0,512.0
2015-01-03,52,Clear,2.0,15.0,319.0,139.0,14.0,489.0
2015-01-04,56,Clear,5.0,11.0,325.0,151.0,14.0,506.0
2015-01-05,66,Clear,5.0,21.0,432.0,141.0,21.0,620.0
2015-01-06,71,Clear,3.0,9.0,324.0,148.0,18.0,502.0
2015-01-07,69,Clear,4.0,20.0,342.0,125.0,23.0,514.0
2015-01-08,63,Clear,5.0,16.0,376.0,118.0,24.0,539.0
2015-01-09,64,Clear,8.0,12.0,425.0,156.0,15.0,616.0
2015-01-10,58,Rain,2.0,17.0,411.0,162.0,11.0,603.0
2015-01-11,60,Rain,3.0,10.0,319.0,160.0,11.0,503.0
2015-01-12,60,Clear,5.0,15.0,363.0,119.0,15.0,517.0
2015-01-13,61,Clear,6.0,20.0,328.0,127.0,15.0,496.0
2015-01-14,60,Clear,2.0,21.0,382.0,148.0,11.0,564.0
2015-01-15,64,Clear,8.0,25.0,454.0,122.0,16.0,625.0
2015-01-16,64,Clear,5.0,18.0,403.0,132.0,15.0,573.0
2015-01-17,64,Clear,3.0,14.0,368.0,167.0,10.0,562.0
2015-01-18,64,Clear,4.0,10.0,348.0,136.0,7.0,505.0
2015-01-19,61,Clear,5.0,16.0,312.0,141.0,8.0,482.0
2015-01-20,58,Fog,3.0,17.0,438.0,122.0,14.0,594.0
2015-01-21,63,Clear,3.0,23.0,393.0,129.0,10.0,558.0
2015-01-22,61,Clear,6.0,15.0,364.0,157.0,21.0,563.0
2015-01-23,63,Clear,13.0,17.0,411.0,129.0,8.0,578.0
2015-01-24,66,Clear,7.0,15.0,356.0,171.0,17.0,566.0
2015-01-25,66,Clear,6.0,18.0,352.0,158.0,6.0,540.0
2015-01-26,69,Rain,2.0,14.0,431.0,170.0,21.0,638.0
2015-01-27,66,Clear,3.0,28.0,377.0,141.0,21.0,570.0
2015-01-28,66,Clear,6.0,18.0,358.0,137.0,9.0,528.0
2015-01-29,68,Rain,8.0,16.0,370.0,150.0,14.0,558.0
2015-01-30,65,Rain,5.0,18.0,415.0,154.0,16.0,608.0
2015-01-31,64,Clear,3.0,23.0,349.0,178.0,12.0,565.0
2015-02-01,63,Clear,5.0,34.0,464.0,226.0,16.0,745.0
2015-02-02,65,Clear,3.0,24.0,392.0,140.0,25.0,584.0
2015-02-03,62,Fog,6.0,16.0,367.0,106.0,23.0,518.0
2015-02-04,64,Clear,1.0,20.0,369.0,147.0,19.0,556.0
2015-02-05,68,Fog,4.0,17.0,361.0,138.0,14.0,534.0
2015-02-06,65,Clear,7.0,29.0,369.0,159.0,16.0,580.0
2015-02-07,62,Rain,6.0,23.0,368.0,137.0,11.0,545.0
2015-02-08,68,Fog,8.0,14.0,292.0,192.0,12.0,518.0
2015-02-09,66,Fog,11.0,20.0,374.0,145.0,15.0,565.0
2015-02-10,66,Clear,5.0,23.0,355.0,126.0,12.0,521.0
2015-02-11,70,Clear,3.0,28.0,374.0,123.0,13.0,541.0
2015-02-12,71,Clear,4.0,21.0,413.0,154.0,15.0,607.0
2015-02-13,73,Clear,10.0,19.0,432.0,154.0,16.0,631.0
2015-02-14,71,Clear,7.0,26.0,357.0,177.0,6.0,573.0
2015-02-15,67,Clear,4.0,20.0,390.0,168.0,12.0,594.0
2015-02-16,63,Clear,3.0,14.0,385.0,155.0,8.0,565.0
2015-02-17,64,Clear,1.0,15.0,369.0,116.0,13.0,514.0
2015-02-18,65,Clear,5.0,21.0,383.0,136.0,15.0,560.0
2015-02-19,65,Clear,4.0,15.0,378.0,164.0,19.0,580.0
2015-02-20,63,Clear,5.0,13.0,429.0,144.0,13.0,604.0
2015-02-21,63,Clear,6.0,20.0,363.0,149.0,11.0,549.0
2015-02-22,59,"Fog , Rain",7.0,15.0,328.0,164.0,7.0,521.0
2015-02-23,58,Clear,4.0,18.0,351.0,147.0,13.0,533.0
2015-02-24,60,Clear,5.0,26.0,343.0,135.0,16.0,525.0
2015-02-25,62,Clear,5.0,17.0,376.0,120.0,24.0,542.0
2015-02-26,61,Clear,14.0,17.0,370.0,142.0,17.0,560.0
2015-02-27,61,Clear,6.0,26.0,396.0,151.0,18.0,597.0
2015-02-28,59,Rain,3.0,13.0,338.0,156.0,16.0,526.0
2015-03-01,58,Rain,7.0,36.0,508.0,225.0,24.0,800.0
2015-03-02,56,Rain,6.0,6.0,416.0,138.0,19.0,585.0
2015-03-03,58,Clear,,11.0,385.0,141.0,15.0,
2015-03-04,60,Clear,3.0,20.0,334.0,138.0,14.0,509.0
2015-03-05,64,Clear,4.0,21.0,355.0,138.0,14.0,532.0
2015-03-06,66,Clear,10.0,17.0,413.0,150.0,15.0,605.0
2015-03-07,70,Clear,7.0,23.0,363.0,179.0,10.0,582.0
2015-03-08,66,Clear,6.0,16.0,292.0,156.0,5.0,475.0
2015-03-09,65,Clear,10.0,19.0,363.0,150.0,17.0,559.0
2015-03-10,68,Clear,5.0,19.0,368.0,160.0,14.0,566.0
2015-03-11,67,Clear,2.0,14.0,368.0,169.0,22.0,575.0
2015-03-12,71,Clear,3.0,22.0,349.0,147.0,20.0,541.0
2015-03-13,76,Clear,5.0,18.0,369.0,169.0,11.0,572.0
2015-03-14,78,Clear,5.0,14.0,389.0,197.0,14.0,619.0
2015-03-15,79,Clear,10.0,15.0,381.0,191.0,9.0,606.0
2015-03-16,78,Clear,2.0,26.0,377.0,171.0,10.0,586.0
2015-03-17,73,Clear,4.0,20.0,375.0,148.0,17.0,564.0
2015-03-18,69,Rain,4.0,21.0,322.0,150.0,14.0,511.0
2015-03-19,68,Clear,9.0,28.0,338.0,143.0,12.0,530.0
2015-03-20,69,Clear,2.0,23.0,433.0,167.0,14.0,639.0
2015-03-21,69,Clear,5.0,16.0,335.0,188.0,12.0,556.0
2015-03-22,66,Clear,1.0,11.0,347.0,198.0,6.0,563.0
2015-03-23,65,Clear,10.0,11.0,377.0,151.0,12.0,561.0
2015-03-24,67,Clear,1.0,17.0,371.0,173.0,11.0,573.0
2015-03-25,72,Clear,6.0,22.0,369.0,165.0,13.0,575.0
2015-03-26,77,Clear,5.0,16.0,378.0,169.0,13.0,581.0
2015-03-27,77,Clear,7.0,23.0,411.0,171.0,16.0,628.0
2015-03-28,71,Clear,4.0,9.0,354.0,215.0,13.0,595.0
2015-03-29,67,Fog,1.0,9.0,313.0,169.0,7.0,499.0
2015-03-30,68,Clear,7.0,18.0,380.0,136.0,17.0,558.0
2015-03-31,65,Clear,6.0,22.0,380.0,158.0,11.0,577.0
2015-04-01,66,Clear,5.0,34.0,530.0,172.0,31.0,772.0
2015-04-02,65,Clear,9.0,15.0,353.0,136.0,13.0,526.0
2015-04-03,72,Clear,6.0,14.0,406.0,177.0,23.0,626.0
2015-04-04,72,Clear,6.0,15.0,314.0,176.0,11.0,522.0
2015-04-05,64,Clear,5.0,11.0,279.0,191.0,14.0,500.0
2015-04-06,60,Clear,5.0,22.0,324.0,157.0,10.0,518.0
2015-04-07,59,Rain,4.0,20.0,336.0,132.0,16.0,508.0
2015-04-08,60,Clear,4.0,22.0,316.0,127.0,20.0,489.0
2015-04-09,65,Clear,1.0,12.0,351.0,150.0,17.0,531.0
2015-04-10,63,Clear,6.0,22.0,396.0,145.0,15.0,584.0
2015-04-11,63,Clear,7.0,8.0,339.0,181.0,10.0,545.0
2015-04-12,67,Clear,4.0,17.0,319.0,171.0,4.0,515.0
2015-04-13,67,Clear,3.0,27.0,374.0,163.0,15.0,582.0
2015-04-14,66,Clear,6.0,22.0,365.0,139.0,22.0,554.0
2015-04-15,69,Clear,4.0,26.0,424.0,179.0,17.0,650.0
2015-04-16,68,Clear,7.0,12.0,374.0,163.0,11.0,567.0
2015-04-17,69,Clear,7.0,19.0,400.0,148.0,16.0,590.0
2015-04-18,69,Clear,10.0,14.0,337.0,195.0,18.0,574.0
2015-04-19,65,Clear,3.0,14.0,322.0,184.0,7.0,530.0
2015-04-20,63,Clear,3.0,23.0,361.0,157.0,18.0,562.0
2015-04-21,63,Clear,1.0,14.0,360.0,135.0,16.0,526.0
2015-04-22,63,Clear,5.0,16.0,387.0,141.0,20.0,569.0
2015-04-23,62,Clear,3.0,20.0,356.0,146.0,10.0,535.0
2015-04-24,62,Clear,5.0,10.0,382.0,128.0,18.0,543.0
2015-04-25,61,Clear,3.0,13.0,367.0,156.0,8.0,547.0
2015-04-26,66,Clear,11.0,21.0,351.0,159.0,6.0,548.0
2015-04-27,70,Clear,,11.0,375.0,142.0,7.0,
2015-04-28,77,Clear,3.0,27.0,365.0,150.0,20.0,565.0
2015-04-29,75,Clear,5.0,14.0,348.0,169.0,12.0,548.0
2015-04-30,73,Clear,8.0,17.0,348.0,175.0,20.0,568.0
2015-05-01,71,Clear,5.0,34.0,530.0,233.0,30.0,832.0
2015-05-02,70,Clear,3.0,14.0,363.0,215.0,15.0,610.0
2015-05-03,66,Clear,7.0,11.0,334.0,181.0,3.0,536.0
2015-05-04,63,Clear,2.0,24.0,343.0,148.0,18.0,535.0
2015-05-05,63,Clear,4.0,17.0,385.0,136.0,20.0,562.0
2015-05-06,63,Clear,7.0,16.0,330.0,140.0,15.0,508.0
2015-05-07,60,Rain,9.0,14.0,379.0,115.0,10.0,527.0
2015-05-08,57,Rain,4.0,27.0,361.0,135.0,19.0,546.0
2015-05-09,62,Clear,5.0,16.0,338.0,178.0,7.0,544.0
2015-05-10,63,Clear,10.0,18.0,318.0,168.0,11.0,525.0
2015-05-11,67,Clear,2.0,19.0,390.0,151.0,21.0,583.0
2015-05-12,65,Clear,4.0,25.0,376.0,156.0,10.0,571.0
2015-05-13,64,Clear,2.0,22.0,345.0,151.0,7.0,527.0
2015-05-14,61,Rain,3.0,21.0,361.0,135.0,13.0,533.0
2015-05-15,61,Rain,9.0,21.0,431.0,198.0,24.0,683.0
2015-05-16,64,Clear,2.0,22.0,337.0,180.0,10.0,551.0
2015-05-17,65,Clear,5.0,12.0,307.0,182.0,9.0,515.0
2015-05-18,66,Clear,1.0,11.0,370.0,158.0,13.0,553.0
2015-05-19,65,Clear,5.0,14.0,405.0,157.0,19.0,600.0
2015-05-20,65,Clear,5.0,12.0,394.0,160.0,20.0,591.0
2015-05-21,64,Clear,5.0,21.0,403.0,150.0,23.0,602.0
2015-05-22,63,Clear,12.0,23.0,394.0,139.0,18.0,586.0
2015-05-23,64,Clear,6.0,20.0,345.0,124.0,12.0,507.0
2015-05-24,64,Clear,9.0,19.0,353.0,186.0,9.0,576.0
2015-05-25,64,Clear,5.0,16.0,333.0,169.0,11.0,534.0
2015-05-26,64,Clear,2.0,26.0,332.0,167.0,18.0,545.0
2015-05-27,65,Clear,4.0,19.0,354.0,145.0,12.0,534.0
2015-05-28,66,Clear,1.0,18.0,377.0,144.0,17.0,557.0
2015-05-29,68,Clear,8.0,22.0,417.0,152.0,17.0,616.0
2015-05-30,68,Clear,8.0,17.0,386.0,195.0,13.0,619.0
2015-05-31,66,Clear,3.0,16.0,354.0,176.0,3.0,552.0
2015-06-01,67,Clear,5.0,39.0,542.0,236.0,37.0,859.0
2015-06-02,68,Clear,5.0,14.0,351.0,169.0,21.0,560.0
2015-06-03,68,Rain,5.0,17.0,335.0,143.0,22.0,522.0
2015-06-04,66,Clear,4.0,10.0,343.0,165.0,22.0,544.0
2015-06-05,67,Clear,7.0,17.0,375.0,164.0,18.0,581.0
2015-06-06,65,Clear,9.0,21.0,355.0,176.0,7.0,568.0
2015-06-07,69,Clear,2.0,7.0,283.0,206.0,6.0,504.0
2015-06-08,73,Clear,3.0,18.0,352.0,161.0,18.0,552.0
2015-06-09,74,Rain,4.0,14.0,371.0,138.0,18.0,545.0
2015-06-10,68,Clear,7.0,14.0,363.0,158.0,16.0,558.0
2015-06-11,69,Clear,8.0,23.0,412.0,156.0,16.0,615.0
2015-06-12,68,Clear,7.0,18.0,401.0,171.0,21.0,618.0
2015-06-13,68,Clear,5.0,18.0,346.0,161.0,12.0,542.0
2015-06-14,70,Clear,11.0,21.0,289.0,174.0,11.0,506.0
2015-06-15,70,Clear,4.0,24.0,436.0,170.0,16.0,650.0
2015-06-16,70,Clear,2.0,16.0,319.0,151.0,9.0,497.0
2015-06-17,70,Clear,2.0,18.0,375.0,160.0,19.0,574.0
2015-06-18,72,Clear,6.0,16.0,402.0,139.0,10.0,573.0
2015-06-19,70,Clear,7.0,18.0,381.0,177.0,9.0,592.0
2015-06-20,74,Clear,4.0,23.0,376.0,195.0,8.0,606.0
2015-06-21,73,Clear,7.0,23.0,298.0,204.0,11.0,543.0
2015-06-22,73,Clear,1.0,20.0,337.0,183.0,24.0,565.0
2015-06-23,74,Clear,5.0,24.0,354.0,155.0,13.0,551.0
2015-06-24,73,Clear,4.0,20.0,364.0,153.0,19.0,560.0
2015-06-25,72,Clear,6.0,16.0,332.0,155.0,19.0,528.0
2015-06-26,69,Clear,6.0,20.0,433.0,179.0,11.0,649.0
2015-06-27,70,Clear,3.0,21.0,370.0,190.0,12.0,596.0
2015-06-28,77,Clear,3.0,14.0,330.0,211.0,4.0,562.0
2015-06-29,80,Clear,7.0,25.0,385.0,164.0,12.0,593.0
2015-06-30,78,Rain,5.0,16.0,366.0,156.0,10.0,553.0
2015-07-01,76,Clear,8.0,23.0,529.0,212.0,20.0,792.0
2015-07-02,74,Clear,1.0,14.0,340.0,169.0,12.0,536.0
2015-07-03,72,Clear,4.0,22.0,408.0,175.0,22.0,631.0
2015-07-04,71,Clear,4.0,19.0,334.0,229.0,8.0,594.0
2015-07-05,70,Clear,3.0,22.0,330.0,176.0,11.0,542.0
2015-07-06,70,Clear,2.0,17.0,400.0,160.0,18.0,597.0
2015-07-07,71,Clear,3.0,13.0,355.0,143.0,14.0,528.0
2015-07-08,71,Clear,5.0,17.0,381.0,159.0,20.0,582.0
2015-07-09,70,Clear,6.0,20.0,369.0,146.0,11.0,552.0
2015-07-10,69,Clear,4.0,16.0,352.0,167.0,23.0,562.0
2015-07-11,71,Clear,5.0,13.0,327.0,193.0,11.0,549.0
2015-07-12,72,Clear,8.0,22.0,323.0,166.0,8.0,527.0
2015-07-13,74,Clear,4.0,15.0,410.0,151.0,16.0,596.0
2015-07-14,74,Clear,6.0,14.0,356.0,150.0,19.0,545.0
2015-07-15,73,Clear,6.0,19.0,443.0,176.0,18.0,662.0
2015-07-16,73,Clear,6.0,20.0,332.0,135.0,19.0,512.0
2015-07-17,72,Clear,6.0,22.0,389.0,179.0,15.0,611.0
2015-07-18,76,Rain,5.0,13.0,328.0,167.0,10.0,523.0
2015-07-19,82,Rain,6.0,18.0,348.0,215.0,4.0,591.0
2015-07-20,78,Clear,2.0,28.0,418.0,174.0,18.0,640.0
2015-07-21,75,Clear,5.0,25.0,387.0,167.0,21.0,605.0
2015-07-22,75,Clear,3.0,24.0,358.0,177.0,24.0,586.0
2015-07-23,75,Clear,6.0,18.0,387.0,170.0,15.0,596.0
2015-07-24,76,Clear,5.0,26.0,383.0,160.0,12.0,586.0
2015-07-25,77,Clear,1.0,12.0,405.0,200.0,12.0,630.0
2015-07-26,76,Clear,6.0,13.0,363.0,224.0,8.0,614.0
2015-07-27,75,Clear,1.0,23.0,419.0,187.0,18.0,648.0
2015-07-28,76,Clear,1.0,22.0,422.0,157.0,10.0,612.0
2015-07-29,74,Clear,7.0,23.0,419.0,151.0,14.0,614.0
2015-07-30,76,Clear,8.0,18.0,392.0,175.0,16.0,609.0
2015-07-31,76,Clear,5.0,15.0,441.0,184.0,12.0,657.0
2015-08-01,75,Clear,3.0,36.0,525.0,274.0,25.0,863.0
2015-08-02,75,Clear,4.0,18.0,399.0,193.0,9.0,623.0
2015-08-03,76,Clear,9.0,21.0,422.0,158.0,18.0,628.0
2015-08-04,78,Clear,2.0,17.0,386.0,144.0,20.0,569.0
2015-08-05,78,Clear,7.0,13.0,404.0,174.0,21.0,619.0
2015-08-06,77,Clear,3.0,22.0,371.0,178.0,22.0,596.0
2015-08-07,74,Clear,4.0,15.0,399.0,138.0,16.0,572.0
2015-08-08,73,Clear,3.0,15.0,342.0,187.0,10.0,557.0
2015-08-09,71,Clear,10.0,11.0,333.0,178.0,7.0,539.0
2015-08-10,71,Clear,3.0,25.0,382.0,152.0,18.0,580.0
2015-08-11,72,Clear,7.0,10.0,328.0,163.0,14.0,522.0
2015-08-12,74,Clear,6.0,22.0,381.0,161.0,16.0,586.0
2015-08-13,80,Clear,9.0,12.0,381.0,145.0,9.0,556.0
2015-08-14,80,Clear,4.0,14.0,419.0,133.0,18.0,588.0
2015-08-15,84,Clear,4.0,27.0,420.0,193.0,15.0,659.0
2015-08-16,82,Clear,8.0,18.0,374.0,185.0,7.0,592.0
2015-08-17,79,Clear,6.0,22.0,405.0,156.0,11.0,600.0
2015-08-18,77,Clear,5.0,21.0,328.0,171.0,24.0,549.0
2015-08-19,75,Clear,6.0,23.0,387.0,175.0,20.0,611.0
2015-08-20,74,Clear,5.0,17.0,402.0,195.0,18.0,637.0
2015-08-21,74,Clear,5.0,28.0,414.0,174.0,14.0,635.0
2015-08-22,76,Clear,9.0,13.0,397.0,210.0,10.0,639.0
2015-08-23,75,Clear,3.0,14.0,358.0,203.0,7.0,585.0
2015-08-24,77,Clear,1.0,21.0,423.0,170.0,18.0,633.0
2015-08-25,79,Rain,,14.0,411.0,175.0,16.0,
2015-08-26,83,Clear,1.0,18.0,394.0,156.0,15.0,584.0
2015-08-27,82,Clear,3.0,16.0,359.0,170.0,15.0,563.0
2015-08-28,85,Clear,5.0,17.0,399.0,186.0,23.0,630.0
2015-08-29,84,Clear,9.0,17.0,377.0,219.0,12.0,634.0
2015-08-30,81,Clear,13.0,13.0,315.0,205.0,9.0,555.0
2015-08-31,77,Clear,6.0,20.0,388.0,153.0,27.0,594.0
2015-09-01,76,Clear,3.0,34.0,544.0,212.0,24.0,817.0
2015-09-02,74,Clear,4.0,16.0,349.0,141.0,19.0,529.0
2015-09-03,73,Clear,9.0,24.0,384.0,151.0,25.0,593.0
2015-09-04,73,Clear,7.0,18.0,419.0,144.0,15.0,603.0
2015-09-05,75,Clear,4.0,27.0,374.0,168.0,15.0,588.0
2015-09-06,77,Clear,2.0,12.0,312.0,194.0,7.0,527.0
2015-09-07,81,Clear,1.0,13.0,324.0,211.0,9.0,558.0
2015-09-08,85,Clear,5.0,22.0,361.0,165.0,18.0,571.0
2015-09-09,89,Clear,6.0,13.0,342.0,184.0,15.0,560.0
2015-09-10,87,Clear,7.0,17.0,373.0,184.0,15.0,596.0
2015-09-11,86,Clear,8.0,31.0,405.0,207.0,15.0,666.0
2015-09-12,83,Rain,7.0,14.0,330.0,197.0,17.0,565.0
2015-09-13,82,Clear,4.0,18.0,357.0,215.0,10.0,604.0
2015-09-14,78,Clear,2.0,18.0,393.0,156.0,17.0,586.0
2015-09-15,74,Rain,8.0,23.0,434.0,153.0,14.0,632.0
2015-09-16,72,Rain,5.0,16.0,392.0,138.0,19.0,570.0
2015-09-17,74,Clear,1.0,22.0,383.0,158.0,13.0,577.0
2015-09-18,76,Clear,5.0,21.0,448.0,167.0,21.0,662.0
2015-09-19,80,Clear,3.0,11.0,343.0,194.0,13.0,564.0
2015-09-20,84,Clear,4.0,14.0,365.0,240.0,15.0,638.0
2015-09-21,79,Clear,3.0,18.0,348.0,188.0,17.0,574.0
2015-09-22,77,Clear,2.0,20.0,394.0,162.0,7.0,585.0
2015-09-23,77,Clear,7.0,20.0,377.0,166.0,19.0,589.0
2015-09-24,80,Clear,6.0,15.0,404.0,188.0,14.0,627.0
2015-09-25,81,Clear,7.0,18.0,410.0,190.0,13.0,638.0
2015-09-26,81,Clear,4.0,30.0,380.0,216.0,16.0,646.0
2015-09-27,79,Clear,5.0,22.0,327.0,204.0,7.0,565.0
2015-09-28,78,Clear,5.0,21.0,379.0,183.0,13.0,601.0
2015-09-29,76,Clear,8.0,17.0,383.0,163.0,19.0,590.0
2015-09-30,78,Clear,7.0,16.0,403.0,173.0,23.0,622.0
2015-10-01,78,Clear,7.0,34.0,522.0,209.0,25.0,797.0
2015-10-02,76,Clear,4.0,18.0,399.0,159.0,10.0,590.0
2015-10-03,75,Clear,5.0,20.0,397.0,212.0,18.0,652.0
2015-10-04,68,Rain,6.0,14.0,301.0,202.0,9.0,532.0
2015-10-05,69,"Fog , Rain",8.0,22.0,401.0,140.0,13.0,584.0
2015-10-06,70,Clear,3.0,17.0,343.0,159.0,21.0,543.0
2015-10-07,74,Clear,4.0,25.0,350.0,160.0,23.0,562.0
2015-10-08,77,Clear,5.0,16.0,387.0,192.0,16.0,616.0
2015-10-09,84,Clear,7.0,19.0,410.0,179.0,12.0,627.0
2015-10-10,86,Clear,2.0,17.0,400.0,211.0,15.0,645.0
2015-10-11,87,Clear,4.0,12.0,351.0,213.0,7.0,587.0
2015-10-12,83,Clear,5.0,16.0,374.0,184.0,18.0,597.0
2015-10-13,83,Clear,5.0,11.0,361.0,183.0,16.0,576.0
2015-10-14,79,Clear,8.0,23.0,383.0,161.0,16.0,591.0
2015-10-15,77,Clear,6.0,27.0,490.0,190.0,13.0,726.0
2015-10-16,73,Clear,5.0,16.0,491.0,171.0,13.0,696.0
2015-10-17,76,Clear,8.0,18.0,411.0,223.0,10.0,670.0
2015-10-18,74,Rain,1.0,19.0,354.0,185.0,10.0,569.0
2015-10-19,72,Clear,3.0,16.0,394.0,159.0,13.0,585.0
2015-10-20,71,Clear,4.0,11.0,434.0,173.0,12.0,634.0
2015-10-21,74,Clear,5.0,12.0,400.0,124.0,11.0,552.0
2015-10-22,73,Clear,7.0,12.0,343.0,160.0,10.0,532.0
2015-10-23,71,Clear,4.0,21.0,416.0,162.0,18.0,621.0
2015-10-24,77,Clear,6.0,18.0,339.0,193.0,7.0,563.0
2015-10-25,76,Clear,5.0,21.0,359.0,205.0,15.0,605.0
2015-10-26,75,Clear,4.0,14.0,408.0,136.0,14.0,576.0
2015-10-27,72,Clear,1.0,18.0,399.0,162.0,16.0,596.0
2015-10-28,73,Clear,5.0,25.0,394.0,157.0,17.0,598.0
2015-10-29,76,Clear,6.0,20.0,383.0,146.0,15.0,570.0
2015-10-30,76,Clear,4.0,25.0,414.0,150.0,9.0,602.0
2015-10-31,75,Clear,9.0,19.0,472.0,223.0,10.0,733.0
2015-11-01,73,Clear,5.0,37.0,546.0,283.0,27.0,898.0
2015-11-02,67,Rain,3.0,14.0,364.0,144.0,21.0,546.0
2015-11-03,62,Clear,,10.0,375.0,113.0,12.0,
2015-11-04,60,Clear,6.0,15.0,330.0,154.0,20.0,525.0
2015-11-05,61,Clear,5.0,18.0,350.0,130.0,17.0,520.0
2015-11-06,64,Clear,7.0,13.0,408.0,150.0,11.0,589.0
2015-11-07,65,Clear,2.0,18.0,360.0,141.0,7.0,528.0
2015-11-08,65,Clear,2.0,22.0,322.0,172.0,12.0,530.0
2015-11-09,62,Clear,7.0,10.0,416.0,117.0,18.0,568.0
2015-11-10,59,Clear,,15.0,374.0,112.0,16.0,
2015-11-11,60,Clear,2.0,16.0,349.0,112.0,12.0,491.0
2015-11-12,64,Clear,6.0,16.0,372.0,134.0,15.0,543.0
2015-11-13,66,Clear,8.0,14.0,435.0,130.0,19.0,606.0
2015-11-14,65,Clear,3.0,17.0,399.0,147.0,13.0,579.0
2015-11-15,60,Clear,4.0,14.0,418.0,200.0,12.0,648.0
2015-11-16,57,Clear,6.0,16.0,384.0,170.0,23.0,599.0
2015-11-17,59,Clear,4.0,21.0,375.0,126.0,18.0,544.0
2015-11-18,62,Clear,4.0,17.0,370.0,174.0,16.0,581.0
2015-11-19,69,Clear,8.0,14.0,368.0,159.0,11.0,560.0
2015-11-20,70,Clear,5.0,17.0,466.0,148.0,18.0,654.0
2015-11-21,72,Clear,4.0,13.0,403.0,162.0,7.0,589.0
2015-11-22,72,Clear,7.0,17.0,386.0,181.0,13.0,604.0
2015-11-23,68,Clear,4.0,15.0,418.0,140.0,23.0,600.0
2015-11-24,61,Rain,5.0,20.0,377.0,147.0,14.0,563.0
2015-11-25,57,Clear,5.0,6.0,439.0,146.0,15.0,611.0
2015-11-26,56,Clear,1.0,14.0,284.0,126.0,4.0,429.0
2015-11-27,57,Clear,4.0,11.0,340.0,140.0,16.0,511.0
2015-11-28,55,Clear,,14.0,391.0,159.0,8.0,
2015-11-29,59,Clear,7.0,16.0,338.0,173.0,7.0,541.0
2015-11-30,56,Clear,4.0,17.0,399.0,135.0,14.0,569.0
2015-12-01,60,Clear,4.0,29.0,533.0,208.0,30.0,804.0
2015-12-02,64,Clear,5.0,31.0,347.0,140.0,15.0,538.0
2015-12-03,66,Clear,1.0,21.0,390.0,137.0,16.0,565.0
2015-12-04,59,Clear,,19.0,427.0,158.0,13.0,
2015-12-05,63,Clear,6.0,15.0,373.0,160.0,13.0,567.0
2015-12-06,67,Clear,4.0,17.0,399.0,167.0,7.0,594.0
2015-12-07,68,Clear,1.0,18.0,373.0,140.0,16.0,548.0
2015-12-08,69,Clear,3.0,17.0,361.0,148.0,9.0,538.0
2015-12-09,65,Clear,2.0,24.0,383.0,183.0,19.0,611.0
2015-12-10,60,Fog,4.0,21.0,377.0,159.0,21.0,582.0
2015-12-11,59,Rain,2.0,15.0,439.0,151.0,13.0,620.0
2015-12-12,60,Clear,5.0,9.0,389.0,165.0,11.0,579.0
2015-12-13,57,Rain,3.0,21.0,388.0,182.0,8.0,602.0
2015-12-14,53,Clear,3.0,15.0,364.0,145.0,16.0,543.0
2015-12-15,52,Clear,3.0,22.0,491.0,150.0,21.0,687.0
2015-12-16,51,Clear,9.0,15.0,386.0,129.0,15.0,554.0
2015-12-17,54,Clear,5.0,11.0,346.0,139.0,15.0,516.0
2015-12-18,60,Clear,2.0,13.0,410.0,149.0,22.0,596.0
2015-12-19,55,Rain,1.0,19.0,383.0,171.0,12.0,586.0
2015-12-20,53,Clear,3.0,14.0,410.0,163.0,12.0,602.0
2015-12-21,53,Rain,5.0,13.0,443.0,143.0,14.0,618.0
2015-12-22,58,Rain,3.0,9.0,411.0,128.0,16.0,567.0
2015-12-23,60,Clear,3.0,16.0,451.0,135.0,16.0,621.0
2015-12-24,55,Clear,6.0,13.0,418.0,171.0,13.0,621.0
2015-12-25,52,Clear,8.0,16.0,266.0,166.0,3.0,459.0
2015-12-26,52,Clear,10.0,13.0,343.0,134.0,7.0,507.0
2015-12-27,49,Clear,4.0,17.0,319.0,152.0,7.0,499.0
2015-12-28,48,Clear,3.0,11.0,364.0,135.0,28.0,541.0
2015-12-29,51,Clear,4.0,10.0,362.0,125.0,11.0,512.0
2015-12-30,52,Clear,1.0,8.0,388.0,135.0,13.0,545.0
2015-12-31,53,Clear,8.0,11.0,431.0,150.0,20.0,620.0
2016-01-01,54,Clear,8.0,44.0,707.0,375.0,28.0,1162.0
2016-01-02,56,Clear,4.0,9.0,365.0,137.0,13.0,528.0
2016-01-03,53,Clear,1.0,9.0,316.0,167.0,8.0,501.0
2016-01-04,62,Rain,2.0,15.0,387.0,133.0,22.0,559.0
2016-01-05,54,"Fog , Rain",1.0,16.0,428.0,147.0,20.0,612.0
2016-01-06,52,Rain,2.0,10.0,356.0,110.0,17.0,495.0
2016-01-07,52,Rain,10.0,16.0,376.0,139.0,14.0,555.0
2016-01-08,53,Clear,7.0,18.0,416.0,136.0,15.0,592.0
2016-01-09,53,Clear,4.0,9.0,386.0,142.0,11.0,552.0
2016-01-10,57,Rain,7.0,15.0,346.0,140.0,5.0,513.0
2016-01-11,56,Clear,6.0,29.0,383.0,158.0,26.0,602.0
2016-01-12,58,Clear,6.0,11.0,355.0,126.0,12.0,510.0
2016-01-13,55,Clear,6.0,21.0,378.0,138.0,12.0,555.0
2016-01-14,58,Clear,4.0,22.0,402.0,127.0,19.0,574.0
2016-01-15,58,Clear,7.0,29.0,498.0,157.0,22.0,713.0
2016-01-16,61,Clear,2.0,15.0,416.0,171.0,19.0,623.0
2016-01-17,59,Fog,3.0,11.0,381.0,182.0,7.0,584.0
2016-01-18,59,Fog,5.0,25.0,399.0,142.0,10.0,581.0
2016-01-19,59,Rain,4.0,11.0,404.0,123.0,21.0,563.0
2016-01-20,62,"Fog , Rain",9.0,18.0,405.0,157.0,22.0,611.0
2016-01-21,64,Fog,3.0,13.0,449.0,172.0,24.0,661.0
2016-01-22,61,Clear,8.0,21.0,456.0,160.0,16.0,661.0
2016-01-23,59,Clear,6.0,17.0,400.0,167.0,9.0,599.0
2016-01-24,57,Clear,3.0,20.0,378.0,160.0,7.0,568.0
2016-01-25,61,Clear,4.0,19.0,428.0,146.0,21.0,618.0
2016-01-26,60,Clear,4.0,15.0,402.0,140.0,23.0,584.0
2016-01-27,63,Clear,6.0,12.0,369.0,135.0,19.0,541.0
2016-01-28,62,Clear,3.0,22.0,404.0,135.0,19.0,583.0
2016-01-29,61,Clear,5.0,20.0,439.0,179.0,22.0,665.0
2016-01-30,61,Clear,7.0,12.0,392.0,143.0,6.0,560.0
2016-01-31,55,Rain,8.0,11.0,352.0,153.0,8.0,532.0
2016-02-01,51,Clear,7.0,48.0,578.0,182.0,33.0,848.0
2016-02-02,52,Clear,5.0,19.0,416.0,131.0,19.0,590.0
2016-02-03,54,Clear,6.0,20.0,419.0,140.0,16.0,601.0
2016-02-04,58,Clear,4.0,13.0,383.0,125.0,21.0,546.0
2016-02-05,61,Clear,6.0,18.0,416.0,182.0,25.0,647.0
2016-02-06,64,Clear,8.0,18.0,343.0,167.0,16.0,552.0
2016-02-07,68,Clear,4.0,18.0,364.0,209.0,10.0,605.0
2016-02-08,71,Clear,6.0,21.0,347.0,172.0,20.0,566.0
2016-02-09,73,Clear,3.0,22.0,379.0,169.0,20.0,593.0
2016-02-10,75,Clear,3.0,17.0,376.0,169.0,16.0,581.0
2016-02-11,73,Clear,9.0,13.0,390.0,132.0,12.0,556.0
2016-02-12,71,Clear,3.0,24.0,356.0,175.0,15.0,573.0
2016-02-13,63,Fog,7.0,12.0,357.0,169.0,8.0,553.0
2016-02-14,64,Clear,4.0,16.0,286.0,213.0,6.0,525.0
2016-02-15,72,Clear,8.0,17.0,345.0,173.0,10.0,553.0
2016-02-16,74,Clear,4.0,25.0,368.0,165.0,19.0,581.0
2016-02-17,66,Rain,3.0,14.0,397.0,144.0,18.0,576.0
2016-02-18,62,Rain,4.0,15.0,383.0,156.0,17.0,575.0
2016-02-19,60,Clear,5.0,19.0,409.0,175.0,13.0,621.0
2016-02-20,61,Clear,4.0,20.0,384.0,181.0,11.0,600.0
2016-02-21,62,Clear,3.0,17.0,359.0,202.0,10.0,591.0
2016-02-22,65,Clear,5.0,18.0,359.0,160.0,19.0,561.0
2016-02-23,69,Clear,3.0,19.0,359.0,150.0,14.0,545.0
2016-02-24,70,Clear,4.0,11.0,389.0,165.0,18.0,587.0
2016-02-25,70,Clear,3.0,14.0,355.0,145.0,19.0,536.0
2016-02-26,67,Clear,3.0,17.0,402.0,190.0,26.0,638.0
2016-02-27,64,Fog,6.0,10.0,364.0,223.0,19.0,622.0
2016-02-28,66,Fog,,23.0,342.0,220.0,9.0,
2016-02-29,65,Clear,2.0,19.0,360.0,156.0,20.0,557.0
2016-03-01,66,Fog,8.0,30.0,513.0,206.0,34.0,791.0
2016-03-02,63,Fog,4.0,17.0,366.0,144.0,15.0,546.0
2016-03-03,64,Clear,6.0,15.0,368.0,128.0,17.0,534.0
2016-03-04,64,Clear,5.0,9.0,400.0,152.0,16.0,582.0
2016-03-05,63,Rain,5.0,11.0,395.0,172.0,8.0,591.0
2016-03-06,61,Rain,5.0,23.0,345.0,176.0,7.0,556.0
2016-03-07,54,Rain,2.0,12.0,387.0,142.0,17.0,560.0
2016-03-08,61,Clear,7.0,16.0,389.0,146.0,26.0,584.0
2016-03-09,64,Clear,7.0,10.0,368.0,155.0,17.0,557.0
2016-03-10,66,Clear,11.0,16.0,401.0,147.0,15.0,590.0
2016-03-11,61,"Fog , Rain",5.0,18.0,376.0,128.0,19.0,546.0
2016-03-12,57,Clear,9.0,23.0,347.0,179.0,18.0,576.0
2016-03-13,61,Clear,6.0,12.0,319.0,218.0,6.0,561.0
2016-03-14,64,Rain,7.0,23.0,359.0,186.0,24.0,599.0
2016-03-15,65,Clear,6.0,18.0,384.0,161.0,20.0,589.0
2016-03-16,72,Clear,3.0,15.0,401.0,175.0,8.0,602.0
2016-03-17,70,Clear,8.0,26.0,336.0,177.0,22.0,569.0
2016-03-18,65,Clear,4.0,11.0,395.0,167.0,14.0,591.0
2016-03-19,64,Clear,4.0,17.0,380.0,168.0,10.0,579.0
2016-03-20,65,Clear,7.0,16.0,354.0,166.0,5.0,548.0
2016-03-21,64,Clear,4.0,19.0,358.0,152.0,29.0,562.0
2016-03-22,62,Clear,4.0,19.0,373.0,159.0,16.0,571.0
2016-03-23,65,Clear,7.0,11.0,409.0,146.0,17.0,590.0
2016-03-24,68,Clear,8.0,13.0,395.0,167.0,26.0,609.0
2016-03-25,66,Clear,11.0,16.0,451.0,156.0,18.0,652.0
2016-03-26,68,Clear,2.0,18.0,348.0,193.0,10.0,571.0
2016-03-27,67,Clear,2.0,9.0,325.0,190.0,6.0,532.0
2016-03-28,60,Rain,3.0,11.0,390.0,144.0,19.0,567.0
2016-03-29,56,Clear,2.0,19.0,400.0,137.0,25.0,583.0
2016-03-30,59,Clear,6.0,17.0,365.0,169.0,18.0,575.0
2016-03-31,61,Clear,4.0,10.0,354.0,161.0,34.0,563.0
2016-04-01,63,Clear,10.0,32.0,566.0,207.0,36.0,851.0
2016-04-02,65,Clear,5.0,20.0,342.0,210.0,19.0,596.0
2016-04-03,68,Clear,6.0,14.0,351.0,205.0,11.0,587.0
2016-04-04,69,Clear,4.0,24.0,405.0,153.0,23.0,609.0
2016-04-05,71,Clear,7.0,21.0,366.0,178.0,17.0,589.0
2016-04-06,74,Clear,7.0,13.0,370.0,175.0,16.0,581.0
2016-04-07,64,Rain,4.0,14.0,400.0,157.0,21.0,596.0
2016-04-08,60,Rain,5.0,23.0,434.0,171.0,24.0,657.0
2016-04-09,62,Rain,6.0,12.0,372.0,161.0,11.0,562.0
2016-04-10,64,Clear,6.0,22.0,355.0,220.0,12.0,615.0
2016-04-11,66,Clear,1.0,22.0,375.0,189.0,22.0,609.0
2016-04-12,66,Clear,1.0,16.0,371.0,181.0,30.0,599.0
2016-04-13,65,Clear,2.0,18.0,372.0,160.0,23.0,575.0
2016-04-14,65,Clear,1.0,14.0,408.0,156.0,29.0,608.0
2016-04-15,70,Clear,10.0,22.0,466.0,214.0,16.0,728.0
2016-04-16,70,Clear,3.0,12.0,401.0,211.0,14.0,641.0
2016-04-17,74,Clear,5.0,22.0,376.0,224.0,13.0,640.0
2016-04-18,74,Clear,6.0,26.0,378.0,179.0,22.0,611.0
2016-04-19,76,Clear,4.0,14.0,380.0,177.0,16.0,591.0
2016-04-20,74,Clear,12.0,25.0,379.0,183.0,18.0,617.0
2016-04-21,68,Clear,3.0,17.0,363.0,146.0,25.0,554.0
2016-04-22,67,Clear,7.0,20.0,393.0,170.0,20.0,610.0
2016-04-23,67,Clear,11.0,19.0,353.0,195.0,4.0,582.0
2016-04-24,67,Clear,6.0,24.0,364.0,190.0,11.0,595.0
2016-04-25,62,Clear,4.0,13.0,378.0,171.0,17.0,583.0
2016-04-26,62,Clear,5.0,24.0,386.0,162.0,25.0,602.0
2016-04-27,63,Clear,5.0,27.0,368.0,167.0,17.0,584.0
2016-04-28,63,Clear,6.0,19.0,388.0,125.0,18.0,556.0
2016-04-29,63,Clear,9.0,18.0,386.0,161.0,23.0,597.0
2016-04-30,63,Clear,10.0,27.0,398.0,192.0,5.0,632.0
2016-05-01,66,Clear,6.0,36.0,485.0,257.0,14.0,798.0
2016-05-02,64,Clear,7.0,12.0,415.0,176.0,20.0,630.0
2016-05-03,67,Clear,3.0,22.0,393.0,165.0,16.0,599.0
2016-05-04,63,Clear,2.0,13.0,349.0,157.0,16.0,537.0
2016-05-05,63,Rain,1.0,27.0,392.0,183.0,20.0,623.0
2016-05-06,62,Rain,6.0,29.0,413.0,139.0,24.0,611.0
2016-05-07,63,Clear,7.0,27.0,383.0,162.0,11.0,590.0
2016-05-08,64,Clear,5.0,25.0,355.0,185.0,16.0,586.0
2016-05-09,63,Clear,5.0,17.0,332.0,149.0,20.0,523.0
2016-05-10,64,Clear,2.0,21.0,378.0,136.0,17.0,554.0
2016-05-11,66,Clear,8.0,16.0,363.0,154.0,19.0,560.0
2016-05-12,67,Clear,6.0,16.0,406.0,145.0,20.0,593.0
2016-05-13,69,Clear,5.0,14.0,414.0,173.0,17.0,623.0
2016-05-14,67,Clear,3.0,14.0,403.0,192.0,8.0,620.0
2016-05-15,67,Clear,2.0,23.0,360.0,209.0,13.0,607.0
2016-05-16,66,Clear,3.0,20.0,425.0,160.0,16.0,624.0
2016-05-17,67,Clear,3.0,14.0,389.0,153.0,18.0,577.0
2016-05-18,66,Clear,4.0,25.0,382.0,169.0,17.0,597.0
2016-05-19,67,Clear,6.0,17.0,404.0,156.0,24.0,607.0
2016-05-20,64,Clear,1.0,18.0,434.0,191.0,20.0,664.0
2016-05-21,64,Clear,8.0,23.0,367.0,185.0,10.0,593.0
2016-05-22,64,Clear,6.0,20.0,381.0,183.0,10.0,600.0
2016-05-23,66,Clear,10.0,17.0,396.0,170.0,16.0,609.0
2016-05-24,65,Clear,8.0,30.0,418.0,160.0,16.0,632.0
2016-05-25,62,Clear,4.0,28.0,425.0,142.0,19.0,618.0
2016-05-26,66,Clear,4.0,18.0,401.0,171.0,17.0,611.0
2016-05-27,66,Clear,8.0,12.0,434.0,173.0,26.0,653.0
2016-05-28,67,Clear,7.0,15.0,401.0,151.0,10.0,584.0
2016-05-29,66,Clear,12.0,18.0,379.0,204.0,16.0,629.0
2016-05-30,65,Clear,3.0,13.0,324.0,211.0,8.0,559.0
2016-05-31,67,Clear,6.0,6.0,376.0,163.0,24.0,575.0
2016-06-01,69,Clear,3.0,35.0,516.0,239.0,34.0,827.0
2016-06-02,69,Clear,4.0,19.0,406.0,156.0,25.0,610.0
2016-06-03,73,Clear,3.0,19.0,426.0,192.0,21.0,661.0
2016-06-04,68,Fog,6.0,11.0,348.0,189.0,7.0,561.0
2016-06-05,65,Clear,4.0,12.0,322.0,165.0,9.0,512.0
2016-06-06,66,Clear,7.0,22.0,394.0,169.0,18.0,610.0
2016-06-07,68,Clear,6.0,22.0,354.0,169.0,19.0,570.0
2016-06-08,69,Clear,2.0,24.0,404.0,173.0,19.0,622.0
2016-06-09,67,Clear,1.0,22.0,432.0,155.0,19.0,629.0
2016-06-10,70,Clear,4.0,22.0,422.0,177.0,25.0,650.0
2016-06-11,66,Clear,3.0,12.0,376.0,179.0,8.0,578.0
2016-06-12,66,Clear,5.0,18.0,367.0,216.0,5.0,611.0
2016-06-13,66,Clear,3.0,20.0,403.0,157.0,22.0,605.0
2016-06-14,66,Clear,6.0,16.0,385.0,156.0,19.0,582.0
2016-06-15,67,Clear,4.0,19.0,425.0,159.0,28.0,635.0
2016-06-16,68,Clear,5.0,16.0,398.0,171.0,24.0,614.0
2016-06-17,72,Clear,6.0,16.0,433.0,171.0,15.0,641.0
2016-06-18,76,Clear,1.0,20.0,387.0,194.0,17.0,619.0
2016-06-19,81,Clear,11.0,15.0,327.0,228.0,4.0,585.0
2016-06-20,86,Clear,6.0,30.0,418.0,188.0,20.0,662.0
2016-06-21,78,Clear,11.0,13.0,409.0,173.0,18.0,624.0
2016-06-22,74,Clear,3.0,22.0,414.0,164.0,24.0,627.0
2016-06-23,72,Clear,4.0,23.0,418.0,169.0,24.0,638.0
2016-06-24,72,Clear,4.0,14.0,374.0,198.0,14.0,604.0
2016-06-25,73,Clear,3.0,19.0,421.0,193.0,17.0,653.0
2016-06-26,74,Clear,6.0,20.0,402.0,213.0,8.0,649.0
2016-06-27,77,Clear,2.0,17.0,423.0,221.0,16.0,679.0
2016-06-28,77,Clear,3.0,18.0,409.0,175.0,24.0,629.0
2016-06-29,76,Clear,6.0,17.0,336.0,191.0,26.0,576.0
2016-06-30,74,Clear,3.0,19.0,423.0,143.0,29.0,617.0
2016-07-01,73,Clear,10.0,23.0,550.0,216.0,31.0,830.0
2016-07-02,73,Clear,2.0,25.0,380.0,188.0,14.0,609.0
2016-07-03,70,Clear,9.0,18.0,373.0,185.0,8.0,593.0
2016-07-04,69,Clear,6.0,17.0,373.0,233.0,8.0,637.0
2016-07-05,70,Clear,1.0,19.0,412.0,197.0,19.0,648.0
2016-07-06,71,Clear,3.0,22.0,406.0,180.0,22.0,633.0
2016-07-07,72,Clear,4.0,25.0,359.0,139.0,19.0,546.0
2016-07-08,73,Clear,9.0,21.0,427.0,166.0,25.0,648.0
2016-07-09,75,Clear,1.0,19.0,329.0,163.0,25.0,537.0
2016-07-10,74,Clear,7.0,23.0,352.0,223.0,18.0,623.0
2016-07-11,74,Clear,7.0,17.0,414.0,135.0,26.0,599.0
2016-07-12,72,Clear,5.0,19.0,351.0,129.0,17.0,521.0
2016-07-13,74,Clear,7.0,21.0,408.0,136.0,18.0,590.0
2016-07-14,74,Clear,8.0,16.0,429.0,136.0,20.0,609.0
2016-07-15,73,Clear,8.0,12.0,446.0,163.0,26.0,655.0
2016-07-16,74,Clear,5.0,15.0,424.0,187.0,7.0,638.0
2016-07-17,72,Clear,4.0,11.0,352.0,180.0,8.0,555.0
2016-07-18,74,Clear,9.0,18.0,376.0,175.0,16.0,594.0
2016-07-19,73,Clear,7.0,11.0,412.0,152.0,14.0,596.0
2016-07-20,78,Clear,7.0,17.0,441.0,180.0,20.0,665.0
2016-07-21,80,Clear,3.0,11.0,404.0,162.0,17.0,597.0
2016-07-22,82,Clear,6.0,18.0,443.0,206.0,18.0,691.0
2016-07-23,84,Clear,2.0,19.0,387.0,194.0,9.0,611.0
2016-07-24,81,Clear,12.0,20.0,331.0,203.0,4.0,570.0
2016-07-25,80,Clear,7.0,21.0,381.0,176.0,22.0,607.0
2016-07-26,77,Clear,4.0,23.0,389.0,178.0,33.0,627.0
2016-07-27,79,Clear,10.0,17.0,396.0,156.0,17.0,596.0
2016-07-28,79,Clear,9.0,20.0,398.0,168.0,16.0,611.0
2016-07-29,79,Clear,7.0,19.0,403.0,192.0,22.0,643.0
2016-07-30,78,Clear,6.0,22.0,431.0,183.0,11.0,653.0
2016-07-31,79,Clear,9.0,20.0,378.0,180.0,8.0,595.0
2016-08-01,76,Clear,3.0,26.0,566.0,233.0,30.0,858.0
2016-08-02,76,Clear,6.0,19.0,408.0,162.0,18.0,613.0
2016-08-03,75,Clear,8.0,17.0,413.0,177.0,15.0,630.0
2016-08-04,75,Clear,5.0,21.0,395.0,156.0,24.0,601.0
2016-08-05,73,Clear,5.0,17.0,432.0,169.0,21.0,644.0
2016-08-06,72,Clear,6.0,7.0,396.0,171.0,12.0,592.0
2016-08-07,73,Clear,5.0,17.0,358.0,187.0,14.0,581.0
2016-08-08,74,Clear,5.0,22.0,409.0,175.0,22.0,633.0
2016-08-09,74,Clear,9.0,11.0,391.0,134.0,23.0,568.0
2016-08-10,74,Clear,8.0,16.0,398.0,137.0,27.0,586.0
2016-08-11,74,Clear,7.0,18.0,396.0,166.0,15.0,602.0
2016-08-12,72,Clear,9.0,18.0,386.0,142.0,13.0,568.0
2016-08-13,75,Clear,1.0,27.0,413.0,179.0,6.0,626.0
2016-08-14,77,Clear,4.0,18.0,351.0,186.0,3.0,562.0
2016-08-15,78,Clear,9.0,17.0,421.0,199.0,28.0,674.0
2016-08-16,75,Clear,6.0,16.0,372.0,170.0,17.0,581.0
2016-08-17,72,Fog,2.0,19.0,415.0,163.0,19.0,618.0
2016-08-18,72,Clear,5.0,19.0,387.0,156.0,8.0,575.0
2016-08-19,71,Clear,5.0,28.0,416.0,172.0,20.0,641.0
2016-08-20,69,Clear,2.0,24.0,447.0,207.0,18.0,698.0
2016-08-21,73,Clear,1.0,20.0,345.0,216.0,13.0,595.0
2016-08-22,74,Clear,3.0,14.0,425.0,178.0,15.0,635.0
2016-08-23,74,Clear,5.0,24.0,389.0,158.0,22.0,598.0
2016-08-24,74,Clear,4.0,20.0,409.0,184.0,13.0,630.0
2016-08-25,73,Clear,5.0,21.0,387.0,154.0,19.0,586.0
2016-08-26,71,Clear,5.0,27.0,464.0,178.0,22.0,696.0
2016-08-27,71,Clear,6.0,13.0,398.0,180.0,12.0,609.0
2016-08-28,72,Clear,3.0,12.0,340.0,218.0,14.0,587.0
2016-08-29,75,Clear,7.0,15.0,397.0,146.0,21.0,586.0
2016-08-30,78,Clear,4.0,15.0,408.0,152.0,14.0,593.0
2016-08-31,75,Clear,8.0,30.0,375.0,142.0,21.0,576.0
2016-09-01,75,Clear,12.0,39.0,524.0,244.0,38.0,857.0
2016-09-02,73,Clear,7.0,12.0,454.0,170.0,23.0,666.0
2016-09-03,72,Clear,5.0,21.0,373.0,183.0,18.0,600.0
2016-09-04,71,Clear,7.0,16.0,365.0,157.0,9.0,554.0
2016-09-05,70,Clear,7.0,16.0,382.0,209.0,6.0,620.0
2016-09-06,71,Clear,6.0,19.0,360.0,158.0,16.0,559.0
2016-09-07,72,Clear,1.0,21.0,371.0,107.0,21.0,521.0
2016-09-08,72,Clear,1.0,25.0,413.0,145.0,19.0,603.0
2016-09-09,71,Clear,7.0,13.0,373.0,158.0,27.0,578.0
2016-09-10,72,Clear,6.0,19.0,391.0,180.0,14.0,610.0
2016-09-11,71,Clear,3.0,12.0,343.0,174.0,7.0,539.0
2016-09-12,68,Clear,4.0,15.0,387.0,149.0,15.0,570.0
2016-09-13,65,Clear,5.0,17.0,371.0,154.0,15.0,562.0
2016-09-14,66,Clear,5.0,15.0,411.0,144.0,21.0,596.0
2016-09-15,71,Clear,4.0,25.0,411.0,140.0,14.0,594.0
2016-09-16,69,Clear,7.0,25.0,422.0,192.0,12.0,658.0
2016-09-17,70,Clear,9.0,17.0,380.0,210.0,11.0,627.0
2016-09-18,76,Clear,7.0,13.0,357.0,193.0,10.0,580.0
2016-09-19,75,Rain,2.0,20.0,398.0,194.0,22.0,636.0
2016-09-20,80,Clear,3.0,22.0,371.0,196.0,15.0,607.0
2016-09-21,76,Clear,3.0,21.0,425.0,177.0,18.0,644.0
2016-09-22,73,Clear,2.0,21.0,405.0,158.0,27.0,613.0
2016-09-23,71,Clear,12.0,18.0,428.0,165.0,22.0,645.0
2016-09-24,75,Clear,4.0,23.0,382.0,201.0,8.0,618.0
2016-09-25,80,Clear,5.0,13.0,382.0,188.0,8.0,596.0
2016-09-26,87,Clear,6.0,23.0,355.0,180.0,18.0,582.0
2016-09-27,84,Clear,3.0,21.0,366.0,155.0,20.0,565.0
2016-09-28,81,Clear,6.0,22.0,406.0,162.0,18.0,614.0
2016-09-29,81,Clear,3.0,22.0,383.0,149.0,19.0,576.0
2016-09-30,78,Clear,3.0,21.0,393.0,186.0,24.0,627.0
2016-10-01,75,Clear,5.0,29.0,530.0,227.0,28.0,819.0
2016-10-02,70,Clear,5.0,15.0,362.0,225.0,8.0,615.0
2016-10-03,68,Clear,8.0,20.0,407.0,167.0,24.0,626.0
2016-10-04,71,Clear,4.0,15.0,378.0,138.0,15.0,550.0
2016-10-05,68,Clear,4.0,21.0,385.0,160.0,18.0,588.0
2016-10-06,69,Clear,6.0,16.0,373.0,137.0,17.0,549.0
2016-10-07,76,Clear,4.0,13.0,461.0,163.0,10.0,651.0
2016-10-08,76,Clear,4.0,14.0,386.0,189.0,12.0,605.0
2016-10-09,76,Clear,6.0,23.0,334.0,205.0,5.0,573.0
2016-10-10,73,Clear,8.0,26.0,413.0,195.0,17.0,659.0
2016-10-11,65,Clear,8.0,13.0,438.0,151.0,25.0,635.0
2016-10-12,65,Clear,5.0,14.0,405.0,143.0,12.0,579.0
2016-10-13,66,Clear,6.0,20.0,394.0,156.0,16.0,592.0
2016-10-14,67,Clear,4.0,20.0,429.0,166.0,20.0,639.0
2016-10-15,70,Clear,6.0,25.0,455.0,184.0,17.0,687.0
2016-10-16,70,Clear,8.0,16.0,334.0,206.0,8.0,572.0
2016-10-17,67,Rain,4.0,17.0,411.0,161.0,26.0,619.0
2016-10-18,68,Clear,2.0,22.0,425.0,168.0,16.0,633.0
2016-10-19,74,Clear,7.0,24.0,389.0,148.0,22.0,590.0
2016-10-20,78,Clear,7.0,18.0,429.0,161.0,11.0,626.0
2016-10-21,78,Clear,7.0,18.0,415.0,162.0,9.0,611.0
2016-10-22,73,Clear,12.0,16.0,382.0,178.0,11.0,599.0
2016-10-23,71,"Fog , Rain",3.0,21.0,403.0,210.0,4.0,641.0
2016-10-24,69,Rain,5.0,19.0,422.0,164.0,30.0,640.0
2016-10-25,67,Clear,7.0,13.0,429.0,159.0,12.0,620.0
2016-10-26,68,Clear,3.0,23.0,418.0,146.0,19.0,609.0
2016-10-27,70,Clear,8.0,19.0,416.0,150.0,13.0,606.0
2016-10-28,70,Rain,6.0,24.0,461.0,166.0,26.0,683.0
2016-10-29,70,Clear,5.0,17.0,439.0,156.0,11.0,628.0
2016-10-30,65,Rain,4.0,7.0,387.0,203.0,10.0,611.0
2016-10-31,63,Clear,6.0,15.0,475.0,195.0,14.0,705.0
2016-11-01,64,Clear,4.0,41.0,558.0,220.0,33.0,856.0
2016-11-02,66,Clear,5.0,24.0,366.0,154.0,24.0,573.0
2016-11-03,73,Clear,5.0,17.0,405.0,148.0,17.0,592.0
2016-11-04,71,Clear,9.0,25.0,382.0,153.0,23.0,592.0
2016-11-05,69,Clear,8.0,12.0,385.0,172.0,13.0,590.0
2016-11-06,66,Fog,11.0,21.0,381.0,182.0,9.0,604.0
2016-11-07,68,Clear,1.0,14.0,406.0,150.0,12.0,583.0
2016-11-08,74,Clear,3.0,25.0,346.0,151.0,14.0,539.0
2016-11-09,79,Clear,5.0,17.0,393.0,183.0,17.0,615.0
2016-11-10,77,Clear,6.0,16.0,426.0,168.0,17.0,633.0
2016-11-11,74,Clear,8.0,19.0,386.0,176.0,11.0,600.0
2016-11-12,72,Clear,4.0,12.0,368.0,191.0,4.0,579.0
2016-11-13,74,Clear,6.0,17.0,377.0,178.0,7.0,585.0
2016-11-14,75,Clear,3.0,11.0,402.0,156.0,21.0,593.0
2016-11-15,67,Clear,8.0,18.0,378.0,140.0,25.0,569.0
2016-11-16,63,Clear,7.0,18.0,379.0,136.0,18.0,558.0
2016-11-17,62,Clear,5.0,14.0,393.0,128.0,13.0,553.0
2016-11-18,66,Clear,7.0,11.0,441.0,164.0,17.0,640.0
2016-11-19,62,Clear,12.0,9.0,371.0,175.0,15.0,582.0
2016-11-20,60,Rain,8.0,5.0,387.0,159.0,3.0,562.0
2016-11-21,62,Rain,4.0,12.0,407.0,127.0,17.0,567.0
2016-11-22,61,Clear,5.0,12.0,397.0,155.0,16.0,585.0
2016-11-23,61,Clear,4.0,20.0,460.0,132.0,13.0,629.0
2016-11-24,65,Clear,2.0,25.0,353.0,159.0,10.0,549.0
2016-11-25,63,Clear,2.0,14.0,379.0,135.0,25.0,555.0
2016-11-26,54,Rain,2.0,11.0,380.0,151.0,23.0,567.0
2016-11-27,58,Rain,5.0,13.0,359.0,161.0,12.0,550.0
2016-11-28,56,Clear,3.0,19.0,404.0,154.0,22.0,602.0
2016-11-29,58,Clear,3.0,14.0,351.0,127.0,15.0,510.0
2016-11-30,57,Clear,3.0,19.0,393.0,145.0,9.0,569.0
2016-12-01,58,Clear,7.0,24.0,514.0,193.0,24.0,762.0
2016-12-02,57,Clear,2.0,17.0,421.0,169.0,13.0,622.0
2016-12-03,56,Clear,5.0,18.0,360.0,176.0,15.0,574.0
2016-12-04,58,Clear,1.0,16.0,384.0,163.0,7.0,571.0
2016-12-05,57,Clear,2.0,13.0,415.0,187.0,30.0,647.0
2016-12-06,59,Clear,6.0,11.0,445.0,140.0,18.0,620.0
2016-12-07,58,Clear,3.0,16.0,366.0,146.0,15.0,546.0
2016-12-08,58,Clear,3.0,19.0,409.0,148.0,17.0,596.0
2016-12-09,58,Clear,11.0,14.0,450.0,165.0,20.0,660.0
2016-12-10,60,Clear,2.0,16.0,412.0,203.0,13.0,646.0
2016-12-11,62,Clear,9.0,12.0,374.0,174.0,8.0,577.0
2016-12-12,62,Clear,1.0,14.0,417.0,168.0,26.0,626.0
2016-12-13,61,Clear,3.0,10.0,371.0,171.0,16.0,571.0
2016-12-14,61,Clear,9.0,14.0,436.0,164.0,19.0,642.0
2016-12-15,60,Rain,9.0,14.0,494.0,147.0,22.0,686.0
2016-12-16,57,Rain,4.0,22.0,478.0,148.0,23.0,675.0
2016-12-17,55,Clear,9.0,14.0,418.0,154.0,13.0,608.0
2016-12-18,55,Clear,8.0,20.0,378.0,185.0,13.0,604.0
2016-12-19,56,Clear,3.0,15.0,423.0,147.0,33.0,621.0
2016-12-20,64,Clear,7.0,19.0,459.0,161.0,16.0,662.0
2016-12-21,62,Rain,3.0,10.0,420.0,129.0,9.0,571.0
2016-12-22,61,Rain,10.0,17.0,439.0,139.0,19.0,624.0
2016-12-23,58,Rain,4.0,11.0,498.0,148.0,12.0,673.0
2016-12-24,54,Rain,2.0,15.0,407.0,141.0,14.0,579.0
2016-12-25,51,Clear,5.0,16.0,296.0,158.0,5.0,480.0
2016-12-26,55,Clear,9.0,14.0,334.0,161.0,14.0,532.0
2016-12-27,60,Clear,3.0,17.0,377.0,130.0,14.0,541.0
2016-12-28,67,Clear,6.0,12.0,401.0,137.0,14.0,570.0
2016-12-29,69,Clear,8.0,10.0,406.0,135.0,19.0,578.0
2016-12-30,61,Rain,5.0,11.0,437.0,152.0,20.0,625.0
2016-12-31,53,Rain,5.0,16.0,387.0,165.0,4.0,577.0
2017-01-01,52,Clear,8.0,33.0,610.0,324.0,24.0,999.0
2017-01-02,54,Clear,1.0,18.0,361.0,127.0,13.0,520.0
2017-01-03,54,Clear,3.0,13.0,413.0,134.0,21.0,584.0
2017-01-04,54,Rain,4.0,14.0,383.0,118.0,17.0,536.0
2017-01-05,60,Rain,3.0,17.0,424.0,131.0,21.0,596.0
2017-01-06,58,Clear,5.0,18.0,461.0,164.0,15.0,663.0
2017-01-07,61,Rain,7.0,13.0,377.0,182.0,8.0,587.0
2017-01-08,66,Clear,1.0,20.0,362.0,176.0,12.0,571.0
2017-01-09,60,Rain,3.0,18.0,412.0,144.0,19.0,596.0
2017-01-10,56,Rain,7.0,9.0,448.0,125.0,19.0,608.0
2017-01-11,61,Rain,2.0,17.0,416.0,162.0,10.0,607.0
2017-01-12,56,Rain,7.0,15.0,413.0,129.0,17.0,581.0
2017-01-13,56,Clear,3.0,14.0,436.0,128.0,19.0,600.0
2017-01-14,60,Clear,3.0,16.0,434.0,168.0,10.0,631.0
2017-01-15,60,Clear,9.0,21.0,412.0,178.0,9.0,629.0
2017-01-16,59,Clear,5.0,18.0,443.0,145.0,14.0,625.0
2017-01-17,57,Clear,7.0,6.0,422.0,174.0,24.0,633.0
2017-01-18,55,Rain,3.0,18.0,400.0,149.0,16.0,586.0
2017-01-19,58,Rain,5.0,15.0,419.0,134.0,17.0,590.0
2017-01-20,55,Rain,2.0,14.0,463.0,127.0,17.0,623.0
2017-01-21,55,Clear,,15.0,415.0,168.0,5.0,
2017-01-22,54,"Fog , Rain",7.0,25.0,356.0,167.0,6.0,561.0
2017-01-23,51,Rain,4.0,24.0,381.0,146.0,14.0,569.0
2017-01-24,50,Clear,5.0,24.0,379.0,152.0,22.0,582.0
2017-01-25,51,Clear,5.0,18.0,416.0,146.0,25.0,610.0
2017-01-26,54,Clear,5.0,15.0,406.0,134.0,19.0,579.0
2017-01-27,54,Clear,9.0,13.0,436.0,135.0,22.0,615.0
2017-01-28,58,Clear,4.0,18.0,410.0,201.0,8.0,641.0
2017-01-29,64,Clear,10.0,15.0,398.0,170.0,10.0,603.0
2017-01-30,67,Clear,3.0,22.0,452.0,162.0,19.0,658.0
2017-01-31,64,Clear,3.0,24.0,421.0,159.0,17.0,624.0
2017-02-01,60,Clear,4.0,33.0,536.0,192.0,29.0,794.0
2017-02-02,61,Clear,2.0,26.0,378.0,145.0,17.0,568.0
2017-02-03,58,Rain,1.0,17.0,390.0,153.0,15.0,576.0
2017-02-04,61,Clear,11.0,13.0,413.0,174.0,9.0,620.0
2017-02-05,58,Clear,8.0,17.0,390.0,181.0,10.0,606.0
2017-02-06,58,Rain,1.0,18.0,377.0,161.0,23.0,580.0
2017-02-07,62,Rain,3.0,22.0,427.0,148.0,22.0,622.0
2017-02-08,66,"Fog , Rain",7.0,38.0,346.0,149.0,16.0,556.0
2017-02-09,67,Fog,6.0,10.0,379.0,152.0,18.0,565.0
2017-02-10,62,Rain,4.0,16.0,479.0,164.0,21.0,684.0
2017-02-11,60,Rain,6.0,13.0,406.0,186.0,11.0,622.0
2017-02-12,63,Clear,5.0,12.0,376.0,200.0,4.0,597.0
2017-02-13,65,Clear,4.0,19.0,362.0,166.0,14.0,565.0
2017-02-14,65,Clear,3.0,12.0,383.0,164.0,17.0,579.0
2017-02-15,67,Clear,7.0,18.0,443.0,154.0,19.0,641.0
2017-02-16,60,Fog,,21.0,396.0,142.0,17.0,
2017-02-17,57,Rain,5.0,18.0,438.0,131.0,19.0,611.0
2017-02-18,58,Rain,1.0,19.0,430.0,182.0,14.0,646.0
2017-02-19,59,Rain,5.0,16.0,373.0,187.0,12.0,593.0
2017-02-20,59,Rain,5.0,20.0,378.0,151.0,12.0,566.0
2017-02-21,63,Rain,8.0,20.0,442.0,159.0,13.0,642.0
2017-02-22,59,Clear,8.0,20.0,403.0,149.0,12.0,592.0
2017-02-23,56,Clear,12.0,19.0,349.0,131.0,22.0,533.0
2017-02-24,54,Clear,7.0,11.0,413.0,167.0,21.0,619.0
2017-02-25,55,Clear,1.0,21.0,384.0,158.0,15.0,579.0
2017-02-26,54,Rain,5.0,15.0,340.0,165.0,11.0,536.0
2017-02-27,57,Clear,4.0,16.0,424.0,151.0,15.0,610.0
2017-02-28,57,Clear,4.0,16.0,389.0,142.0,14.0,565.0
2017-03-01,61,Clear,7.0,34.0,500.0,220.0,35.0,796.0
2017-03-02,64,Clear,6.0,22.0,400.0,138.0,27.0,593.0
2017-03-03,69,Clear,6.0,20.0,431.0,175.0,15.0,647.0
2017-03-04,62,Clear,5.0,14.0,402.0,166.0,14.0,601.0
2017-03-05,56,Rain,3.0,21.0,354.0,173.0,9.0,560.0
2017-03-06,57,Clear,8.0,18.0,391.0,131.0,13.0,561.0
2017-03-07,63,Clear,5.0,17.0,374.0,167.0,12.0,575.0
2017-03-08,70,Clear,6.0,19.0,374.0,152.0,22.0,573.0
2017-03-09,72,Clear,7.0,20.0,386.0,171.0,13.0,597.0
2017-03-10,69,Clear,8.0,17.0,439.0,183.0,20.0,667.0
2017-03-11,69,Clear,3.0,18.0,367.0,195.0,7.0,590.0
2017-03-12,69,Fog,8.0,9.0,289.0,195.0,9.0,510.0
2017-03-13,70,Fog,5.0,19.0,410.0,173.0,20.0,627.0
2017-03-14,69,Fog,5.0,22.0,390.0,198.0,11.0,626.0
2017-03-15,71,Clear,4.0,19.0,412.0,189.0,20.0,644.0
2017-03-16,69,Clear,8.0,21.0,400.0,175.0,10.0,614.0
2017-03-17,66,Clear,9.0,22.0,451.0,178.0,20.0,680.0
2017-03-18,66,Clear,3.0,19.0,412.0,222.0,12.0,668.0
2017-03-19,67,Clear,2.0,12.0,350.0,176.0,4.0,544.0
2017-03-20,65,Clear,4.0,18.0,371.0,162.0,24.0,579.0
2017-03-21,62,Rain,5.0,23.0,387.0,147.0,14.0,576.0
2017-03-22,62,Rain,6.0,16.0,393.0,152.0,16.0,583.0
2017-03-23,62,Clear,7.0,17.0,404.0,190.0,21.0,639.0
2017-03-24,63,Clear,4.0,16.0,430.0,156.0,19.0,625.0
2017-03-25,62,Clear,10.0,14.0,434.0,192.0,18.0,668.0
2017-03-26,64,Clear,1.0,20.0,361.0,190.0,6.0,578.0
2017-03-27,65,Clear,9.0,18.0,433.0,157.0,15.0,632.0
2017-03-28,68,Clear,1.0,18.0,397.0,149.0,17.0,582.0
2017-03-29,70,Clear,6.0,18.0,440.0,175.0,17.0,656.0
2017-03-30,67,Clear,5.0,22.0,402.0,147.0,17.0,593.0
2017-03-31,67,Clear,1.0,15.0,446.0,183.0,23.0,668.0
2017-04-01,64,Clear,6.0,33.0,479.0,207.0,24.0,749.0
2017-04-02,68,Clear,5.0,18.0,367.0,182.0,11.0,583.0
2017-04-03,63,Clear,7.0,15.0,408.0,160.0,22.0,612.0
2017-04-04,67,Clear,5.0,22.0,398.0,177.0,23.0,625.0
2017-04-05,72,Clear,7.0,12.0,363.0,197.0,18.0,597.0
2017-04-06,68,Clear,2.0,16.0,398.0,164.0,18.0,598.0
2017-04-07,65,Clear,3.0,21.0,419.0,155.0,18.0,616.0
2017-04-08,63,Rain,2.0,22.0,387.0,160.0,10.0,581.0
2017-04-09,62,Clear,4.0,11.0,353.0,186.0,11.0,565.0
2017-04-10,67,Clear,3.0,18.0,421.0,167.0,22.0,631.0
2017-04-11,66,Clear,3.0,20.0,353.0,137.0,12.0,525.0
2017-04-12,66,Clear,6.0,22.0,348.0,152.0,20.0,548.0
2017-04-13,64,Clear,7.0,14.0,396.0,156.0,22.0,595.0
2017-04-14,62,Clear,6.0,12.0,405.0,129.0,16.0,568.0
2017-04-15,65,Clear,6.0,13.0,377.0,190.0,16.0,602.0
2017-04-16,66,Clear,4.0,17.0,369.0,183.0,10.0,583.0
2017-04-17,66,Clear,9.0,33.0,396.0,185.0,21.0,644.0
2017-04-18,69,Clear,5.0,26.0,411.0,173.0,18.0,633.0
2017-04-19,69,Clear,4.0,14.0,379.0,179.0,19.0,595.0
2017-04-20,69,Clear,6.0,22.0,390.0,146.0,13.0,577.0
2017-04-21,75,Clear,6.0,13.0,445.0,164.0,27.0,655.0
2017-04-22,77,Clear,7.0,16.0,439.0,214.0,4.0,680.0
2017-04-23,71,Clear,3.0,15.0,344.0,194.0,7.0,563.0
2017-04-24,66,Clear,8.0,23.0,419.0,170.0,23.0,643.0
2017-04-25,69,Clear,6.0,26.0,397.0,166.0,22.0,617.0
2017-04-26,70,Clear,7.0,22.0,401.0,163.0,9.0,602.0
2017-04-27,73,Clear,2.0,21.0,425.0,160.0,22.0,630.0
2017-04-28,77,Clear,5.0,14.0,449.0,176.0,24.0,668.0
2017-04-29,73,Clear,12.0,20.0,404.0,205.0,11.0,652.0
2017-04-30,73,Clear,6.0,15.0,391.0,234.0,9.0,655.0
2017-05-01,73,Clear,3.0,28.0,531.0,235.0,26.0,823.0
2017-05-02,75,Clear,4.0,14.0,366.0,158.0,29.0,571.0
2017-05-03,73,Clear,8.0,15.0,416.0,188.0,18.0,645.0
2017-05-04,71,Clear,4.0,19.0,371.0,173.0,9.0,576.0
2017-05-05,66,Clear,8.0,20.0,475.0,204.0,18.0,725.0
2017-05-06,59,Clear,3.0,13.0,408.0,170.0,10.0,604.0
2017-05-07,59,Rain,3.0,17.0,350.0,140.0,2.0,512.0
2017-05-08,61,Clear,6.0,15.0,410.0,154.0,23.0,608.0
2017-05-09,64,Clear,9.0,14.0,402.0,129.0,15.0,569.0
2017-05-10,65,Clear,1.0,21.0,410.0,149.0,18.0,599.0
2017-05-11,65,Clear,4.0,24.0,402.0,172.0,12.0,614.0
2017-05-12,67,Clear,3.0,20.0,410.0,186.0,24.0,643.0
2017-05-13,66,Clear,3.0,17.0,381.0,171.0,13.0,585.0
2017-05-14,65,Clear,1.0,21.0,336.0,166.0,4.0,528.0
2017-05-15,62,Clear,3.0,39.0,407.0,138.0,28.0,615.0
2017-05-16,63,Clear,7.0,25.0,374.0,157.0,17.0,580.0
2017-05-17,64,Clear,5.0,25.0,361.0,179.0,12.0,582.0
2017-05-18,66,Clear,3.0,15.0,385.0,178.0,16.0,597.0
2017-05-19,74,Clear,4.0,24.0,438.0,186.0,21.0,673.0
2017-05-20,79,Clear,4.0,17.0,419.0,207.0,11.0,658.0
2017-05-21,75,Clear,2.0,20.0,344.0,206.0,11.0,583.0
2017-05-22,71,Clear,4.0,18.0,407.0,178.0,14.0,621.0
2017-05-23,71,Clear,2.0,27.0,376.0,177.0,14.0,596.0
2017-05-24,68,Clear,9.0,16.0,399.0,197.0,17.0,638.0
2017-05-25,65,Clear,7.0,18.0,358.0,187.0,17.0,587.0
2017-05-26,67,Clear,1.0,25.0,524.0,241.0,14.0,805.0
2017-05-27,65,Clear,3.0,18.0,403.0,197.0,15.0,636.0
2017-05-28,69,Clear,3.0,25.0,330.0,192.0,11.0,561.0
2017-05-29,63,Clear,6.0,18.0,341.0,204.0,8.0,577.0
2017-05-30,67,Clear,7.0,19.0,392.0,157.0,25.0,600.0
2017-05-31,66,Clear,6.0,22.0,389.0,179.0,22.0,618.0
2017-06-01,68,Clear,9.0,25.0,505.0,234.0,37.0,810.0
2017-06-02,70,Clear,9.0,27.0,395.0,189.0,26.0,646.0
2017-06-03,72,Clear,1.0,25.0,368.0,211.0,18.0,623.0
2017-06-04,69,Clear,6.0,9.0,344.0,206.0,14.0,579.0
2017-06-05,70,Clear,2.0,20.0,420.0,164.0,25.0,631.0
2017-06-06,69,Clear,4.0,29.0,404.0,181.0,16.0,634.0
2017-06-07,68,Clear,9.0,22.0,401.0,172.0,22.0,626.0
2017-06-08,66,Rain,4.0,22.0,383.0,151.0,19.0,579.0
2017-06-09,69,Clear,7.0,15.0,429.0,159.0,21.0,631.0
2017-06-10,69,Clear,6.0,18.0,383.0,192.0,11.0,610.0
2017-06-11,67,Clear,7.0,20.0,349.0,179.0,15.0,570.0
2017-06-12,67,Clear,4.0,24.0,373.0,173.0,16.0,590.0
2017-06-13,71,Clear,3.0,21.0,337.0,163.0,20.0,544.0
2017-06-14,74,Clear,2.0,24.0,393.0,194.0,18.0,631.0
2017-06-15,75,Clear,8.0,23.0,399.0,201.0,24.0,655.0
2017-06-16,76,Clear,13.0,22.0,395.0,169.0,17.0,616.0
2017-06-17,75,Clear,3.0,19.0,392.0,190.0,11.0,615.0
2017-06-18,74,Clear,10.0,24.0,340.0,238.0,8.0,620.0
2017-06-19,74,Clear,3.0,16.0,359.0,159.0,22.0,559.0
2017-06-20,74,Clear,7.0,20.0,405.0,192.0,22.0,646.0
2017-06-21,73,Clear,5.0,24.0,355.0,167.0,22.0,573.0
2017-06-22,73,Clear,7.0,14.0,387.0,190.0,16.0,614.0
2017-06-23,71,Clear,5.0,25.0,442.0,195.0,21.0,688.0
2017-06-24,70,Clear,4.0,8.0,419.0,211.0,11.0,653.0
2017-06-25,76,Clear,2.0,15.0,378.0,231.0,11.0,637.0
2017-06-26,81,Clear,4.0,28.0,406.0,171.0,20.0,629.0
2017-06-27,77,Clear,7.0,10.0,394.0,178.0,18.0,607.0
2017-06-28,72,Clear,10.0,24.0,361.0,169.0,24.0,588.0
2017-06-29,71,Clear,3.0,14.0,366.0,200.0,11.0,594.0
2017-06-30,70,Clear,4.0,20.0,478.0,173.0,20.0,695.0
2017-07-01,69,Clear,8.0,20.0,460.0,245.0,23.0,756.0
2017-07-02,73,Clear,6.0,11.0,390.0,178.0,10.0,595.0
2017-07-03,74,Clear,4.0,26.0,400.0,186.0,21.0,637.0
2017-07-04,73,Clear,4.0,25.0,380.0,246.0,10.0,665.0
2017-07-05,75,Clear,6.0,16.0,386.0,179.0,20.0,607.0
2017-07-06,77,Clear,13.0,17.0,360.0,176.0,20.0,586.0
2017-07-07,82,Clear,6.0,13.0,425.0,197.0,23.0,664.0
2017-07-08,85,Clear,2.0,21.0,374.0,208.0,14.0,619.0
2017-07-09,84,Clear,6.0,16.0,326.0,232.0,15.0,595.0
2017-07-10,81,Clear,3.0,21.0,378.0,191.0,21.0,614.0
2017-07-11,77,Clear,3.0,17.0,386.0,177.0,28.0,611.0
2017-07-12,75,Clear,4.0,25.0,373.0,176.0,24.0,602.0
2017-07-13,75,Clear,7.0,30.0,419.0,177.0,22.0,655.0
2017-07-14,74,Clear,,23.0,425.0,197.0,21.0,
2017-07-15,78,Clear,6.0,18.0,440.0,207.0,13.0,684.0
2017-07-16,79,Clear,5.0,20.0,380.0,229.0,11.0,645.0
2017-07-17,78,Clear,7.0,21.0,384.0,190.0,15.0,617.0
2017-07-18,76,Clear,7.0,18.0,417.0,197.0,19.0,658.0
2017-07-19,77,Clear,7.0,24.0,412.0,203.0,11.0,657.0
2017-07-20,79,Clear,10.0,21.0,437.0,184.0,8.0,660.0
2017-07-21,76,Clear,8.0,25.0,450.0,215.0,20.0,718.0
2017-07-22,77,Clear,5.0,16.0,439.0,193.0,20.0,673.0
2017-07-23,77,Clear,8.0,24.0,438.0,211.0,9.0,690.0
2017-07-24,77,Clear,2.0,22.0,398.0,178.0,17.0,617.0
2017-07-25,75,Clear,5.0,19.0,426.0,148.0,17.0,615.0
2017-07-26,75,Clear,9.0,18.0,397.0,178.0,16.0,618.0
2017-07-27,75,Clear,7.0,13.0,428.0,183.0,14.0,645.0
2017-07-28,75,Clear,7.0,16.0,414.0,185.0,21.0,643.0
2017-07-29,77,Clear,2.0,19.0,416.0,177.0,15.0,629.0
2017-07-30,75,Clear,5.0,16.0,348.0,234.0,17.0,620.0
2017-07-31,74,Clear,4.0,14.0,427.0,187.0,22.0,654.0
2017-08-01,80,Clear,4.0,29.0,498.0,199.0,26.0,756.0
2017-08-02,84,Clear,10.0,18.0,420.0,174.0,16.0,638.0
2017-08-03,83,Clear,8.0,19.0,391.0,197.0,25.0,640.0
2017-08-04,79,Clear,5.0,14.0,422.0,173.0,7.0,621.0
2017-08-05,79,Clear,10.0,24.0,394.0,224.0,8.0,660.0
2017-08-06,76,Clear,4.0,24.0,357.0,203.0,7.0,595.0
2017-08-07,75,Clear,7.0,16.0,415.0,181.0,15.0,634.0
2017-08-08,78,Clear,2.0,20.0,363.0,166.0,9.0,560.0
2017-08-09,75,Clear,6.0,15.0,380.0,159.0,12.0,572.0
2017-08-10,76,Clear,9.0,29.0,387.0,173.0,21.0,619.0
2017-08-11,75,Clear,8.0,14.0,413.0,162.0,16.0,613.0
2017-08-12,75,Clear,6.0,16.0,410.0,200.0,3.0,635.0
2017-08-13,75,Clear,7.0,18.0,371.0,199.0,8.0,603.0
2017-08-14,74,Clear,7.0,13.0,407.0,175.0,20.0,622.0
2017-08-15,72,Clear,9.0,18.0,410.0,175.0,23.0,635.0
2017-08-16,74,Clear,4.0,10.0,404.0,169.0,15.0,602.0
2017-08-17,73,Clear,4.0,22.0,401.0,168.0,23.0,618.0
2017-08-18,73,Clear,3.0,14.0,434.0,183.0,16.0,650.0
2017-08-19,75,Clear,4.0,14.0,423.0,173.0,10.0,624.0
2017-08-20,75,Clear,9.0,15.0,351.0,221.0,8.0,604.0
2017-08-21,75,Clear,4.0,23.0,409.0,173.0,18.0,627.0
2017-08-22,74,Clear,7.0,17.0,396.0,179.0,12.0,611.0
2017-08-23,73,Clear,8.0,19.0,399.0,168.0,16.0,610.0
2017-08-24,74,Clear,8.0,14.0,392.0,170.0,15.0,599.0
2017-08-25,75,Clear,6.0,26.0,443.0,167.0,23.0,665.0
2017-08-26,78,Clear,1.0,22.0,416.0,229.0,4.0,672.0
2017-08-27,75,Clear,7.0,17.0,372.0,227.0,9.0,632.0
2017-08-28,78,Clear,4.0,29.0,414.0,187.0,18.0,652.0
2017-08-29,83,Clear,8.0,19.0,379.0,183.0,18.0,607.0
2017-08-30,82,Clear,9.0,21.0,393.0,154.0,25.0,602.0
2017-08-31,88,Clear,10.0,26.0,454.0,205.0,16.0,711.0
2017-09-01,89,Clear,4.0,42.0,536.0,290.0,24.0,896.0
2017-09-02,89,Clear,3.0,20.0,387.0,220.0,13.0,643.0
2017-09-03,88,Clear,6.0,18.0,345.0,258.0,8.0,635.0
2017-09-04,79,Rain,5.0,21.0,355.0,193.0,17.0,591.0
2017-09-05,77,Clear,3.0,21.0,400.0,187.0,19.0,630.0
2017-09-06,77,Clear,8.0,32.0,389.0,173.0,14.0,616.0
2017-09-07,77,Clear,8.0,16.0,364.0,158.0,10.0,556.0
2017-09-08,76,Clear,9.0,18.0,448.0,183.0,15.0,673.0
2017-09-09,75,Clear,5.0,17.0,412.0,205.0,10.0,649.0
2017-09-10,79,Clear,7.0,21.0,345.0,233.0,7.0,613.0
2017-09-11,82,Clear,6.0,21.0,412.0,194.0,16.0,649.0
2017-09-12,73,Clear,4.0,23.0,411.0,179.0,19.0,636.0
2017-09-13,72,Clear,5.0,25.0,416.0,173.0,11.0,630.0
2017-09-14,71,Clear,3.0,22.0,429.0,163.0,16.0,633.0
2017-09-15,72,Clear,4.0,27.0,471.0,199.0,17.0,718.0
2017-09-16,73,Clear,10.0,24.0,415.0,210.0,11.0,670.0
2017-09-17,71,Clear,2.0,25.0,369.0,207.0,5.0,608.0
2017-09-18,70,Clear,4.0,21.0,413.0,169.0,20.0,627.0
2017-09-19,72,Clear,6.0,19.0,369.0,164.0,19.0,577.0
2017-09-20,72,Clear,4.0,23.0,395.0,175.0,10.0,607.0
2017-09-21,69,Rain,7.0,20.0,407.0,181.0,16.0,631.0
2017-09-22,69,Clear,7.0,19.0,472.0,172.0,17.0,687.0
2017-09-23,69,Clear,6.0,21.0,365.0,174.0,9.0,575.0
2017-09-24,73,Clear,6.0,13.0,402.0,220.0,6.0,647.0
2017-09-25,75,Clear,6.0,17.0,432.0,148.0,22.0,625.0
2017-09-26,75,Clear,5.0,21.0,393.0,176.0,14.0,609.0
2017-09-27,74,Clear,8.0,14.0,424.0,157.0,18.0,621.0
2017-09-28,76,Clear,7.0,19.0,402.0,178.0,13.0,619.0
2017-09-29,77,Clear,6.0,28.0,441.0,184.0,15.0,674.0
2017-09-30,73,Clear,4.0,14.0,421.0,175.0,15.0,629.0
2017-10-01,72,Clear,5.0,36.0,453.0,231.0,18.0,743.0
2017-10-02,72,Clear,5.0,20.0,388.0,178.0,18.0,609.0
2017-10-03,71,Clear,10.0,26.0,375.0,154.0,18.0,583.0
2017-10-04,69,Clear,9.0,19.0,388.0,143.0,10.0,569.0
2017-10-05,72,Clear,8.0,12.0,430.0,147.0,16.0,613.0
2017-10-06,76,Clear,8.0,27.0,485.0,153.0,13.0,686.0
2017-10-07,80,Clear,4.0,18.0,460.0,231.0,12.0,725.0
2017-10-08,73,Clear,4.0,18.0,369.0,198.0,5.0,594.0
2017-10-09,76,Clear,6.0,19.0,386.0,156.0,16.0,583.0
2017-10-10,74,Clear,6.0,23.0,383.0,161.0,19.0,592.0
2017-10-11,69,Clear,6.0,23.0,346.0,159.0,13.0,547.0
2017-10-12,71,Clear,5.0,17.0,380.0,166.0,21.0,589.0
2017-10-13,69,Clear,5.0,24.0,463.0,178.0,9.0,679.0
2017-10-14,73,Clear,6.0,20.0,425.0,218.0,7.0,676.0
2017-10-15,79,Clear,3.0,29.0,402.0,222.0,14.0,670.0
2017-10-16,81,Clear,4.0,28.0,391.0,197.0,14.0,634.0
2017-10-17,80,Clear,2.0,31.0,408.0,203.0,21.0,665.0
2017-10-18,77,Clear,5.0,11.0,406.0,191.0,25.0,638.0
2017-10-19,71,Clear,5.0,20.0,415.0,164.0,23.0,627.0
2017-10-20,70,Rain,8.0,27.0,509.0,216.0,19.0,779.0
2017-10-21,69,Clear,5.0,16.0,432.0,209.0,12.0,674.0
2017-10-22,78,Clear,7.0,13.0,397.0,202.0,4.0,623.0
2017-10-23,85,Clear,5.0,20.0,421.0,185.0,17.0,648.0
2017-10-24,86,Clear,13.0,18.0,393.0,202.0,14.0,640.0
2017-10-25,85,Clear,6.0,15.0,443.0,219.0,22.0,705.0
2017-10-26,80,Clear,4.0,16.0,377.0,222.0,9.0,628.0
2017-10-27,75,Clear,6.0,16.0,454.0,198.0,21.0,695.0
2017-10-28,71,Clear,5.0,23.0,436.0,202.0,8.0,674.0
2017-10-29,68,Clear,3.0,19.0,352.0,233.0,8.0,615.0
2017-10-30,67,Clear,4.0,20.0,389.0,175.0,16.0,604.0
2017-10-31,66,Rain,8.0,15.0,473.0,198.0,20.0,714.0
2017-11-01,68,Clear,5.0,29.0,467.0,225.0,24.0,750.0
2017-11-02,64,Clear,5.0,30.0,413.0,151.0,23.0,622.0
2017-11-03,65,Clear,6.0,20.0,483.0,177.0,22.0,708.0
2017-11-04,65,Clear,4.0,13.0,392.0,183.0,17.0,609.0
2017-11-05,65,Rain,5.0,18.0,380.0,191.0,4.0,598.0
2017-11-06,66,Clear,7.0,23.0,394.0,164.0,20.0,608.0
2017-11-07,68,Clear,5.0,25.0,399.0,153.0,13.0,595.0
2017-11-08,67,Clear,5.0,18.0,364.0,187.0,21.0,595.0
2017-11-09,66,Clear,3.0,29.0,359.0,173.0,13.0,577.0
2017-11-10,65,Clear,6.0,16.0,413.0,183.0,18.0,636.0
2017-11-11,64,Clear,3.0,15.0,370.0,178.0,7.0,573.0
2017-11-12,62,Clear,3.0,18.0,391.0,205.0,8.0,625.0
2017-11-13,63,Clear,3.0,26.0,431.0,175.0,21.0,656.0
2017-11-14,66,Clear,6.0,22.0,401.0,174.0,15.0,618.0
2017-11-15,68,Clear,2.0,22.0,391.0,179.0,23.0,617.0
2017-11-16,69,Clear,8.0,18.0,403.0,176.0,12.0,617.0
2017-11-17,67,Rain,3.0,16.0,430.0,186.0,13.0,648.0
2017-11-18,67,Clear,1.0,16.0,372.0,216.0,13.0,618.0
2017-11-19,66,Clear,4.0,16.0,354.0,168.0,5.0,547.0
2017-11-20,62,Clear,3.0,21.0,396.0,169.0,25.0,614.0
2017-11-21,73,Clear,6.0,19.0,409.0,174.0,12.0,620.0
2017-11-22,78,Clear,7.0,12.0,475.0,164.0,11.0,669.0
2017-11-23,78,Clear,8.0,17.0,352.0,197.0,4.0,578.0
2017-11-24,72,Clear,9.0,11.0,352.0,200.0,20.0,592.0
2017-11-25,71,Clear,5.0,20.0,390.0,179.0,7.0,601.0
2017-11-26,65,Clear,2.0,17.0,407.0,194.0,5.0,625.0
2017-11-27,61,Clear,5.0,17.0,412.0,144.0,15.0,593.0
2017-11-28,63,Clear,6.0,18.0,430.0,166.0,14.0,634.0
2017-11-29,64,Clear,6.0,23.0,421.0,167.0,10.0,627.0
2017-11-30,64,Clear,3.0,13.0,381.0,165.0,10.0,572.0
2017-12-01,63,Clear,7.0,19.0,509.0,204.0,26.0,765.0
2017-12-02,64,Clear,3.0,14.0,396.0,186.0,16.0,615.0
2017-12-03,61,Fog,4.0,19.0,371.0,174.0,11.0,579.0
2017-12-04,62,Clear,1.0,19.0,403.0,143.0,21.0,587.0
2017-12-05,58,Clear,10.0,12.0,386.0,154.0,15.0,577.0
2017-12-06,60,Clear,7.0,16.0,385.0,156.0,11.0,575.0
2017-12-07,62,Clear,5.0,17.0,371.0,155.0,12.0,560.0
2017-12-08,63,Clear,6.0,19.0,426.0,151.0,6.0,608.0
2017-12-09,67,Clear,3.0,18.0,391.0,200.0,9.0,621.0
2017-12-10,66,Clear,6.0,19.0,396.0,198.0,8.0,627.0
2017-12-11,67,Clear,10.0,25.0,384.0,173.0,11.0,603.0
2017-12-12,68,Clear,5.0,24.0,410.0,156.0,16.0,611.0
2017-12-13,65,Clear,8.0,16.0,421.0,143.0,13.0,601.0
2017-12-14,62,Clear,6.0,18.0,421.0,153.0,8.0,606.0
2017-12-15,66,Clear,6.0,22.0,456.0,213.0,29.0,726.0
2017-12-16,60,Clear,7.0,17.0,373.0,152.0,14.0,563.0
2017-12-17,60,Clear,6.0,20.0,379.0,178.0,11.0,594.0
2017-12-18,61,Clear,1.0,20.0,469.0,154.0,17.0,661.0
2017-12-19,58,Clear,6.0,16.0,399.0,133.0,21.0,575.0
2017-12-20,54,Rain,2.0,17.0,451.0,151.0,23.0,644.0
2017-12-21,54,Rain,1.0,9.0,413.0,151.0,14.0,588.0
2017-12-22,53,Clear,3.0,16.0,449.0,175.0,11.0,654.0
2017-12-23,57,Clear,3.0,12.0,371.0,177.0,5.0,568.0
2017-12-24,60,Clear,4.0,19.0,370.0,157.0,7.0,557.0
2017-12-25,57,Clear,8.0,10.0,302.0,178.0,3.0,501.0
2017-12-26,57,Clear,2.0,17.0,374.0,129.0,10.0,532.0
2017-12-27,61,Clear,7.0,12.0,354.0,143.0,14.0,530.0
2017-12-28,63,Clear,3.0,17.0,380.0,161.0,10.0,571.0
2017-12-29,68,Clear,6.0,16.0,420.0,168.0,11.0,621.0
2017-12-30,61,Fog,7.0,12.0,368.0,165.0,8.0,560.0
2017-12-31,59,Fog,4.0,11.0,360.0,168.0,7.0,550.0
